date,ID,Species,weight difference,run,lanai side,treatment,temperature,Initial weight,final weight, lunar phase,plant ID,RLC order
9/28/21,Hm1-1,Hm,0.0466,1,ewa,1,30 C,0.2879,0.3345,IV,1,6
9/28/21,Hm1-2,Hm,0.1107,1,ewa,2,30 C,0.2773,0.388,IV,1,6
9/28/21,Hm1-3,Hm,0.0968,1,ewa,3,30 C,0.2848,0.3816,IV,1,6
9/28/21,Hm1-4,Hm,0.08,1,ewa,4,30 C,0.2477,0.3277,IV,1,6
9/28/21,Ul1-1,Ul,-0.0287,1,ewa,1,30 C,0.2705,0.2418,IV,1,6
9/28/21,Ul1-2,Ul,-0.0745,1,ewa,2,30 C,0.2595,0.185,IV,1,6
9/28/21,Ul1-3,Ul,-0.139,1,ewa,3,30 C,0.2673,0.1283,IV,1,6
9/28/21,Ul1-4,Ul,-0.0679,1,ewa,4,30 C,0.2861,0.2182,IV,1,6
9/28/21,Hm2-1,Hm,0.1043,1,ewa,1,30 C,0.2849,0.3892,IV,2,5
9/28/21,Hm2-2,Hm,0.0766,1,ewa,2,30 C,0.307,0.3836,IV,2,5
9/28/21,Hm2-3,Hm,0.059,1,ewa,3,30 C,0.2631,0.3221,IV,2,5
9/28/21,Hm2-4,Hm,0.0739,1,ewa,4,30 C,0.2789,0.3528,IV,2,5
9/28/21,Ul2-1,Ul,0.0015,1,ewa,1,30 C,0.2386,0.2401,IV,2,5
9/28/21,Ul2-2,Ul,0.1243,1,ewa,2,30 C,0.3114,0.4357,IV,2,5
9/28/21,Ul2-3,Ul,0.1323,1,ewa,3,30 C,0.2765,0.4088,IV,2,5
9/28/21,Ul2-4,Ul,0.1933,1,ewa,4,30 C,0.2922,0.4855,IV,2,5
9/28/21,Hm3-1,Hm,0.1546,1,ewa,1,27 C,0.2632,0.4178,IV,3,2
9/28/21,Hm3-2,Hm,0.1037,1,ewa,2,27 C,0.2919,0.3956,IV,3,2
9/28/21,Hm3-3,Hm,0.0727,1,ewa,3,27 C,0.2578,0.3305,IV,3,2
9/28/21,Hm3-4,Hm,0.0779,1,ewa,4,27 C,0.2653,0.3432,IV,3,2
9/28/21,Ul3-1,Ul,0.0527,1,ewa,1,27 C,0.2965,0.3492,IV,3,2
9/28/21,Ul3-2,Ul,0.0959,1,ewa,2,27 C,0.2662,0.3621,IV,3,2
9/28/21,Ul3-3,Ul,0.1332,1,ewa,3,27 C,0.2899,0.4231,IV,3,2
9/28/21,Ul3-4,Ul,0.1632,1,ewa,4,27 C,0.2969,0.4601,IV,3,2
9/28/21,Hm4-1,Hm,0.1069,1,ewa,1,27 C,0.2712,0.3781,IV,4,1
9/28/21,Hm4-2,Hm,0.0534,1,ewa,2,27 C,0.2707,0.3241,IV,4,1
9/28/21,Hm4-3,Hm,0.1008,1,ewa,3,27 C,0.2859,0.3867,IV,4,1
9/28/21,Hm4-4,Hm,0.0695,1,ewa,4,27 C,0.2809,0.3504,IV,4,1
9/28/21,Ul4-1,Ul,0.1463,1,ewa,1,27 C,0.2304,0.3767,IV,4,1
9/28/21,Ul4-2,Ul,0.2088,1,ewa,2,27 C,0.3039,0.5127,IV,4,1
9/28/21,Ul4-3,Ul,0.2226,1,ewa,3,27 C,0.2822,0.5048,IV,4,1
9/28/21,Ul4-4,Ul,0.2568,1,ewa,4,27 C,0.2623,0.5191,IV,4,1
9/28/21,Hm5-1,Hm,0.079,1,ewa,1,20 C,0.2603,0.3393,IV,5,4
9/28/21,Hm5-2,Hm,0.0676,1,ewa,2,20 C,0.2137,0.2813,IV,5,4
9/28/21,Hm5-3,Hm,0.1058,1,ewa,3,20 C,0.2928,0.3986,IV,5,4
9/28/21,Hm5-4,Hm,0.0714,1,ewa,4,20 C,0.2987,0.3701,IV,5,4
9/28/21,Ul5-1,Ul,0.188,1,ewa,1,20 C,0.2885,0.4765,IV,5,4
9/28/21,Ul5-2,Ul,0.284,1,ewa,2,20 C,0.2737,0.5577,IV,5,4
9/28/21,Ul5-3,Ul,0.1942,1,ewa,3,20 C,0.2913,0.4855,IV,5,4
9/28/21,Ul5-4,Ul,0.2023,1,ewa,4,20 C,0.2884,0.4907,IV,5,4
9/28/21,Hm6-1,Hm,0.1454,1,ewa,1,20 C,0.2481,0.3935,IV,6,3
9/28/21,Hm6-2,Hm,0.0632,1,ewa,2,20 C,0.2721,0.3353,IV,6,3
9/28/21,Hm6-3,Hm,0.0807,1,ewa,3,20 C,0.2522,0.3329,IV,6,3
9/28/21,Hm6-4,Hm,0.0769,1,ewa,4,20 C,0.2504,0.3273,IV,6,3
9/28/21,Ul6-1,Ul,0.1203,1,ewa,1,20 C,0.2952,0.4155,IV,6,3
9/28/21,Ul6-2,Ul,0.1261,1,ewa,2,20 C,0.2809,0.407,IV,6,3
9/28/21,Ul6-3,Ul,0.1615,1,ewa,3,20 C,0.3068,0.4683,IV,6,3
9/28/21,Ul6-4,Ul,0.2723,1,ewa,4,20 C,0.3138,0.5861,IV,6,3
9/29/21,Hm1-1,Hm,0.0651,1,diamond,1,20 C,0.3016,0.3767,IV,7,6
9/29/21,Hm1-2,Hm,0.0228,1,diamond,2,20 C,0.3045,0.3692,IV,7,6
9/29/21,Hm1-3,Hm,0.073,1,diamond,3,20 C,0.2805,0.3223,IV,7,6
9/29/21,Hm1-4,Hm,0.0505,1,diamond,4,20 C,0.2885,0.361,IV,7,6
9/29/21,Ul1-1,Ul,0.0396,1,diamond,1,20 C,0.306,0.6745,IV,7,6
9/29/21,Ul1-2,Ul,0.0368,1,diamond,2,20 C,0.277,0.6132,IV,7,6
9/29/21,Ul1-3,Ul,0.0322,1,diamond,3,20 C,0.2951,0.8293,IV,7,6
9/29/21,Ul1-4,Ul,0.0357,1,diamond,4,20 C,0.2943,0.5555,IV,7,6
9/29/21,Hm2-1,Hm,0.0535,1,diamond,1,20 C,0.2621,0.339,IV,8,5
9/29/21,Hm2-2,Hm,0.0178,1,diamond,2,20 C,0.2155,0.0846,IV,8,5
9/29/21,Hm2-3,Hm,0.0206,1,diamond,3,20 C,0.2727,0.31,IV,8,5
9/29/21,Hm2-4,Hm,0.0399,1,diamond,4,20 C,0.2583,0.2335,IV,8,5
9/29/21,Ul2-1,Ul,0.0364,1,diamond,1,20 C,0.2895,0.5528,IV,8,5
9/29/21,Ul2-2,Ul,0.0349,1,diamond,2,20 C,0.2846,0.5605,IV,8,5
9/29/21,Ul2-3,Ul,0.0375,1,diamond,3,20 C,0.2944,0.5265,IV,8,5
9/29/21,Ul2-4,Ul,0.0325,1,diamond,4,20 C,0.2925,0.5983,IV,8,5
9/29/21,Hm3-1,Hm,0.0341,1,diamond,1,27 C,0.2834,0.4198,IV,9,2
9/29/21,Hm3-2,Hm,0.0318,1,diamond,2,27 C,0.2948,0.3718,IV,9,2
9/29/21,Hm3-3,Hm,0.0549,1,diamond,3,27 C,0.2676,0.3561,IV,9,2
9/29/21,Hm3-4,Hm,0.0379,1,diamond,4,27 C,0.2989,0.3948,IV,9,2
9/29/21,Ul3-1,Ul,0.0403,1,diamond,1,27 C,0.2614,0.3021,IV,9,2
9/29/21,Ul3-2,Ul,0.0378,1,diamond,2,27 C,0.2731,0.4731,IV,9,2
9/29/21,Ul3-3,Ul,0.0305,1,diamond,3,27 C,0.2954,0.5799,IV,9,2
9/29/21,Ul3-4,Ul,0.0366,1,diamond,4,27 C,0.3056,0.5308,IV,9,2
9/29/21,Hm4-1,Hm,0.047,1,diamond,1,27 C,0.2449,0.3727,IV,10,1
9/29/21,Hm4-2,Hm,0.0512,1,diamond,2,27 C,0.2767,0.3629,IV,10,1
9/29/21,Hm4-3,Hm,0.0304,1,diamond,3,27 C,0.2898,0.3752,IV,10,1
9/29/21,Hm4-4,Hm,0.0408,1,diamond,4,27 C,0.2922,0.3812,IV,10,1
9/29/21,Ul4-1,Ul,0.0545,1,diamond,1,27 C,0.3004,0.5448,IV,10,1
9/29/21,Ul4-2,Ul,0.0393,1,diamond,2,27 C,0.3011,0.5915,IV,10,1
9/29/21,Ul4-3,Ul,0.0434,1,diamond,3,27 C,0.2796,0.4937,IV,10,1
9/29/21,Ul4-4,Ul,0.0334,1,diamond,4,27 C,0.2978,0.4189,IV,10,1
9/29/21,Hm5-1,Hm,0.0224,1,diamond,1,30 C,0.279,0.4155,IV,11,4
9/29/21,Hm5-2,Hm,0.0353,1,diamond,2,30 C,0.2915,0.3803,IV,11,4
9/29/21,Hm5-3,Hm,0.0378,1,diamond,3,30 C,0.2895,0.4037,IV,11,4
9/29/21,Hm5-4,Hm,0.025,1,diamond,4,30 C,0.2659,0.3523,IV,11,4
9/29/21,Ul5-1,Ul,0.0559,1,diamond,1,30 C,0.2729,0.3249,IV,11,4
9/29/21,Ul5-2,Ul,0.0311,1,diamond,2,30 C,0.2444,0.4354,IV,11,4
9/29/21,Ul5-3,Ul,0.0455,1,diamond,3,30 C,0.274,0.5318,IV,11,4
9/29/21,Ul5-4,Ul,0.0409,1,diamond,4,30 C,0.2576,0.4836,IV,11,4
9/29/21,Hm6-1,Hm,0.0719,1,diamond,1,30 C,0.2485,0.3058,IV,12,3
9/29/21,Hm6-2,Hm,0.0335,1,diamond,2,30 C,0.2944,0.3653,IV,12,3
9/29/21,Hm6-3,Hm,0.0259,1,diamond,3,30 C,0.2503,0.352,IV,12,3
9/29/21,Hm6-4,Hm,0.0277,1,diamond,4,30 C,0.2962,0.3586,IV,12,3
9/29/21,Ul6-1,Ul,0.0423,1,diamond,1,30 C,0.3034,0.4222,IV,12,3
9/29/21,Ul6-2,Ul,0.0421,1,diamond,2,30 C,0.2861,0.3954,IV,12,3
9/29/21,Ul6-3,Ul,0.037,1,diamond,3,30 C,0.2854,0.5645,IV,12,3
9/29/21,Ul6-4,Ul,0.0395,1,diamond,4,30 C,0.2828,0.5189,IV,12,3
10/8/21,Hm1-1,Hm,0.2503,2,ewa,1,30 C,0.2973,0.5476,I,13,4
10/8/21,Hm1-2,Hm,0.1258,2,ewa,2,30 C,0.2981,0.4239,I,13,4
10/8/21,Hm1-3,Hm,0.1295,2,ewa,3,30 C,0.2814,0.4109,I,13,4
10/8/21,Hm1-4,Hm,0.0533,2,ewa,4,30 C,0.2844,0.3377,I,13,4
10/8/21,Ul1-1,Ul,0.2371,2,ewa,1,30 C,0.3059,0.543,I,13,4
10/8/21,Ul1-2,Ul,0.19,2,ewa,2,30 C,0.2841,0.4741,I,13,4
10/8/21,Ul1-3,Ul,0.2344,2,ewa,3,30 C,0.2896,0.524,I,13,4
10/8/21,Ul1-4,Ul,0.2548,2,ewa,4,30 C,0.2699,0.5247,I,13,4
10/8/21,Hm2-1,Hm,0.1908,2,ewa,1,30 C,0.2946,0.4854,I,14,5
10/8/21,Hm2-2,Hm,0.0948,2,ewa,2,30 C,0.2882,0.383,I,14,5
10/8/21,Hm2-3,Hm,0.1543,2,ewa,3,30 C,0.2851,0.4394,I,14,5
10/8/21,Hm2-4,Hm,-0.0169,2,ewa,4,30 C,0.2886,0.2717,I,14,5
10/8/21,Ul2-1,Ul,0.114,2,ewa,1,30 C,0.2935,0.4075,I,14,5
10/8/21,Ul2-2,Ul,0.1684,2,ewa,2,30 C,0.2414,0.4098,I,14,5
10/8/21,Ul2-3,Ul,0.2302,2,ewa,3,30 C,0.2907,0.5209,I,14,5
10/8/21,Ul2-4,Ul,0.1919,2,ewa,4,30 C,0.2934,0.4853,I,14,5
10/8/21,Hm3-1,Hm,0.1638,2,ewa,1,27 C,0.2907,0.4545,I,15,6
10/8/21,Hm3-2,Hm,0.0709,2,ewa,2,27 C,0.2712,0.3421,I,15,6
10/8/21,Hm3-3,Hm,0.0498,2,ewa,3,27 C,0.2962,0.346,I,15,6
10/8/21,Hm3-4,Hm,-0.0389,2,ewa,4,27 C,0.2886,0.2497,I,15,6
10/8/21,Ul3-1,Ul,0.1629,2,ewa,1,27 C,0.2751,0.438,I,15,6
10/8/21,Ul3-2,Ul,0.2595,2,ewa,2,27 C,0.2938,0.5533,I,15,6
10/8/21,Ul3-3,Ul,0.2244,2,ewa,3,27 C,0.2829,0.5073,I,15,6
10/8/21,Ul3-4,Ul,0.1918,2,ewa,4,27 C,0.2754,0.4672,I,15,6
10/8/21,Hm4-1,Hm,0.0547,2,ewa,1,27 C,0.2922,0.3469,I,16,1
10/8/21,Hm4-2,Hm,0.0813,2,ewa,2,27 C,0.2568,0.3381,I,16,1
10/8/21,Hm4-3,Hm,0.0482,2,ewa,3,27 C,0.2954,0.3436,I,16,1
10/8/21,Hm4-4,Hm,-0.0019,2,ewa,4,27 C,0.2772,0.2753,I,16,1
10/8/21,Ul4-1,Ul,-0.0097,2,ewa,1,27 C,0.2897,0.28,I,16,1
10/8/21,Ul4-2,Ul,0.2108,2,ewa,2,27 C,0.2999,0.5107,I,16,1
10/8/21,Ul4-3,Ul,0.1082,2,ewa,3,27 C,0.3022,0.4104,I,16,1
10/8/21,Ul4-4,Ul,0.1648,2,ewa,4,27 C,0.2943,0.4591,I,16,1
10/8/21,Hm5-1,Hm,0.2559,2,ewa,1,20 C,0.2979,0.5538,I,17,2
10/8/21,Hm5-2,Hm,-0.25488,2,ewa,2,20 C,0.2998,0.04492,I,17,2
10/8/21,Hm5-3,Hm,0.0928,2,ewa,3,20 C,0.2968,0.3896,I,17,2
10/8/21,Hm5-4,Hm,0.0496,2,ewa,4,20 C,0.2466,0.2962,I,17,2
10/8/21,Ul5-1,Ul,0.0059,2,ewa,1,20 C,0.2999,0.3058,I,17,2
10/8/21,Ul5-2,Ul,-0.0626,2,ewa,2,20 C,0.2643,0.2017,I,17,2
10/8/21,Ul5-3,Ul,0.0809,2,ewa,3,20 C,0.2406,0.3215,I,17,2
10/8/21,Ul5-4,Ul,0.0821,2,ewa,4,20 C,0.2754,0.3575,I,17,2
10/8/21,Hm6-1,Hm,0.2102,2,ewa,1,20 C,0.2919,0.5021,I,18,3
10/8/21,Hm6-2,Hm,0.0981,2,ewa,2,20 C,0.2866,0.3847,I,18,3
10/8/21,Hm6-3,Hm,0.1029,2,ewa,3,20 C,0.296,0.3989,I,18,3
10/8/21,Hm6-4,Hm,0.0959,2,ewa,4,20 C,0.2788,0.3747,I,18,3
10/8/21,Ul6-1,Ul,0.1212,2,ewa,1,20 C,0.2767,0.3979,I,18,3
10/8/21,Ul6-2,Ul,0.0681,2,ewa,2,20 C,0.2982,0.3663,I,18,3
10/8/21,Ul6-3,Ul,0.0965,2,ewa,3,20 C,0.2921,0.3886,I,18,3
10/8/21,Ul6-4,Ul,0.1872,2,ewa,4,20 C,0.2931,0.4803,I,18,3
10/9/21,Hm1-1,Hm,0.2197,2,diamond,1,20 C,0.2979,0.5176,I,19,4
10/9/21,Hm1-2,Hm,0.1285,2,diamond,2,20 C,0.3067,0.4352,I,19,4
10/9/21,Hm1-3,Hm,0.0919,2,diamond,3,20 C,0.2593,0.3512,I,19,4
10/9/21,Hm1-4,Hm,0.0745,2,diamond,4,20 C,0.2843,0.3588,I,19,4
10/9/21,Ul1-1,Ul,-0.0371,2,diamond,1,20 C,0.293,0.2559,I,19,4
10/9/21,Ul1-2,Ul,-0.042,2,diamond,2,20 C,0.2963,0.2543,I,19,4
10/9/21,Ul1-3,Ul,-0.0416,2,diamond,3,20 C,0.2969,0.2553,I,19,4
10/9/21,Ul1-4,Ul,0.2529,2,diamond,4,20 C,0.2967,0.5496,I,19,4
10/9/21,Hm2-1,Hm,0.1218,2,diamond,1,20 C,0.3031,0.4249,I,20,5
10/9/21,Hm2-2,Hm,0.0673,2,diamond,2,20 C,0.2967,0.364,I,20,5
10/9/21,Hm2-3,Hm,0.0667,2,diamond,3,20 C,0.2692,0.3359,I,20,5
10/9/21,Hm2-4,Hm,0.0616,2,diamond,4,20 C,0.2995,0.3611,I,20,5
10/9/21,Ul2-1,Ul,0.1808,2,diamond,1,20 C,0.2729,0.4537,I,20,5
10/9/21,Ul2-2,Ul,0.1175,2,diamond,2,20 C,0.2994,0.4169,I,20,5
10/9/21,Ul2-3,Ul,0.2001,2,diamond,3,20 C,0.2594,0.4595,I,20,5
10/9/21,Ul2-4,Ul,0.03,2,diamond,4,20 C,0.2735,0.3035,I,20,5
10/9/21,Hm3-1,Hm,0.1304,2,diamond,1,27 C,0.2774,0.4078,I,21,6
10/9/21,Hm3-2,Hm,0.0502,2,diamond,2,27 C,0.2617,0.3119,I,21,6
10/9/21,Hm3-3,Hm,0.0204,2,diamond,3,27 C,0.2933,0.3137,I,21,6
10/9/21,Hm3-4,Hm,0.073,2,diamond,4,27 C,0.2781,0.3511,I,21,6
10/9/21,Ul3-1,Ul,0.1048,2,diamond,1,27 C,0.2997,0.4045,I,21,6
10/9/21,Ul3-2,Ul,0.131,2,diamond,2,27 C,0.3038,0.4348,I,21,6
10/9/21,Ul3-3,Ul,0.1376,2,diamond,3,27 C,0.2899,0.4275,I,21,6
10/9/21,Ul3-4,Ul,0.1528,2,diamond,4,27 C,0.2975,0.4503,I,21,6
10/9/21,Hm4-1,Hm,0.125,2,diamond,1,27 C,0.2882,0.4132,I,22,1
10/9/21,Hm4-2,Hm,0.041,2,diamond,2,27 C,0.3028,0.3438,I,22,1
10/9/21,Hm4-3,Hm,0.0856,2,diamond,3,27 C,0.2909,0.3765,I,22,1
10/9/21,Hm4-4,Hm,0.0702,2,diamond,4,27 C,0.2949,0.3651,I,22,1
10/9/21,Ul4-1,Ul,0.1706,2,diamond,1,27 C,0.2845,0.4551,I,22,1
10/9/21,Ul4-2,Ul,0.196,2,diamond,2,27 C,0.3006,0.4966,I,22,1
10/9/21,Ul4-3,Ul,0.142,2,diamond,3,27 C,0.2756,0.4176,I,22,1
10/9/21,Ul4-4,Ul,0.1232,2,diamond,4,27 C,0.2994,0.4226,I,22,1
10/9/21,Hm5-1,Hm,0.0543,2,diamond,1,30 C,0.303,0.3573,I,23,2
10/9/21,Hm5-2,Hm,0.0581,2,diamond,2,30 C,0.2878,0.3459,I,23,2
10/9/21,Hm5-3,Hm,0.0042,2,diamond,3,30 C,0.3035,0.3077,I,23,2
10/9/21,Hm5-4,Hm,-0.1543,2,diamond,4,30 C,0.3027,0.1484,I,23,2
10/9/21,Ul5-1,Ul,0.1917,2,diamond,1,30 C,0.2821,0.4738,I,23,2
10/9/21,Ul5-2,Ul,0.2105,2,diamond,2,30 C,0.3061,0.5166,I,23,2
10/9/21,Ul5-3,Ul,0.2643,2,diamond,3,30 C,0.2999,0.5642,I,23,2
10/9/21,Ul5-4,Ul,0.1024,2,diamond,4,30 C,0.2939,0.3963,I,23,2
10/9/21,Hm6-1,Hm,0.049,2,diamond,1,30 C,0.2505,0.2995,I,24,3
10/9/21,Hm6-2,Hm,0.0247,2,diamond,2,30 C,0.2631,0.2878,I,24,3
10/9/21,Hm6-3,Hm,-0.1435,2,diamond,3,30 C,0.2916,0.1481,I,24,3
10/9/21,Hm6-4,Hm,-0.2559,2,diamond,4,30 C,0.2909,0.035,I,24,3
10/9/21,Ul6-1,Ul,0.1476,2,diamond,1,30 C,0.3051,0.4527,I,24,3
10/9/21,Ul6-2,Ul,0.1651,2,diamond,2,30 C,0.287,0.4521,I,24,3
10/9/21,Ul6-3,Ul,0.2207,2,diamond,3,30 C,0.3039,0.5246,I,24,3
10/9/21,Ul6-4,Ul,0.1584,2,diamond,4,30 C,0.3053,0.4637,I,24,3
10/19/21,Hm1-1,Hm,0.0746,3,ewa,1,20 C,0.2948,0.3694,III,25,4
10/19/21,Hm1-2,Hm,0.0869,3,ewa,2,20 C,0.299,0.3859,III,25,4
10/19/21,Hm1-3,Hm,0.0636,3,ewa,3,20 C,0.3037,0.3673,III,25,4
10/19/21,Hm1-4,Hm,0.0746,3,ewa,4,20 C,0.3036,0.3782,III,25,4
10/19/21,Ul1-1,Ul,-0.0236,3,ewa,1,20 C,0.2803,0.2567,III,25,4
10/19/21,Ul1-2,Ul,0.0171,3,ewa,2,20 C,0.286,0.3031,III,25,4
10/19/21,Ul1-3,Ul,0.036,3,ewa,3,20 C,0.2817,0.3177,III,25,4
10/19/21,Ul1-4,Ul,0.0474,3,ewa,4,20 C,0.2773,0.3247,III,25,4
10/19/21,Hm2-1,Hm,0.0374,3,ewa,1,20 C,0.2957,0.3331,III,26,5
10/19/21,Hm2-2,Hm,0.0613,3,ewa,2,20 C,0.2859,0.3472,III,26,5
10/19/21,Hm2-3,Hm,0.0481,3,ewa,3,20 C,0.2921,0.3402,III,26,5
10/19/21,Hm2-4,Hm,0.0177,3,ewa,4,20 C,0.2794,0.2971,III,26,5
10/19/21,Ul2-1,Ul,0.1614,3,ewa,1,20 C,0.2871,0.4485,III,26,5
10/19/21,Ul2-2,Ul,0.0975,3,ewa,2,20 C,0.2596,0.3571,III,26,5
10/19/21,Ul2-3,Ul,0.0954,3,ewa,3,20 C,0.2655,0.3609,III,26,5
10/19/21,Ul2-4,Ul,0.1672,3,ewa,4,20 C,0.2563,0.4235,III,26,5
10/19/21,Hm3-1,Hm,0.1144,3,ewa,1,27 C,0.3039,0.4183,III,27,6
10/19/21,Hm3-2,Hm,0.0731,3,ewa,2,27 C,0.3077,0.3808,III,27,6
10/19/21,Hm3-3,Hm,0.0804,3,ewa,3,27 C,0.2803,0.3607,III,27,6
10/19/21,Hm3-4,Hm,0.0808,3,ewa,4,27 C,0.3055,0.3863,III,27,6
10/19/21,Ul3-1,Ul,0.0508,3,ewa,1,27 C,0.2898,0.3406,III,27,6
10/19/21,Ul3-2,Ul,0.0298,3,ewa,2,27 C,0.2669,0.2967,III,27,6
10/19/21,Ul3-3,Ul,0.1532,3,ewa,3,27 C,0.2808,0.434,III,27,6
10/19/21,Ul3-4,Ul,0.1536,3,ewa,4,27 C,0.2916,0.4452,III,27,6
10/19/21,Hm4-1,Hm,0.0888,3,ewa,1,27 C,0.3043,0.3931,III,28,1
10/19/21,Hm4-2,Hm,0.0781,3,ewa,2,27 C,0.2892,0.3673,III,28,1
10/19/21,Hm4-3,Hm,0.1173,3,ewa,3,27 C,0.2722,0.3895,III,28,1
10/19/21,Hm4-4,Hm,0.0425,3,ewa,4,27 C,0.2757,0.3182,III,28,1
10/19/21,Ul4-1,Ul,0.1087,3,ewa,1,27 C,0.2979,0.4066,III,28,1
10/19/21,Ul4-2,Ul,0.1702,3,ewa,2,27 C,0.3035,0.4737,III,28,1
10/19/21,Ul4-3,Ul,0.0207,3,ewa,3,27 C,0.3085,0.3292,III,28,1
10/19/21,Ul4-4,Ul,0.1831,3,ewa,4,27 C,0.2989,0.482,III,28,1
10/19/21,Hm5-1,Hm,0.1487,3,ewa,1,30 C,0.2858,0.4345,III,29,2
10/19/21,Hm5-2,Hm,0.1155,3,ewa,2,30 C,0.3073,0.4228,III,29,2
10/19/21,Hm5-3,Hm,0.1235,3,ewa,3,30 C,0.3,0.4235,III,29,2
10/19/21,Hm5-4,Hm,0.11,3,ewa,4,30 C,0.2791,0.3891,III,29,2
10/19/21,Ul5-1,Ul,0.0418,3,ewa,1,30 C,0.2733,0.3151,III,29,2
10/19/21,Ul5-2,Ul,0.0971,3,ewa,2,30 C,0.2839,0.381,III,29,2
10/19/21,Ul5-3,Ul,0.0934,3,ewa,3,30 C,0.2673,0.3607,III,29,2
10/19/21,Ul5-4,Ul,0.1558,3,ewa,4,30 C,0.2923,0.4481,III,29,2
10/19/21,Hm6-1,Hm,0.046,3,ewa,1,30 C,0.2642,0.3102,III,30,3
10/19/21,Hm6-2,Hm,0.0595,3,ewa,2,30 C,0.2492,0.3087,III,30,3
10/19/21,Hm6-3,Hm,-0.063,3,ewa,3,30 C,0.2842,0.2212,III,30,3
10/19/21,Hm6-4,Hm,-0.0192,3,ewa,4,30 C,0.2607,0.2415,III,30,3
10/19/21,Ul6-1,Ul,0.0962,3,ewa,1,30 C,0.2546,0.3508,III,30,3
10/19/21,Ul6-2,Ul,0.117,3,ewa,2,30 C,0.2258,0.3428,III,30,3
10/19/21,Ul6-3,Ul,0.1445,3,ewa,3,30 C,0.2329,0.3774,III,30,3
10/19/21,Ul6-4,Ul,0.1535,3,ewa,4,30 C,0.2603,0.4138,III,30,3
10/29/21,Hm1-1,Hm,0.0589,3,diamond,1,20 C,0.3032,0.3621,IV,31,4
10/29/21,Hm1-2,Hm,0.0577,3,diamond,2,20 C,0.3037,0.3614,IV,31,4
10/29/21,Hm1-3,Hm,0.0879,3,diamond,3,20 C,0.3045,0.3924,IV,31,4
10/29/21,Hm1-4,Hm,0.0436,3,diamond,4,20 C,0.3065,0.3501,IV,31,4
10/29/21,Ul1-1,Ul,0.0942,3,diamond,1,20 C,0.307,0.4012,IV,31,4
10/29/21,Ul1-2,Ul,0.1112,3,diamond,2,20 C,0.2991,0.4103,IV,31,4
10/29/21,Ul1-3,Ul,0.126,3,diamond,3,20 C,0.2984,0.4244,IV,31,4
10/29/21,Ul1-4,Ul,0.1576,3,diamond,4,20 C,0.3007,0.4583,IV,31,4
10/29/21,Hm2-1,Hm,0.0758,3,diamond,1,20 C,0.3069,0.3827,IV,32,5
10/29/21,Hm2-2,Hm,0.0006,3,diamond,2,20 C,0.2655,0.2661,IV,32,5
10/29/21,Hm2-3,Hm,-0.0439,3,diamond,3,20 C,0.2755,0.2316,IV,32,5
10/29/21,Hm2-4,Hm,0.002,3,diamond,4,20 C,0.2883,0.2903,IV,32,5
10/29/21,Ul2-1,Ul,0.0616,3,diamond,1,20 C,0.2808,0.3424,IV,32,5
10/29/21,Ul2-2,Ul,0.0903,3,diamond,2,20 C,0.2973,0.3876,IV,32,5
10/29/21,Ul2-3,Ul,0.1293,3,diamond,3,20 C,0.2848,0.4141,IV,32,5
10/29/21,Ul2-4,Ul,0.1193,3,diamond,4,20 C,0.3038,0.4231,IV,32,5
10/29/21,Hm3-1,Hm,0.0489,3,diamond,1,27 C,0.3009,0.3498,IV,33,6
10/29/21,Hm3-2,Hm,0.0363,3,diamond,2,27 C,0.3062,0.3425,IV,33,6
10/29/21,Hm3-3,Hm,0.0628,3,diamond,3,27 C,0.2669,0.3297,IV,33,6
10/29/21,Hm3-4,Hm,0.0298,3,diamond,4,27 C,0.3024,0.3322,IV,33,6
10/29/21,Ul3-1,Ul,0.0752,3,diamond,1,27 C,0.309,0.3842,IV,33,6
10/29/21,Ul3-2,Ul,0.0586,3,diamond,2,27 C,0.269,0.3276,IV,33,6
10/29/21,Ul3-3,Ul,0.1024,3,diamond,3,27 C,0.2985,0.4009,IV,33,6
10/29/21,Ul3-4,Ul,0.0892,3,diamond,4,27 C,0.1993,0.2885,IV,33,6
10/29/21,Hm4-1,Hm,0.0589,3,diamond,1,27 C,0.3084,0.3673,IV,34,1
10/29/21,Hm4-2,Hm,0.0436,3,diamond,2,27 C,0.3077,0.3513,IV,34,1
10/29/21,Hm4-3,Hm,0.0751,3,diamond,3,27 C,0.3049,0.38,IV,34,1
10/29/21,Hm4-4,Hm,0.0496,3,diamond,4,27 C,0.3044,0.354,IV,34,1
10/29/21,Ul4-1,Ul,-0.0662,3,diamond,1,27 C,0.2831,0.2169,IV,34,1
10/29/21,Ul4-2,Ul,0.0277,3,diamond,2,27 C,0.3027,0.3304,IV,34,1
10/29/21,Ul4-3,Ul,0.1008,3,diamond,3,27 C,0.3003,0.4011,IV,34,1
10/29/21,Ul4-4,Ul,0.1467,3,diamond,4,27 C,0.2886,0.4353,IV,34,1
10/29/21,Hm5-1,Hm,0.0548,3,diamond,1,30 C,0.3021,0.3569,IV,35,2
10/29/21,Hm5-2,Hm,0.046,3,diamond,2,30 C,0.2753,0.3213,IV,35,2
10/29/21,Hm5-3,Hm,0.0873,3,diamond,3,30 C,0.2823,0.3696,IV,35,2
10/29/21,Hm5-4,Hm,-0.1314,3,diamond,4,30 C,0.3037,0.1723,IV,35,2
10/29/21,Ul5-1,Ul,0.0365,3,diamond,1,30 C,0.2826,0.3191,IV,35,2
10/29/21,Ul5-2,Ul,0.0448,3,diamond,2,30 C,0.2869,0.3317,IV,35,2
10/29/21,Ul5-3,Ul,0.0608,3,diamond,3,30 C,0.2826,0.3434,IV,35,2
10/29/21,Ul5-4,Ul,0.103,3,diamond,4,30 C,0.3032,0.4062,IV,35,2
10/29/21,Hm6-1,Hm,0.0533,3,diamond,1,30 C,0.2773,0.3306,IV,36,3
10/29/21,Hm6-2,Hm,0.0317,3,diamond,2,30 C,0.2818,0.3135,IV,36,3
10/29/21,Hm6-3,Hm,0.1393,3,diamond,3,30 C,0.2993,0.4386,IV,36,3
10/29/21,Hm6-4,Hm,0.0765,3,diamond,4,30 C,0.3079,0.3844,IV,36,3
10/29/21,Ul6-1,Ul,0.0822,3,diamond,1,30 C,0.3031,0.3853,IV,36,3
10/29/21,Ul6-2,Ul,0.0561,3,diamond,2,30 C,0.3071,0.3632,IV,36,3
10/29/21,Ul6-3,Ul,0.075,3,diamond,3,30 C,0.2795,0.3545,IV,36,3
10/29/21,Ul6-4,Ul,0.0887,3,diamond,4,30 C,0.3022,0.3909,IV,36,3
11/9/21,Hm1-1,Hm,0.1016,4,ewa,1,20 C,0.3017,0.4033,II,37,4
11/9/21,Hm1-2,Hm,0.0861,4,ewa,2,20 C,0.3037,0.3898,II,37,4
11/9/21,Hm1-3,Hm,0.0954,4,ewa,3,20 C,0.2951,0.3905,II,37,4
11/9/21,Hm1-4,Hm,0.0516,4,ewa,4,20 C,0.2993,0.3509,II,37,4
11/9/21,Ul1-1,Ul,-0.1542,4,ewa,1,20 C,0.2763,0.1221,II,37,4
11/9/21,Ul1-2,Ul,-0.164,4,ewa,2,20 C,0.3081,0.1441,II,37,4
11/9/21,Ul1-3,Ul,-0.1657,4,ewa,3,20 C,0.2922,0.1265,II,37,4
11/9/21,Ul1-4,Ul,-0.068,4,ewa,4,20 C,0.3035,0.2355,II,37,4
11/9/21,Hm2-1,Hm,0.1065,4,ewa,1,20 C,0.3041,0.4106,II,38,5
11/9/21,Hm2-2,Hm,0.1242,4,ewa,2,20 C,0.303,0.4272,II,38,5
11/9/21,Hm2-3,Hm,0.1118,4,ewa,3,20 C,0.3048,0.4166,II,38,5
11/9/21,Hm2-4,Hm,0.0779,4,ewa,4,20 C,0.3009,0.3788,II,38,5
11/9/21,Ul2-1,Ul,0.1904,4,ewa,1,20 C,0.2991,0.4895,II,38,5
11/9/21,Ul2-2,Ul,0.172,4,ewa,2,20 C,0.2975,0.4695,II,38,5
11/9/21,Ul2-3,Ul,0.1215,4,ewa,3,20 C,0.2957,0.4172,II,38,5
11/9/21,Ul2-4,Ul,0.1551,4,ewa,4,20 C,0.2986,0.4537,II,38,5
11/9/21,Hm3-1,Hm,0.0725,4,ewa,1,27 C,0.3076,0.3801,II,39,6
11/9/21,Hm3-2,Hm,0.0486,4,ewa,2,27 C,0.2738,0.3224,II,39,6
11/9/21,Hm3-3,Hm,0.0646,4,ewa,3,27 C,0.3036,0.3682,II,39,6
11/9/21,Hm3-4,Hm,0.0679,4,ewa,4,27 C,0.2999,0.3678,II,39,6
11/9/21,Ul3-1,Ul,0.1106,4,ewa,1,27 C,0.2809,0.3915,II,39,6
11/9/21,Ul3-2,Ul,0.1268,4,ewa,2,27 C,0.2915,0.4183,II,39,6
11/9/21,Ul3-3,Ul,0.0493,4,ewa,3,27 C,0.2805,0.3298,II,39,6
11/9/21,Ul3-4,Ul,0.107,4,ewa,4,27 C,0.2987,0.4057,II,39,6
11/9/21,Hm4-1,Hm,0.0613,4,ewa,1,27 C,0.3016,0.3629,II,40,1
11/9/21,Hm4-2,Hm,0.0105,4,ewa,2,27 C,0.3048,0.3153,II,40,1
11/9/21,Hm4-3,Hm,0.0602,4,ewa,3,27 C,0.2973,0.3575,II,40,1
11/9/21,Hm4-4,Hm,0.0027,4,ewa,4,27 C,0.2982,0.3009,II,40,1
11/9/21,Ul4-1,Ul,0.0661,4,ewa,1,27 C,0.3013,0.3674,II,40,1
11/9/21,Ul4-2,Ul,0.0498,4,ewa,2,27 C,0.2222,0.272,II,40,1
11/9/21,Ul4-3,Ul,0.0607,4,ewa,3,27 C,0.2029,0.2636,II,40,1
11/9/21,Ul4-4,Ul,0.0724,4,ewa,4,27 C,0.2751,0.3475,II,40,1
11/9/21,Hm5-1,Hm,0.0705,4,ewa,1,30 C,0.3038,0.3743,II,41,2
11/9/21,Hm5-2,Hm,0.0436,4,ewa,2,30 C,0.3021,0.3457,II,41,2
11/9/21,Hm5-3,Hm,0.066,4,ewa,3,30 C,0.2974,0.3634,II,41,2
11/9/21,Hm5-4,Hm,0.0293,4,ewa,4,30 C,0.2984,0.3277,II,41,2
11/9/21,Ul5-1,Ul,0.0073,4,ewa,1,30 C,0.3024,0.3097,II,41,2
11/9/21,Ul5-2,Ul,0.0404,4,ewa,2,30 C,0.3039,0.3443,II,41,2
11/9/21,Ul5-3,Ul,0.0585,4,ewa,3,30 C,0.2908,0.3493,II,41,2
11/9/21,Ul5-4,Ul,0.085,4,ewa,4,30 C,0.2832,0.3682,II,41,2
11/9/21,Hm6-1,Hm,0.0658,4,ewa,1,30 C,0.2999,0.3657,II,42,3
11/9/21,Hm6-2,Hm,0.0586,4,ewa,2,30 C,0.2977,0.3563,II,42,3
11/9/21,Hm6-3,Hm,0.0336,4,ewa,3,30 C,0.2623,0.2959,II,42,3
11/9/21,Hm6-4,Hm,0.0281,4,ewa,4,30 C,0.3058,0.3339,II,42,3
11/9/21,Ul6-1,Ul,0.0247,4,ewa,1,30 C,0.2969,0.3216,II,42,3
11/9/21,Ul6-2,Ul,0.0667,4,ewa,2,30 C,0.2995,0.3662,II,42,3
11/9/21,Ul6-3,Ul,0.1073,4,ewa,3,30 C,0.2958,0.4031,II,42,3
11/9/21,Ul6-4,Ul,0.0863,4,ewa,4,30 C,0.286,0.3723,II,42,3
11/12/21,Hm1-1,Hm,0.1033,4,diamond,1,20 C,0.307,0.4103,II,43,1
11/12/21,Hm1-2,Hm,0.0539,4,diamond,2,20 C,0.2975,0.3514,II,43,1
11/12/21,Hm1-3,Hm,0.0795,4,diamond,3,20 C,0.3007,0.3802,II,43,1
11/12/21,Hm1-4,Hm,0.0193,4,diamond,4,20 C,0.304,0.3233,II,43,1
11/12/21,Ul1-1,Ul,0.0632,4,diamond,1,20 C,0.293,0.3562,II,43,1
11/12/21,Ul1-2,Ul,0.0443,4,diamond,2,20 C,0.3021,0.3464,II,43,1
11/12/21,Ul1-3,Ul,0.0486,4,diamond,3,20 C,0.2966,0.3452,II,43,1
11/12/21,Ul1-4,Ul,0.1371,4,diamond,4,20 C,0.3021,0.4392,II,43,1
11/12/21,Hm2-1,Hm,0.0973,4,diamond,1,20 C,0.3008,0.3981,II,44,2
11/12/21,Hm2-2,Hm,0.0724,4,diamond,2,20 C,0.3009,0.3733,II,44,2
11/12/21,Hm2-3,Hm,0.0602,4,diamond,3,20 C,0.3046,0.3648,II,44,2
11/12/21,Hm2-4,Hm,0.0675,4,diamond,4,20 C,0.3033,0.3708,II,44,2
11/12/21,Ul2-1,Ul,0.2337,4,diamond,1,20 C,0.3028,0.5365,II,44,2
11/12/21,Ul2-2,Ul,0.1225,4,diamond,2,20 C,0.3034,0.4259,II,44,2
11/12/21,Ul2-3,Ul,0.1263,4,diamond,3,20 C,0.2878,0.4141,II,44,2
11/12/21,Ul2-4,Ul,0.1251,4,diamond,4,20 C,0.2959,0.421,II,44,2
11/12/21,Hm3-1,Hm,0.0588,4,diamond,1,27 C,0.3013,0.3601,II,45,3
11/12/21,Hm3-2,Hm,0.0765,4,diamond,2,27 C,0.3038,0.3803,II,45,3
11/12/21,Hm3-3,Hm,0.0885,4,diamond,3,27 C,0.303,0.3915,II,45,3
11/12/21,Hm3-4,Hm,0.0751,4,diamond,4,27 C,0.3047,0.3798,II,45,3
11/12/21,Ul3-1,Ul,-0.0056,4,diamond,1,27 C,0.2576,0.252,II,45,3
11/12/21,Ul3-2,Ul,-0.0205,4,diamond,2,27 C,0.2868,0.2663,II,45,3
11/12/21,Ul3-3,Ul,0.0711,4,diamond,3,27 C,0.2912,0.3623,II,45,3
11/12/21,Ul3-4,Ul,0.1212,4,diamond,4,27 C,0.3011,0.4223,II,45,3
11/12/21,Hm4-1,Hm,0.0908,4,diamond,1,27 C,0.2957,0.3865,II,46,4
11/12/21,Hm4-2,Hm,0.083,4,diamond,2,27 C,0.2975,0.3805,II,46,4
11/12/21,Hm4-3,Hm,0.1191,4,diamond,3,27 C,0.295,0.4141,II,46,4
11/12/21,Hm4-4,Hm,0.0599,4,diamond,4,27 C,0.3026,0.3625,II,46,4
11/12/21,Ul4-1,Ul,0.0113,4,diamond,1,27 C,0.2906,0.3019,II,46,4
11/12/21,Ul4-2,Ul,0.0006,4,diamond,2,27 C,0.2994,0.3,II,46,4
11/12/21,Ul4-3,Ul,0.0745,4,diamond,3,27 C,0.2928,0.3673,II,46,4
11/12/21,Ul4-4,Ul,0.0749,4,diamond,4,27 C,0.2851,0.36,II,46,4
11/12/21,Hm5-1,Hm,0.0571,4,diamond,1,30 C,0.2939,0.351,II,47,5
11/12/21,Hm5-2,Hm,0.0719,4,diamond,2,30 C,0.3039,0.3758,II,47,5
11/12/21,Hm5-3,Hm,0.0895,4,diamond,3,30 C,0.2962,0.3857,II,47,5
11/12/21,Hm5-4,Hm,-0.0051,4,diamond,4,30 C,0.2991,0.294,II,47,5
11/12/21,Ul5-1,Ul,0.0204,4,diamond,1,30 C,0.2804,0.3008,II,47,5
11/12/21,Ul5-2,Ul,0.0714,4,diamond,2,30 C,0.2877,0.3591,II,47,5
11/12/21,Ul5-3,Ul,0.0912,4,diamond,3,30 C,0.3027,0.3939,II,47,5
11/12/21,Ul5-4,Ul,0.0815,4,diamond,4,30 C,0.2938,0.3753,II,47,5
11/12/21,Hm6-1,Hm,0.0649,4,diamond,1,30 C,0.2983,0.3632,II,48,6
11/12/21,Hm6-2,Hm,0.0627,4,diamond,2,30 C,0.3002,0.3629,II,48,6
11/12/21,Hm6-3,Hm,-0.0746,4,diamond,3,30 C,0.2999,0.2253,II,48,6
11/12/21,Hm6-4,Hm,-0.1862,4,diamond,4,30 C,0.2879,0.1017,II,48,6
11/12/21,Ul6-1,Ul,0.0154,4,diamond,1,30 C,0.2977,0.3131,II,48,6
11/12/21,Ul6-2,Ul,-0.0058,4,diamond,2,30 C,0.249,0.2432,II,48,6
11/12/21,Ul6-3,Ul,0.0268,4,diamond,3,30 C,0.2663,0.2931,II,48,6
11/12/21,Ul6-4,Ul,0.0624,4,diamond,4,30 C,0.288,0.3504,II,48,6
2/19/22,Ul1-1,Ul,-0.0047,6,ewa,0,20,0.2935,0.2888,III,49,4
2/19/22,Ul1-2,Ul,0.0036,6,ewa,0,20,0.2703,0.2739,III,50,4
2/19/22,Ul1-3,Ul,0.051,6,ewa,0,20,0.3039,0.3549,III,51,4
2/19/22,Ul1-4,Ul,0.0498,6,ewa,0,20,0.2981,0.3479,III,52,4
2/19/22,Ul2-1,Ul,-0.0285,6,ewa,0,20,0.2962,0.2677,III,53,5
2/19/22,Ul2-2,Ul,-0.0056,6,ewa,0,20,0.3053,0.2997,III,54,5
2/19/22,Ul2-3,Ul,0.0019,6,ewa,0,20,0.3083,0.3102,III,55,5
2/19/22,Ul2-4,Ul,0.0078,6,ewa,0,20,0.2671,0.2749,III,56,5
2/19/22,Ul3-1,Ul,0.0176,6,ewa,0,27,0.2996,0.3172,III,57,6
2/19/22,Ul3-2,Ul,0.0416,6,ewa,0,27,0.2907,0.3323,III,58,6
2/19/22,Ul3-3,Ul,-0.0139,6,ewa,0,27,0.3095,0.2956,III,59,6
2/19/22,Ul3-4,Ul,-0.0286,6,ewa,0,27,0.2979,0.2693,III,60,6
2/19/22,Ul4-1,Ul,0.0166,6,ewa,0,27,0.2798,0.2964,III,61,1
2/19/22,Ul4-2,Ul,-0.0205,6,ewa,0,27,0.3091,0.2886,III,62,1
2/19/22,Ul4-3,Ul,0.0516,6,ewa,0,27,0.3069,0.3585,III,63,1
2/19/22,Ul4-4,Ul,-0.0071,6,ewa,0,27,0.3003,0.2932,III,64,1
2/19/22,Ul5-1,Ul,0.0469,6,ewa,0,30,0.2957,0.3426,III,65,2
2/19/22,Ul5-2,Ul,0.006,6,ewa,0,30,0.3009,0.3069,III,66,2
2/19/22,Ul5-3,Ul,0.0046,6,ewa,0,30,0.3015,0.3061,III,67,2
2/19/22,Ul5-4,Ul,0.0082,6,ewa,0,30,0.3006,0.3088,III,68,2
2/19/22,Ul6-1,Ul,0.0365,6,ewa,0,30,0.281,0.3175,III,69,3
2/19/22,Ul6-2,Ul,0.0049,6,ewa,0,30,0.2786,0.2835,III,70,3
2/19/22,Ul6-3,Ul,0.0116,6,ewa,0,30,0.297,0.3086,III,71,3
2/19/22,Ul6-4,Ul,0.0348,6,ewa,0,30,0.2936,0.3284,III,72,3
4/29/22,Hm1-1,Hm,0.1712,6,ewa,3.5,20,0.2974,0.4686,III,49,4
4/29/22,Hm1-2,Hm,0.1533,6,ewa,3.5,20,0.3028,0.4561,III,50,4
4/29/22,Hm1-3,Hm,0.0701,6,ewa,3.5,20,0.3038,0.3739,III,51,4
4/29/22,Hm1-4,Hm,0.1207,6,ewa,3.5,20,0.303,0.4237,III,52,4
4/29/22,HUl1-1,Hm,0.0887,6,ewa,3.5,20,0.3036,0.3923,III,53,4
4/29/22,HUl1-2,Hm,0.1048,6,ewa,3.5,20,0.2996,0.4044,III,54,4
4/29/22,HUl1-3,Hm,0.0539,6,ewa,3.5,20,0.2876,0.3415,III,55,4
4/29/22,HUl1-4,Hm,0.1527,6,ewa,3.5,20,0.3006,0.4533,III,56,4
4/29/22,Hm2-1,Hm,0.0254,6,ewa,3.5,20,0.3043,0.3297,III,57,5
4/29/22,Hm2-2,Hm,0.0882,6,ewa,3.5,20,0.2967,0.3849,III,58,5
4/29/22,Hm2-3,Hm,0.0801,6,ewa,3.5,20,0.2925,0.3726,III,59,5
4/29/22,Hm2-4,Hm,0.1171,6,ewa,3.5,20,0.2953,0.4124,III,60,5
4/29/22,HUl2-1,Hm,0.1424,6,ewa,3.5,20,0.299,0.4414,III,61,5
4/29/22,HUl2-2,Hm,0.1005,6,ewa,3.5,20,0.299,0.3995,III,62,5
4/29/22,HUl2-3,Hm,0.1323,6,ewa,3.5,20,0.2996,0.4319,III,63,5
4/29/22,HUl2-4,Hm,0.0881,6,ewa,3.5,20,0.3023,0.3904,III,64,5
4/29/22,Hm3-1,Hm,0.1109,6,ewa,3.5,27,0.3033,0.4142,III,65,6
4/29/22,Hm3-2,Hm,0.1359,6,ewa,3.5,27,0.3011,0.437,III,66,6
4/29/22,Hm3-3,Hm,-0.0277,6,ewa,3.5,27,0.302,0.2743,III,67,6
4/29/22,Hm3-4,Hm,0.0344,6,ewa,3.5,27,0.302,0.3364,III,68,6
4/29/22,HUl3-1,Hm,0.0944,6,ewa,3.5,27,0.2947,0.3891,III,69,6
4/29/22,HUl3-2,Hm,0.1132,6,ewa,3.5,27,0.3026,0.4158,III,70,6
4/29/22,HUl3-3,Hm,0.0904,6,ewa,3.5,27,0.2809,0.3713,III,71,6
4/29/22,HUl3-4,Hm,0.1103,6,ewa,3.5,27,0.2961,0.4064,III,72,6
4/29/22,Hm4-1,Hm,-0.0263,6,ewa,3.5,27,0.2945,0.2682,III,73,1
4/29/22,Hm4-2,Hm,0.0793,6,ewa,3.5,27,0.2971,0.3764,III,74,1
4/29/22,Hm4-3,Hm,0.0799,6,ewa,3.5,27,0.2993,0.3792,III,75,1
4/29/22,Hm4-4,Hm,0.1093,6,ewa,3.5,27,0.3043,0.4136,III,76,1
4/29/22,HUl4-1,Hm,0.1295,6,ewa,3.5,27,0.3034,0.4329,III,77,1
4/29/22,HUl4-2,Hm,0.1212,6,ewa,3.5,27,0.2957,0.4169,III,78,1
4/29/22,HUl4-3,Hm,0.0801,6,ewa,3.5,27,0.3002,0.3803,III,79,1
4/29/22,HUl4-4,Hm,0.0819,6,ewa,3.5,27,0.2979,0.3798,III,80,1
4/29/22,Hm5-1,Hm,0.0606,6,ewa,3.5,30,0.2998,0.3604,III,81,2
4/29/22,Hm5-2,Hm,0.1196,6,ewa,3.5,30,0.2933,0.4129,III,82,2
4/29/22,Hm5-3,Hm,0.0601,6,ewa,3.5,30,0.3012,0.3613,III,83,2
4/29/22,Hm5-4,Hm,0.0858,6,ewa,3.5,30,0.3037,0.3895,III,84,2
4/29/22,HUl5-1,Hm,0.1401,6,ewa,3.5,30,0.3018,0.4419,III,85,2
4/29/22,HUl5-2,Hm,0.1262,6,ewa,3.5,30,0.2978,0.424,III,86,2
4/29/22,HUl5-3,Hm,0.2024,6,ewa,3.5,30,0.2968,0.4992,III,87,2
4/29/22,HUl5-4,Hm,0.2436,6,ewa,3.5,30,0.3014,0.545,III,88,2
4/29/22,Hm6-1,Hm,0.1082,6,ewa,3.5,30,0.2995,0.4077,III,89,3
4/29/22,Hm6-2,Hm,0.1279,6,ewa,3.5,30,0.2967,0.4246,III,90,3
4/29/22,Hm6-3,Hm,0.0133,6,ewa,3.5,30,0.2938,0.3071,III,91,3
4/29/22,Hm6-4,Hm,0.1073,6,ewa,3.5,30,0.2949,0.4022,III,92,3
4/29/22,HUl6-1,Hm,0.1193,6,ewa,3.5,30,0.3036,0.4229,III,93,3
4/29/22,HUl6-2,Hm,0.1564,6,ewa,3.5,30,0.3017,0.4581,III,94,3
4/29/22,HUl6-3,Hm,0.1692,6,ewa,3.5,30,0.3007,0.4699,III,95,3
4/29/22,HUl6-4,Hm,0.1212,6,ewa,3.5,30,0.2911,0.4123,III,96,3
3/1/22,Ul1-1,Ul,0.0123,6,ewa,0,20,0.2936,0.3059,IV,73,4
3/1/22,Ul1-2,Ul,0.0329,6,ewa,0,20,0.2948,0.3277,IV,74,4
3/1/22,Ul1-3,Ul,0.0114,6,ewa,0,20,0.3041,0.3155,IV,75,4
3/1/22,Ul1-4,Ul,0.0168,6,ewa,0,20,0.2958,0.3126,IV,76,4
3/1/22,Ul2-1,Ul,0.0567,6,ewa,0,20,0.2946,0.3513,IV,77,5
3/1/22,Ul2-2,Ul,0.0278,6,ewa,0,20,0.2875,0.3153,IV,78,5
3/1/22,Ul2-3,Ul,-0.0089,6,ewa,0,20,0.3044,0.2955,IV,79,5
3/1/22,Ul2-4,Ul,0.0087,6,ewa,0,20,0.2739,0.2826,IV,80,5
3/1/22,Ul3-1,Ul,0.0237,6,ewa,0,27,0.3044,0.3281,IV,81,6
3/1/22,Ul3-2,Ul,0.0248,6,ewa,0,27,0.305,0.3298,IV,82,6
3/1/22,Ul3-3,Ul,-0.0144,6,ewa,0,27,0.2898,0.2754,IV,83,6
3/1/22,Ul3-4,Ul,0.0178,6,ewa,0,27,0.2901,0.3079,IV,84,6
3/1/22,Ul4-1,Ul,0.0099,6,ewa,0,27,0.3026,0.3125,IV,85,1
3/1/22,Ul4-2,Ul,-0.0057,6,ewa,0,27,0.2964,0.2907,IV,86,1
3/1/22,Ul4-3,Ul,0.0049,6,ewa,0,27,0.2918,0.2967,IV,87,1
3/1/22,Ul4-4,Ul,-0.0083,6,ewa,0,27,0.3033,0.295,IV,88,1
3/1/22,Ul5-1,Ul,0.031,6,ewa,0,30,0.2997,0.3307,IV,89,2
3/1/22,Ul5-2,Ul,0.016,6,ewa,0,30,0.3001,0.3161,IV,90,2
3/1/22,Ul5-3,Ul,0.0184,6,ewa,0,30,0.297,0.3154,IV,91,2
3/1/22,Ul5-4,Ul,0.0123,6,ewa,0,30,0.2933,0.3056,IV,92,2
3/1/22,Ul6-1,Ul,0.014,6,ewa,0,30,0.2861,0.3001,IV,93,3
3/1/22,Ul6-2,Ul,0.0267,6,ewa,0,30,0.2973,0.324,IV,94,3
3/1/22,Ul6-3,Ul,0.0064,6,ewa,0,30,0.2745,0.2809,IV,95,3
3/1/22,Ul6-4,Ul,0.0074,6,ewa,0,30,0.2821,0.2895,IV,96,3