date,ID,Species,weight difference,run,lanai side,treatment,temperature,Initial weight,final weight,plant ID,RLC order, lunar phase
9/28/21,Hm1-1,Hm,0.0466,1,ewa,1,30 C,0.2879,0.3345,1,6,IV
9/28/21,Hm1-2,Hm,0.1107,1,ewa,2,30 C,0.2773,0.388,1,6,IV
9/28/21,Hm1-3,Hm,0.0968,1,ewa,3,30 C,0.2829,0.3816,1,6,IV
9/28/21,Hm1-4,Hm,0.08,1,ewa,4,30 C,0.24695,0.3277,1,6,IV
9/28/21,Ul1-1,Ul,-0.0287,1,ewa,1,30 C,0.2705,0.2418,1,6,IV
9/28/21,Ul1-2,Ul,-0.0745,1,ewa,2,30 C,0.2595,0.185,1,6,IV
9/28/21,Ul1-3,Ul,-0.139,1,ewa,3,30 C,0.2673,0.1283,1,6,IV
9/28/21,Ul1-4,Ul,-0.0679,1,ewa,4,30 C,0.2861,0.2182,1,6,IV
9/28/21,Hm2-1,Hm,0.1043,1,ewa,1,30 C,0.2830,0.3892,2,5,IV
9/28/21,Hm2-2,Hm,0.0766,1,ewa,2,30 C,0.307,0.3836,2,5,IV
9/28/21,Hm2-3,Hm,0.059,1,ewa,3,30 C,0.2631,0.3221,2,5,IV
9/28/21,Hm2-4,Hm,0.0739,1,ewa,4,30 C,0.2789,0.3528,2,5,IV
9/28/21,Ul2-1,Ul,0.0015,1,ewa,1,30 C,0.2386,0.2401,2,5,IV
9/28/21,Ul2-2,Ul,0.1243,1,ewa,2,30 C,0.3114,0.4357,2,5,IV
9/28/21,Ul2-3,Ul,0.1323,1,ewa,3,30 C,0.2765,0.4088,2,5,IV
9/28/21,Ul2-4,Ul,0.1933,1,ewa,4,30 C,0.2922,0.4855,2,5,IV
9/28/21,Hm3-1,Hm,0.1546,1,ewa,1,27 C,0.25675,0.4178,3,2,IV
9/28/21,Hm3-2,Hm,0.1037,1,ewa,2,27 C,0.2900,0.3956,3,2,IV
9/28/21,Hm3-3,Hm,0.0727,1,ewa,3,27 C,0.2578,0.3305,3,2,IV
9/28/21,Hm3-4,Hm,0.0779,1,ewa,4,27 C,0.26075,0.3432,3,2,IV
9/28/21,Ul3-1,Ul,0.0527,1,ewa,1,27 C,0.2965,0.3492,3,2,IV
9/28/21,Ul3-2,Ul,0.0959,1,ewa,2,27 C,0.2662,0.3621,3,2,IV
9/28/21,Ul3-3,Ul,0.1332,1,ewa,3,27 C,0.2899,0.4231,3,2,IV
9/28/21,Ul3-4,Ul,0.1632,1,ewa,4,27 C,0.2969,0.4601,3,2,IV
9/28/21,Hm4-1,Hm,0.1069,1,ewa,1,27 C,0.2640,0.3781,4,1,IV
9/28/21,Hm4-2,Hm,0.0534,1,ewa,2,27 C,0.26615,0.3241,4,1,IV
9/28/21,Hm4-3,Hm,0.1008,1,ewa,3,27 C,0.2859,0.3867,4,1,IV
9/28/21,Hm4-4,Hm,0.0695,1,ewa,4,27 C,0.2809,0.3504,4,1,IV
9/28/21,Ul4-1,Ul,0.1463,1,ewa,1,27 C,0.2304,0.3767,4,1,IV
9/28/21,Ul4-2,Ul,0.2088,1,ewa,2,27 C,0.3039,0.5127,4,1,IV
9/28/21,Ul4-3,Ul,0.2226,1,ewa,3,27 C,0.2822,0.5048,4,1,IV
9/28/21,Ul4-4,Ul,0.2568,1,ewa,4,27 C,0.2623,0.5191,4,1,IV
9/28/21,Hm5-1,Hm,0.079,1,ewa,1,20 C,0.2603,0.3393,5,4,IV
9/28/21,Hm5-2,Hm,0.0676,1,ewa,2,20 C,0.2137,0.2813,5,4,IV
9/28/21,Hm5-3,Hm,0.1058,1,ewa,3,20 C,0.29015,0.3986,5,4,IV
9/28/21,Hm5-4,Hm,0.0714,1,ewa,4,20 C,0.29605,0.3701,5,4,IV
9/28/21,Ul5-1,Ul,0.188,1,ewa,1,20 C,0.2885,0.4765,5,4,IV
9/28/21,Ul5-2,Ul,0.284,1,ewa,2,20 C,0.2737,0.5577,5,4,IV
9/28/21,Ul5-3,Ul,0.1942,1,ewa,3,20 C,0.2913,0.4855,5,4,IV
9/28/21,Ul5-4,Ul,0.2023,1,ewa,4,20 C,0.2884,0.4907,5,4,IV
9/28/21,Hm6-1,Hm,0.1454,1,ewa,1,20 C,0.2481,0.3935,6,3,IV
9/28/21,Hm6-2,Hm,0.0632,1,ewa,2,20 C,0.2721,0.3353,6,3,IV
9/28/21,Hm6-3,Hm,0.0807,1,ewa,3,20 C,0.2522,0.3329,6,3,IV
9/28/21,Hm6-4,Hm,0.0769,1,ewa,4,20 C,0.2489,0.3273,6,3,IV
9/28/21,Ul6-1,Ul,0.1203,1,ewa,1,20 C,0.2952,0.4155,6,3,IV
9/28/21,Ul6-2,Ul,0.1261,1,ewa,2,20 C,0.2809,0.407,6,3,IV
9/28/21,Ul6-3,Ul,0.1615,1,ewa,3,20 C,0.3068,0.4683,6,3,IV
9/28/21,Ul6-4,Ul,0.2723,1,ewa,4,20 C,0.3138,0.5861,6,3,IV
9/29/21,Hm1-1,Hm,0.0651,1,diamond,1,20 C,0.3016,0.3767,7,6,IV
9/29/21,Hm1-2,Hm,0.0228,1,diamond,2,20 C,0.3045,0.3692,7,6,IV
9/29/21,Hm1-3,Hm,0.073,1,diamond,3,20 C,0.2805,0.3223,7,6,IV
9/29/21,Hm1-4,Hm,0.0505,1,diamond,4,20 C,0.2885,0.361,7,6,IV
9/29/21,Ul1-1,Ul,0.0396,1,diamond,1,20 C,0.306,0.6745,7,6,IV
9/29/21,Ul1-2,Ul,0.0368,1,diamond,2,20 C,0.277,0.6132,7,6,IV
9/29/21,Ul1-3,Ul,0.0322,1,diamond,3,20 C,0.2951,0.8293,7,6,IV
9/29/21,Ul1-4,Ul,0.0357,1,diamond,4,20 C,0.2943,0.5555,7,6,IV
9/29/21,Hm2-1,Hm,0.0535,1,diamond,1,20 C,0.2621,0.339,8,5,IV
9/29/21,Hm2-2,Hm,0.0178,1,diamond,2,20 C,0.2155,0.0846,8,5,IV
9/29/21,Hm2-3,Hm,0.0206,1,diamond,3,20 C,0.2727,0.31,8,5,IV
9/29/21,Hm2-4,Hm,0.0399,1,diamond,4,20 C,0.2583,0.2335,8,5,IV
9/29/21,Ul2-1,Ul,0.0364,1,diamond,1,20 C,0.2895,0.5528,8,5,IV
9/29/21,Ul2-2,Ul,0.0349,1,diamond,2,20 C,0.2846,0.5605,8,5,IV
9/29/21,Ul2-3,Ul,0.0375,1,diamond,3,20 C,0.2944,0.5265,8,5,IV
9/29/21,Ul2-4,Ul,0.0325,1,diamond,4,20 C,0.2925,0.5983,8,5,IV
9/29/21,Hm3-1,Hm,0.0341,1,diamond,1,27 C,0.2834,0.4198,9,2,IV
9/29/21,Hm3-2,Hm,0.0318,1,diamond,2,27 C,0.29405,0.3718,9,2,IV
9/29/21,Hm3-3,Hm,0.0549,1,diamond,3,27 C,0.2676,0.3561,9,2,IV
9/29/21,Hm3-4,Hm,0.0379,1,diamond,4,27 C,0.2989,0.3948,9,2,IV
9/29/21,Ul3-1,Ul,0.0403,1,diamond,1,27 C,0.2614,0.3021,9,2,IV
9/29/21,Ul3-2,Ul,0.0378,1,diamond,2,27 C,0.2731,0.4731,9,2,IV
9/29/21,Ul3-3,Ul,0.0305,1,diamond,3,27 C,0.2954,0.5799,9,2,IV
9/29/21,Ul3-4,Ul,0.0366,1,diamond,4,27 C,0.3056,0.5308,9,2,IV
9/29/21,Hm4-1,Hm,0.047,1,diamond,1,27 C,0.2430,0.3565,10,1,IV
9/29/21,Hm4-2,Hm,0.0512,1,diamond,2,27 C,0.2767,0.3629,10,1,IV
9/29/21,Hm4-3,Hm,0.0304,1,diamond,3,27 C,0.2883,0.3752,10,1,IV
9/29/21,Hm4-4,Hm,0.0408,1,diamond,4,27 C,0.2922,0.3812,10,1,IV
9/29/21,Ul4-1,Ul,0.0545,1,diamond,1,27 C,0.3004,0.5448,10,1,IV
9/29/21,Ul4-2,Ul,0.0393,1,diamond,2,27 C,0.3011,0.5915,10,1,IV
9/29/21,Ul4-3,Ul,0.0434,1,diamond,3,27 C,0.2796,0.4937,10,1,IV
9/29/21,Ul4-4,Ul,0.0334,1,diamond,4,27 C,0.2978,0.4189,10,1,IV
9/29/21,Hm5-1,Hm,0.0224,1,diamond,1,30 C,0.27525,0.4125,11,4,IV
9/29/21,Hm5-2,Hm,0.0353,1,diamond,2,30 C,0.2915,0.3803,11,4,IV
9/29/21,Hm5-3,Hm,0.0378,1,diamond,3,30 C,0.2895,0.4037,11,4,IV
9/29/21,Hm5-4,Hm,0.025,1,diamond,4,30 C,0.2644,0.3523,11,4,IV
9/29/21,Ul5-1,Ul,0.0559,1,diamond,1,30 C,0.2729,0.3249,11,4,IV
9/29/21,Ul5-2,Ul,0.0311,1,diamond,2,30 C,0.2444,0.4354,11,4,IV
9/29/21,Ul5-3,Ul,0.0455,1,diamond,3,30 C,0.274,0.5318,11,4,IV
9/29/21,Ul5-4,Ul,0.0409,1,diamond,4,30 C,0.2576,0.4836,11,4,IV
9/29/21,Hm6-1,Hm,0.0719,1,diamond,1,30 C,0.2485,0.30015,12,3,IV
9/29/21,Hm6-2,Hm,0.0335,1,diamond,2,30 C,0.2944,0.3653,12,3,IV
9/29/21,Hm6-3,Hm,0.0259,1,diamond,3,30 C,0.24765,0.352,12,3,IV
9/29/21,Hm6-4,Hm,0.0277,1,diamond,4,30 C,0.2962,0.3586,12,3,IV
9/29/21,Ul6-1,Ul,0.0423,1,diamond,1,30 C,0.3034,0.4222,12,3,IV
9/29/21,Ul6-2,Ul,0.0421,1,diamond,2,30 C,0.2861,0.3954,12,3,IV
9/29/21,Ul6-3,Ul,0.037,1,diamond,3,30 C,0.2854,0.5645,12,3,IV
9/29/21,Ul6-4,Ul,0.0395,1,diamond,4,30 C,0.2828,0.5189,12,3,IV
10/8/21,Hm1-1,Hm,0.2503,2,ewa,1,30 C,0.2973,0.5476,13,4,I
10/8/21,Hm1-2,Hm,0.1258,2,ewa,2,30 C,0.2981,0.4239,13,4,I
10/8/21,Hm1-3,Hm,0.1295,2,ewa,3,30 C,0.2814,0.4109,13,4,I
10/8/21,Hm1-4,Hm,0.0533,2,ewa,4,30 C,0.2844,0.3377,13,4,I
10/8/21,Ul1-1,Ul,0.2371,2,ewa,1,30 C,0.3059,0.543,13,4,I
10/8/21,Ul1-2,Ul,0.19,2,ewa,2,30 C,0.2841,0.4741,13,4,I
10/8/21,Ul1-3,Ul,0.2344,2,ewa,3,30 C,0.2896,0.524,13,4,I
10/8/21,Ul1-4,Ul,0.2548,2,ewa,4,30 C,0.2699,0.5247,13,4,I
10/8/21,Hm2-1,Hm,0.1908,2,ewa,1,30 C,0.2946,0.4854,14,5,I
10/8/21,Hm2-2,Hm,0.0948,2,ewa,2,30 C,0.2882,0.383,14,5,I
10/8/21,Hm2-3,Hm,0.1543,2,ewa,3,30 C,0.2851,0.4394,14,5,I
10/8/21,Hm2-4,Hm,-0.0169,2,ewa,4,30 C,0.2886,0.2717,14,5,I
10/8/21,Ul2-1,Ul,0.114,2,ewa,1,30 C,0.2935,0.4075,14,5,I
10/8/21,Ul2-2,Ul,0.1684,2,ewa,2,30 C,0.2414,0.4098,14,5,I
10/8/21,Ul2-3,Ul,0.2302,2,ewa,3,30 C,0.2907,0.5209,14,5,I
10/8/21,Ul2-4,Ul,0.1919,2,ewa,4,30 C,0.2934,0.4853,14,5,I
10/8/21,Hm3-1,Hm,0.1638,2,ewa,1,27 C,0.2907,0.4344,15,6,I
10/8/21,Hm3-2,Hm,0.0709,2,ewa,2,27 C,0.2712,0.3421,15,6,I
10/8/21,Hm3-3,Hm,0.0498,2,ewa,3,27 C,0.2962,0.346,15,6,I
10/8/21,Hm3-4,Hm,-0.0389,2,ewa,4,27 C,0.2886,0.2497,15,6,I
10/8/21,Ul3-1,Ul,0.1629,2,ewa,1,27 C,0.2751,0.438,15,6,I
10/8/21,Ul3-2,Ul,0.2595,2,ewa,2,27 C,0.2938,0.5533,15,6,I
10/8/21,Ul3-3,Ul,0.2244,2,ewa,3,27 C,0.2829,0.5073,15,6,I
10/8/21,Ul3-4,Ul,0.1918,2,ewa,4,27 C,0.2754,0.4672,15,6,I
10/8/21,Hm4-1,Hm,0.0547,2,ewa,1,27 C,0.2922,0.3469,16,1,I
10/8/21,Hm4-2,Hm,0.0813,2,ewa,2,27 C,0.2568,0.3381,16,1,I
10/8/21,Hm4-3,Hm,0.0482,2,ewa,3,27 C,0.2954,0.3436,16,1,I
10/8/21,Hm4-4,Hm,-0.0019,2,ewa,4,27 C,0.2772,0.2753,16,1,I
10/8/21,Ul4-1,Ul,-0.0097,2,ewa,1,27 C,0.2897,0.28,16,1,I
10/8/21,Ul4-2,Ul,0.2108,2,ewa,2,27 C,0.2999,0.5107,16,1,I
10/8/21,Ul4-3,Ul,0.1082,2,ewa,3,27 C,0.3022,0.4104,16,1,I
10/8/21,Ul4-4,Ul,0.1648,2,ewa,4,27 C,0.2943,0.4591,16,1,I
10/8/21,Hm5-1,Hm,0.2559,2,ewa,1,20 C,0.2979,0.5538,17,2,I
10/8/21,Hm5-2,Hm,-0.25488,2,ewa,2,20 C,0.2998,0.4492,17,2,I
10/8/21,Hm5-3,Hm,0.0928,2,ewa,3,20 C,0.2968,0.3896,17,2,I
10/8/21,Hm5-4,Hm,0.0496,2,ewa,4,20 C,0.2466,0.2962,17,2,I
10/8/21,Ul5-1,Ul,0.0059,2,ewa,1,20 C,0.2999,0.3058,17,2,I
10/8/21,Ul5-2,Ul,-0.0626,2,ewa,2,20 C,0.2643,0.2017,17,2,I
10/8/21,Ul5-3,Ul,0.0809,2,ewa,3,20 C,0.2406,0.3215,17,2,I
10/8/21,Ul5-4,Ul,0.0821,2,ewa,4,20 C,0.2754,0.3575,17,2,I
10/8/21,Hm6-1,Hm,0.2102,2,ewa,1,20 C,0.2919,0.4634,18,3,I
10/8/21,Hm6-2,Hm,0.0981,2,ewa,2,20 C,0.2866,0.3847,18,3,I
10/8/21,Hm6-3,Hm,0.1029,2,ewa,3,20 C,0.28325,0.3989,18,3,I
10/8/21,Hm6-4,Hm,0.0959,2,ewa,4,20 C,0.27425,0.3747,18,3,I
10/8/21,Ul6-1,Ul,0.1212,2,ewa,1,20 C,0.2767,0.3979,18,3,I
10/8/21,Ul6-2,Ul,0.0681,2,ewa,2,20 C,0.2982,0.3663,18,3,I
10/8/21,Ul6-3,Ul,0.0965,2,ewa,3,20 C,0.2921,0.3886,18,3,I
10/8/21,Ul6-4,Ul,0.1872,2,ewa,4,20 C,0.2931,0.4803,18,3,I
10/9/21,Hm1-1,Hm,0.2197,2,diamond,1,20 C,0.2979,0.5176,19,4,I
10/9/21,Hm1-2,Hm,0.1285,2,diamond,2,20 C,0.3067,0.4352,19,4,I
10/9/21,Hm1-3,Hm,0.0919,2,diamond,3,20 C,0.2593,0.3512,19,4,I
10/9/21,Hm1-4,Hm,0.0745,2,diamond,4,20 C,0.2794,0.3588,19,4,I
10/9/21,Ul1-1,Ul,-0.0371,2,diamond,1,20 C,0.293,0.2559,19,4,I
10/9/21,Ul1-2,Ul,-0.042,2,diamond,2,20 C,0.2963,0.2543,19,4,I
10/9/21,Ul1-3,Ul,-0.0416,2,diamond,3,20 C,0.2969,0.2553,19,4,I
10/9/21,Ul1-4,Ul,0.2529,2,diamond,4,20 C,0.2967,0.5496,19,4,I
10/9/21,Hm2-1,Hm,0.1218,2,diamond,1,20 C,0.3031,0.4249,20,5,I
10/9/21,Hm2-2,Hm,0.0673,2,diamond,2,20 C,0.2967,0.364,20,5,I
10/9/21,Hm2-3,Hm,0.0667,2,diamond,3,20 C,0.2692,0.3359,20,5,I
10/9/21,Hm2-4,Hm,0.0616,2,diamond,4,20 C,0.2995,0.3611,20,5,I
10/9/21,Ul2-1,Ul,0.1808,2,diamond,1,20 C,0.2729,0.4537,20,5,I
10/9/21,Ul2-2,Ul,0.1175,2,diamond,2,20 C,0.2994,0.4169,20,5,I
10/9/21,Ul2-3,Ul,0.2001,2,diamond,3,20 C,0.2594,0.4595,20,5,I
10/9/21,Ul2-4,Ul,0.03,2,diamond,4,20 C,0.2735,0.3035,20,5,I
10/9/21,Hm3-1,Hm,0.1304,2,diamond,1,27 C,0.2774,0.39455,21,6,I
10/9/21,Hm3-2,Hm,0.0502,2,diamond,2,27 C,0.2617,0.2920,21,6,I
10/9/21,Hm3-3,Hm,0.0204,2,diamond,3,27 C,0.2933,0.3137,21,6,I
10/9/21,Hm3-4,Hm,0.073,2,diamond,4,27 C,0.2781,0.3511,21,6,I
10/9/21,Ul3-1,Ul,0.1048,2,diamond,1,27 C,0.2997,0.4045,21,6,I
10/9/21,Ul3-2,Ul,0.131,2,diamond,2,27 C,0.3038,0.4348,21,6,I
10/9/21,Ul3-3,Ul,0.1376,2,diamond,3,27 C,0.2899,0.4275,21,6,I
10/9/21,Ul3-4,Ul,0.1528,2,diamond,4,27 C,0.2975,0.4503,21,6,I
10/9/21,Hm4-1,Hm,0.125,2,diamond,1,27 C,0.2882,0.40905,22,1,I
10/9/21,Hm4-2,Hm,0.041,2,diamond,2,27 C,0.2858,0.3438,22,1,I
10/9/21,Hm4-3,Hm,0.0856,2,diamond,3,27 C,0.2845,0.3765,22,1,I
10/9/21,Hm4-4,Hm,0.0702,2,diamond,4,27 C,0.27675,0.3651,22,1,I
10/9/21,Ul4-1,Ul,0.1706,2,diamond,1,27 C,0.2845,0.4551,22,1,I
10/9/21,Ul4-2,Ul,0.196,2,diamond,2,27 C,0.3006,0.4966,22,1,I
10/9/21,Ul4-3,Ul,0.142,2,diamond,3,27 C,0.2756,0.4176,22,1,I
10/9/21,Ul4-4,Ul,0.1232,2,diamond,4,27 C,0.2994,0.4226,22,1,I
10/9/21,Hm5-1,Hm,0.0543,2,diamond,1,30 C,0.303,0.32905,23,2,I
10/9/21,Hm5-2,Hm,0.0581,2,diamond,2,30 C,0.2878,0.3309,23,2,I
10/9/21,Hm5-3,Hm,0.0042,2,diamond,3,30 C,0.2907,0.3077,23,2,I
10/9/21,Hm5-4,Hm,-0.1543,2,diamond,4,30 C,0.2895,0.1484,23,2,I
10/9/21,Ul5-1,Ul,0.1917,2,diamond,1,30 C,0.2821,0.4738,23,2,I
10/9/21,Ul5-2,Ul,0.2105,2,diamond,2,30 C,0.3061,0.5166,23,2,I
10/9/21,Ul5-3,Ul,0.2643,2,diamond,3,30 C,0.2999,0.5642,23,2,I
10/9/21,Ul5-4,Ul,0.1024,2,diamond,4,30 C,0.2939,0.3963,23,2,I
10/9/21,Hm6-1,Hm,0.049,2,diamond,1,30 C,0.2505,0.2995,24,3,I
10/9/21,Hm6-2,Hm,0.0247,2,diamond,2,30 C,0.2631,0.2878,24,3,I
10/9/21,Hm6-3,Hm,-0.1435,2,diamond,3,30 C,0.2916,0.1481,24,3,I
10/9/21,Hm6-4,Hm,-0.2559,2,diamond,4,30 C,0.2909,0.035,24,3,I
10/9/21,Ul6-1,Ul,0.1476,2,diamond,1,30 C,0.3051,0.4527,24,3,I
10/9/21,Ul6-2,Ul,0.1651,2,diamond,2,30 C,0.287,0.4521,24,3,I
10/9/21,Ul6-3,Ul,0.2207,2,diamond,3,30 C,0.3039,0.5246,24,3,I
10/9/21,Ul6-4,Ul,0.1584,2,diamond,4,30 C,0.3053,0.4637,24,3,I
10/19/21,Hm1-1,Hm,0.0746,3,ewa,1,20 C,0.2948,0.3694,25,4,III
10/19/21,Hm1-2,Hm,0.0869,3,ewa,2,20 C,0.299,0.3859,25,4,III
10/19/21,Hm1-3,Hm,0.0636,3,ewa,3,20 C,0.3037,0.3673,25,4,III
10/19/21,Hm1-4,Hm,0.0746,3,ewa,4,20 C,0.3036,0.3782,25,4,III
10/19/21,Ul1-1,Ul,-0.0236,3,ewa,1,20 C,0.2803,0.2567,25,4,III
10/19/21,Ul1-2,Ul,0.0171,3,ewa,2,20 C,0.286,0.3031,25,4,III
10/19/21,Ul1-3,Ul,0.036,3,ewa,3,20 C,0.2817,0.3177,25,4,III
10/19/21,Ul1-4,Ul,0.0474,3,ewa,4,20 C,0.2773,0.3247,25,4,III
10/19/21,Hm2-1,Hm,0.0374,3,ewa,1,20 C,0.2957,0.3331,26,5,III
10/19/21,Hm2-2,Hm,0.0613,3,ewa,2,20 C,0.2859,0.3472,26,5,III
10/19/21,Hm2-3,Hm,0.0481,3,ewa,3,20 C,0.2921,0.3402,26,5,III
10/19/21,Hm2-4,Hm,0.0177,3,ewa,4,20 C,0.2794,0.2971,26,5,III
10/19/21,Ul2-1,Ul,0.1614,3,ewa,1,20 C,0.2871,0.4485,26,5,III
10/19/21,Ul2-2,Ul,0.0975,3,ewa,2,20 C,0.2596,0.3571,26,5,III
10/19/21,Ul2-3,Ul,0.0954,3,ewa,3,20 C,0.2655,0.3609,26,5,III
10/19/21,Ul2-4,Ul,0.1672,3,ewa,4,20 C,0.2563,0.4235,26,5,III
10/19/21,Hm3-1,Hm,0.1144,3,ewa,1,27 C,0.3039,0.4051,27,6,III
10/19/21,Hm3-2,Hm,0.0731,3,ewa,2,27 C,0.3077,0.3808,27,6,III
10/19/21,Hm3-3,Hm,0.0804,3,ewa,3,27 C,0.2803,0.3607,27,6,III
10/19/21,Hm3-4,Hm,0.0808,3,ewa,4,27 C,0.3055,0.3863,27,6,III
10/19/21,Ul3-1,Ul,0.0508,3,ewa,1,27 C,0.2898,0.3406,27,6,III
10/19/21,Ul3-2,Ul,0.0298,3,ewa,2,27 C,0.2669,0.2967,27,6,III
10/19/21,Ul3-3,Ul,0.1532,3,ewa,3,27 C,0.2808,0.434,27,6,III
10/19/21,Ul3-4,Ul,0.1536,3,ewa,4,27 C,0.2916,0.4452,27,6,III
10/19/21,Hm4-1,Hm,0.0888,3,ewa,1,27 C,0.3043,0.38485,28,1,III
10/19/21,Hm4-2,Hm,0.0781,3,ewa,2,27 C,0.2892,0.3673,28,1,III
10/19/21,Hm4-3,Hm,0.1173,3,ewa,3,27 C,0.2722,0.3895,28,1,III
10/19/21,Hm4-4,Hm,0.0425,3,ewa,4,27 C,0.2757,0.3182,28,1,III
10/19/21,Ul4-1,Ul,0.1087,3,ewa,1,27 C,0.2979,0.4066,28,1,III
10/19/21,Ul4-2,Ul,0.1702,3,ewa,2,27 C,0.3035,0.4737,28,1,III
10/19/21,Ul4-3,Ul,0.0207,3,ewa,3,27 C,0.3085,0.3292,28,1,III
10/19/21,Ul4-4,Ul,0.1831,3,ewa,4,27 C,0.2989,0.482,28,1,III
10/19/21,Hm5-1,Hm,0.1487,3,ewa,1,30 C,0.2858,0.4300,29,2,III
10/19/21,Hm5-2,Hm,0.1155,3,ewa,2,30 C,0.3073,0.4228,29,2,III
10/19/21,Hm5-3,Hm,0.1235,3,ewa,3,30 C,0.3,0.4235,29,2,III
10/19/21,Hm5-4,Hm,0.11,3,ewa,4,30 C,0.2791,0.3891,29,2,III
10/19/21,Ul5-1,Ul,0.0418,3,ewa,1,30 C,0.2733,0.3151,29,2,III
10/19/21,Ul5-2,Ul,0.0971,3,ewa,2,30 C,0.2839,0.381,29,2,III
10/19/21,Ul5-3,Ul,0.0934,3,ewa,3,30 C,0.2673,0.3607,29,2,III
10/19/21,Ul5-4,Ul,0.1558,3,ewa,4,30 C,0.2923,0.4481,29,2,III
10/19/21,Hm6-1,Hm,0.046,3,ewa,1,30 C,0.2642,0.3102,30,3,III
10/19/21,Hm6-2,Hm,0.0595,3,ewa,2,30 C,0.2492,0.3087,30,3,III
10/19/21,Hm6-3,Hm,-0.063,3,ewa,3,30 C,0.2842,0.2212,30,3,III
10/19/21,Hm6-4,Hm,-0.0192,3,ewa,4,30 C,0.2607,0.2415,30,3,III
10/19/21,Ul6-1,Ul,0.0962,3,ewa,1,30 C,0.2546,0.3508,30,3,III
10/19/21,Ul6-2,Ul,0.117,3,ewa,2,30 C,0.2258,0.3428,30,3,III
10/19/21,Ul6-3,Ul,0.1445,3,ewa,3,30 C,0.2329,0.3774,30,3,III
10/19/21,Ul6-4,Ul,0.1535,3,ewa,4,30 C,0.2603,0.4138,30,3,III
10/29/21,Hm1-1,Hm,0.0589,3.5,diamond,1,20 C,0.3032,0.3621,31,4,IV
10/29/21,Hm1-2,Hm,0.0577,3.5,diamond,2,20 C,0.3037,0.3614,31,4,IV
10/29/21,Hm1-3,Hm,0.0879,3.5,diamond,3,20 C,0.3045,0.3924,31,4,IV
10/29/21,Hm1-4,Hm,0.0436,3.5,diamond,4,20 C,0.3065,0.3501,31,4,IV
10/29/21,Ul1-1,Ul,0.0942,3.5,diamond,1,20 C,0.307,0.4012,31,4,IV
10/29/21,Ul1-2,Ul,0.1112,3.5,diamond,2,20 C,0.2991,0.4103,31,4,IV
10/29/21,Ul1-3,Ul,0.126,3.5,diamond,3,20 C,0.2984,0.4244,31,4,IV
10/29/21,Ul1-4,Ul,0.1576,3.5,diamond,4,20 C,0.3007,0.4583,31,4,IV
10/29/21,Hm2-1,Hm,0.0758,3.5,diamond,1,20 C,0.3069,0.3827,32,5,IV
10/29/21,Hm2-2,Hm,0.0006,3.5,diamond,2,20 C,0.2655,0.2661,32,5,IV
10/29/21,Hm2-3,Hm,-0.0439,3.5,diamond,3,20 C,0.2755,0.2316,32,5,IV
10/29/21,Hm2-4,Hm,0.002,3.5,diamond,4,20 C,0.2883,0.2903,32,5,IV
10/29/21,Ul2-1,Ul,0.0616,3.5,diamond,1,20 C,0.2808,0.3424,32,5,IV
10/29/21,Ul2-2,Ul,0.0903,3.5,diamond,2,20 C,0.2973,0.3876,32,5,IV
10/29/21,Ul2-3,Ul,0.1293,3.5,diamond,3,20 C,0.2848,0.4141,32,5,IV
10/29/21,Ul2-4,Ul,0.1193,3.5,diamond,4,20 C,0.3038,0.4231,32,5,IV
10/29/21,Hm3-1,Hm,0.0489,3.5,diamond,1,27 C,0.3009,0.3498,33,6,IV
10/29/21,Hm3-2,Hm,0.0363,3.5,diamond,2,27 C,0.3062,0.3425,33,6,IV
10/29/21,Hm3-3,Hm,0.0628,3.5,diamond,3,27 C,0.2669,0.3297,33,6,IV
10/29/21,Hm3-4,Hm,0.0298,3.5,diamond,4,27 C,0.3024,0.3322,33,6,IV
10/29/21,Ul3-1,Ul,0.0752,3.5,diamond,1,27 C,0.309,0.3842,33,6,IV
10/29/21,Ul3-2,Ul,0.0586,3.5,diamond,2,27 C,0.269,0.3276,33,6,IV
10/29/21,Ul3-3,Ul,0.1024,3.5,diamond,3,27 C,0.2985,0.4009,33,6,IV
10/29/21,Ul3-4,Ul,0.0892,3.5,diamond,4,27 C,0.1993,0.2885,33,6,IV
10/29/21,Hm4-1,Hm,0.0589,3.5,diamond,1,27 C,0.3054,0.34735,34,1,IV
10/29/21,Hm4-2,Hm,0.0436,3.5,diamond,2,27 C,0.30395,0.34905,34,1,IV
10/29/21,Hm4-3,Hm,0.0751,3.5,diamond,3,27 C,0.30415,0.38,34,1,IV
10/29/21,Hm4-4,Hm,0.0496,3.5,diamond,4,27 C,0.30065,0.354,34,1,IV
10/29/21,Ul4-1,Ul,-0.0662,3.5,diamond,1,27 C,0.2831,0.2169,34,1,IV
10/29/21,Ul4-2,Ul,0.0277,3.5,diamond,2,27 C,0.3027,0.3304,34,1,IV
10/29/21,Ul4-3,Ul,0.1008,3.5,diamond,3,27 C,0.3003,0.4011,34,1,IV
10/29/21,Ul4-4,Ul,0.1467,3.5,diamond,4,27 C,0.2886,0.4353,34,1,IV
10/29/21,Hm5-1,Hm,0.0548,3.5,diamond,1,30 C,0.3021,0.3569,35,2,IV
10/29/21,Hm5-2,Hm,0.046,3.5,diamond,2,30 C,0.2753,0.3213,35,2,IV
10/29/21,Hm5-3,Hm,0.0873,3.5,diamond,3,30 C,0.2823,0.3696,35,2,IV
10/29/21,Hm5-4,Hm,-0.1314,3.5,diamond,4,30 C,0.3037,0.1723,35,2,IV
10/29/21,Ul5-1,Ul,0.0365,3.5,diamond,1,30 C,0.2826,0.3191,35,2,IV
10/29/21,Ul5-2,Ul,0.0448,3.5,diamond,2,30 C,0.2869,0.3317,35,2,IV
10/29/21,Ul5-3,Ul,0.0608,3.5,diamond,3,30 C,0.2826,0.3434,35,2,IV
10/29/21,Ul5-4,Ul,0.103,3.5,diamond,4,30 C,0.3032,0.4062,35,2,IV
10/29/21,Hm6-1,Hm,0.0533,3.5,diamond,1,30 C,0.2773,0.3306,36,3,IV
10/29/21,Hm6-2,Hm,0.0317,3.5,diamond,2,30 C,0.2818,0.3135,36,3,IV
10/29/21,Hm6-3,Hm,0.1393,3.5,diamond,3,30 C,0.2993,0.4386,36,3,IV
10/29/21,Hm6-4,Hm,0.0765,3.5,diamond,4,30 C,0.3079,0.3844,36,3,IV
10/29/21,Ul6-1,Ul,0.0822,3.5,diamond,1,30 C,0.3031,0.3853,36,3,IV
10/29/21,Ul6-2,Ul,0.0561,3.5,diamond,2,30 C,0.3071,0.3632,36,3,IV
10/29/21,Ul6-3,Ul,0.075,3.5,diamond,3,30 C,0.2795,0.3545,36,3,IV
10/29/21,Ul6-4,Ul,0.0887,3.5,diamond,4,30 C,0.3022,0.3909,36,3,IV
11/9/21,Hm1-1,Hm,0.1016,4,ewa,1,20 C,0.3017,0.4033,37,4,II
11/9/21,Hm1-2,Hm,0.0861,4,ewa,2,20 C,0.3037,0.3898,37,4,II
11/9/21,Hm1-3,Hm,0.0954,4,ewa,3,20 C,0.2951,0.3905,37,4,II
11/9/21,Hm1-4,Hm,0.0516,4,ewa,4,20 C,0.2993,0.3509,37,4,II
11/9/21,Ul1-1,Ul,-0.1542,4,ewa,1,20 C,0.2763,0.1221,37,4,II
11/9/21,Ul1-2,Ul,-0.164,4,ewa,2,20 C,0.3081,0.1441,37,4,II
11/9/21,Ul1-3,Ul,-0.1657,4,ewa,3,20 C,0.2922,0.1265,37,4,II
11/9/21,Ul1-4,Ul,-0.068,4,ewa,4,20 C,0.3035,0.2355,37,4,II
11/9/21,Hm2-1,Hm,0.1065,4,ewa,1,20 C,0.3041,0.4106,38,5,II
11/9/21,Hm2-2,Hm,0.1242,4,ewa,2,20 C,0.303,0.4272,38,5,II
11/9/21,Hm2-3,Hm,0.1118,4,ewa,3,20 C,0.3048,0.4166,38,5,II
11/9/21,Hm2-4,Hm,0.0779,4,ewa,4,20 C,0.3009,0.3788,38,5,II
11/9/21,Ul2-1,Ul,0.1904,4,ewa,1,20 C,0.2991,0.4895,38,5,II
11/9/21,Ul2-2,Ul,0.172,4,ewa,2,20 C,0.2975,0.4695,38,5,II
11/9/21,Ul2-3,Ul,0.1215,4,ewa,3,20 C,0.2957,0.4172,38,5,II
11/9/21,Ul2-4,Ul,0.1551,4,ewa,4,20 C,0.2986,0.4537,38,5,II
11/9/21,Hm3-1,Hm,0.0725,4,ewa,1,27 C,0.3076,0.3786,39,6,II
11/9/21,Hm3-2,Hm,0.0486,4,ewa,2,27 C,0.2738,0.3224,39,6,II
11/9/21,Hm3-3,Hm,0.0646,4,ewa,3,27 C,0.3036,0.3682,39,6,II
11/9/21,Hm3-4,Hm,0.0679,4,ewa,4,27 C,0.2999,0.3678,39,6,II
11/9/21,Ul3-1,Ul,0.1106,4,ewa,1,27 C,0.2809,0.3915,39,6,II
11/9/21,Ul3-2,Ul,0.1268,4,ewa,2,27 C,0.2915,0.4183,39,6,II
11/9/21,Ul3-3,Ul,0.0493,4,ewa,3,27 C,0.2805,0.3298,39,6,II
11/9/21,Ul3-4,Ul,0.107,4,ewa,4,27 C,0.2987,0.4057,39,6,II
11/9/21,Hm4-1,Hm,0.0613,4,ewa,1,27 C,0.3016,0.3629,40,1,II
11/9/21,Hm4-2,Hm,0.0105,4,ewa,2,27 C,0.2991,0.3153,40,1,II
11/9/21,Hm4-3,Hm,0.0602,4,ewa,3,27 C,0.2973,0.3575,40,1,II
11/9/21,Hm4-4,Hm,0.0027,4,ewa,4,27 C,0.2982,0.3009,40,1,II
11/9/21,Ul4-1,Ul,0.0661,4,ewa,1,27 C,0.3013,0.3674,40,1,II
11/9/21,Ul4-2,Ul,0.0498,4,ewa,2,27 C,0.2222,0.272,40,1,II
11/9/21,Ul4-3,Ul,0.0607,4,ewa,3,27 C,0.2029,0.2636,40,1,II
11/9/21,Ul4-4,Ul,0.0724,4,ewa,4,27 C,0.2751,0.3475,40,1,II
11/9/21,Hm5-1,Hm,0.0705,4,ewa,1,30 C,0.3038,0.3743,41,2,II
11/9/21,Hm5-2,Hm,0.0436,4,ewa,2,30 C,0.3021,0.3457,41,2,II
11/9/21,Hm5-3,Hm,0.066,4,ewa,3,30 C,0.2974,0.3634,41,2,II
11/9/21,Hm5-4,Hm,0.0293,4,ewa,4,30 C,0.2984,0.3277,41,2,II
11/9/21,Ul5-1,Ul,0.0073,4,ewa,1,30 C,0.3024,0.3097,41,2,II
11/9/21,Ul5-2,Ul,0.0404,4,ewa,2,30 C,0.3039,0.3443,41,2,II
11/9/21,Ul5-3,Ul,0.0585,4,ewa,3,30 C,0.2908,0.3493,41,2,II
11/9/21,Ul5-4,Ul,0.085,4,ewa,4,30 C,0.2832,0.3682,41,2,II
11/9/21,Hm6-1,Hm,0.0658,4,ewa,1,30 C,0.2999,0.3537,42,3,II
11/9/21,Hm6-2,Hm,0.0586,4,ewa,2,30 C,0.2977,0.3563,42,3,II
11/9/21,Hm6-3,Hm,0.0336,4,ewa,3,30 C,0.2623,0.2959,42,3,II
11/9/21,Hm6-4,Hm,0.0281,4,ewa,4,30 C,0.3058,0.3339,42,3,II
11/9/21,Ul6-1,Ul,0.0247,4,ewa,1,30 C,0.2969,0.3216,42,3,II
11/9/21,Ul6-2,Ul,0.0667,4,ewa,2,30 C,0.2995,0.3662,42,3,II
11/9/21,Ul6-3,Ul,0.1073,4,ewa,3,30 C,0.2958,0.4031,42,3,II
11/9/21,Ul6-4,Ul,0.0863,4,ewa,4,30 C,0.286,0.3723,42,3,II
11/12/21,Hm1-1,Hm,0.1033,4,diamond,1,20 C,0.307,0.4103,43,1,II
11/12/21,Hm1-2,Hm,0.0539,4,diamond,2,20 C,0.2975,0.3514,43,1,II
11/12/21,Hm1-3,Hm,0.0795,4,diamond,3,20 C,0.3007,0.3802,43,1,II
11/12/21,Hm1-4,Hm,0.0193,4,diamond,4,20 C,0.304,0.3233,43,1,II
11/12/21,Ul1-1,Ul,0.0632,4,diamond,1,20 C,0.293,0.3562,43,1,II
11/12/21,Ul1-2,Ul,0.0443,4,diamond,2,20 C,0.3021,0.3464,43,1,II
11/12/21,Ul1-3,Ul,0.0486,4,diamond,3,20 C,0.2966,0.3452,43,1,II
11/12/21,Ul1-4,Ul,0.1371,4,diamond,4,20 C,0.3021,0.4392,43,1,II
11/12/21,Hm2-1,Hm,0.0973,4,diamond,1,20 C,0.3008,0.39585,44,2,II
11/12/21,Hm2-2,Hm,0.0724,4,diamond,2,20 C,0.3009,0.3733,44,2,II
11/12/21,Hm2-3,Hm,0.0602,4,diamond,3,20 C,0.3046,0.3648,44,2,II
11/12/21,Hm2-4,Hm,0.0675,4,diamond,4,20 C,0.3033,0.3708,44,2,II
11/12/21,Ul2-1,Ul,0.2337,4,diamond,1,20 C,0.3028,0.5365,44,2,II
11/12/21,Ul2-2,Ul,0.1225,4,diamond,2,20 C,0.3034,0.4259,44,2,II
11/12/21,Ul2-3,Ul,0.1263,4,diamond,3,20 C,0.2878,0.4141,44,2,II
11/12/21,Ul2-4,Ul,0.1251,4,diamond,4,20 C,0.2959,0.421,44,2,II
11/12/21,Hm3-1,Hm,0.0588,4,diamond,1,27 C,0.3013,0.3601,45,3,II
11/12/21,Hm3-2,Hm,0.0765,4,diamond,2,27 C,0.3038,0.3803,45,3,II
11/12/21,Hm3-3,Hm,0.0885,4,diamond,3,27 C,0.303,0.3915,45,3,II
11/12/21,Hm3-4,Hm,0.0751,4,diamond,4,27 C,0.3047,0.3798,45,3,II
11/12/21,Ul3-1,Ul,-0.0056,4,diamond,1,27 C,0.2576,0.252,45,3,II
11/12/21,Ul3-2,Ul,-0.0205,4,diamond,2,27 C,0.2868,0.2663,45,3,II
11/12/21,Ul3-3,Ul,0.0711,4,diamond,3,27 C,0.2912,0.3623,45,3,II
11/12/21,Ul3-4,Ul,0.1212,4,diamond,4,27 C,0.3011,0.4223,45,3,II
11/12/21,Hm4-1,Hm,0.0908,4,diamond,1,27 C,0.2957,0.3865,46,4,II
11/12/21,Hm4-2,Hm,0.083,4,diamond,2,27 C,0.2975,0.3805,46,4,II
11/12/21,Hm4-3,Hm,0.1191,4,diamond,3,27 C,0.295,0.4141,46,4,II
11/12/21,Hm4-4,Hm,0.0599,4,diamond,4,27 C,0.3026,0.3625,46,4,II
11/12/21,Ul4-1,Ul,0.0113,4,diamond,1,27 C,0.2906,0.3019,46,4,II
11/12/21,Ul4-2,Ul,0.0006,4,diamond,2,27 C,0.2994,0.3,46,4,II
11/12/21,Ul4-3,Ul,0.0745,4,diamond,3,27 C,0.2928,0.3673,46,4,II
11/12/21,Ul4-4,Ul,0.0749,4,diamond,4,27 C,0.2851,0.36,46,4,II
11/12/21,Hm5-1,Hm,0.0571,4,diamond,1,30 C,0.2939,0.351,47,5,II
11/12/21,Hm5-2,Hm,0.0719,4,diamond,2,30 C,0.3039,0.3758,47,5,II
11/12/21,Hm5-3,Hm,0.0895,4,diamond,3,30 C,0.2962,0.3857,47,5,II
11/12/21,Hm5-4,Hm,-0.0051,4,diamond,4,30 C,0.2991,0.294,47,5,II
11/12/21,Ul5-1,Ul,0.0204,4,diamond,1,30 C,0.2804,0.3008,47,5,II
11/12/21,Ul5-2,Ul,0.0714,4,diamond,2,30 C,0.2877,0.3591,47,5,II
11/12/21,Ul5-3,Ul,0.0912,4,diamond,3,30 C,0.3027,0.3939,47,5,II
11/12/21,Ul5-4,Ul,0.0815,4,diamond,4,30 C,0.2938,0.3753,47,5,II
11/12/21,Hm6-1,Hm,0.0649,4,diamond,1,30 C,0.2983,0.3632,48,6,II
11/12/21,Hm6-2,Hm,0.0627,4,diamond,2,30 C,0.3002,0.3629,48,6,II
11/12/21,Hm6-3,Hm,-0.0746,4,diamond,3,30 C,0.2999,0.2253,48,6,II
11/12/21,Hm6-4,Hm,-0.1862,4,diamond,4,30 C,0.2879,0.1017,48,6,II
11/12/21,Ul6-1,Ul,0.0154,4,diamond,1,30 C,0.2977,0.3131,48,6,II
11/12/21,Ul6-2,Ul,-0.0058,4,diamond,2,30 C,0.249,0.2432,48,6,II
11/12/21,Ul6-3,Ul,0.0268,4,diamond,3,30 C,0.2663,0.2931,48,6,II
11/12/21,Ul6-4,Ul,0.0624,4,diamond,4,30 C,0.288,0.3504,48,6,II
2/19/22,Ul1-1,Ul,-0.0047,6,ewa,0,20,0.2935,0.2888,49,4,III
2/19/22,Ul1-2,Ul,0.0036,6,ewa,0,20,0.2703,0.2739,50,4,III
2/19/22,Ul1-3,Ul,0.051,6,ewa,0,20,0.3039,0.3549,51,4,III
2/19/22,Ul1-4,Ul,0.0498,6,ewa,0,20,0.2981,0.3479,52,4,III
2/19/22,Ul2-1,Ul,-0.0285,6,ewa,0,20,0.2962,0.2677,53,5,III
2/19/22,Ul2-2,Ul,-0.0056,6,ewa,0,20,0.3053,0.2997,54,5,III
2/19/22,Ul2-3,Ul,0.0019,6,ewa,0,20,0.3083,0.3102,55,5,III
2/19/22,Ul2-4,Ul,0.0078,6,ewa,0,20,0.2671,0.2749,56,5,III
2/19/22,Ul3-1,Ul,0.0176,6,ewa,0,27,0.2996,0.3172,57,6,III
2/19/22,Ul3-2,Ul,0.0416,6,ewa,0,27,0.2907,0.3323,58,6,III
2/19/22,Ul3-3,Ul,-0.0139,6,ewa,0,27,0.3095,0.2956,59,6,III
2/19/22,Ul3-4,Ul,-0.0286,6,ewa,0,27,0.2979,0.2693,60,6,III
2/19/22,Ul4-1,Ul,0.0166,6,ewa,0,27,0.2798,0.2964,61,1,III
2/19/22,Ul4-2,Ul,-0.0205,6,ewa,0,27,0.3091,0.2886,62,1,III
2/19/22,Ul4-3,Ul,0.0516,6,ewa,0,27,0.3069,0.3585,63,1,III
2/19/22,Ul4-4,Ul,-0.0071,6,ewa,0,27,0.3003,0.2932,64,1,III
2/19/22,Ul5-1,Ul,0.0469,6,ewa,0,30,0.2957,0.3426,65,2,III
2/19/22,Ul5-2,Ul,0.006,6,ewa,0,30,0.3009,0.3069,66,2,III
2/19/22,Ul5-3,Ul,0.0046,6,ewa,0,30,0.3015,0.3061,67,2,III
2/19/22,Ul5-4,Ul,0.0082,6,ewa,0,30,0.3006,0.3088,68,2,III
2/19/22,Ul6-1,Ul,0.0365,6,ewa,0,30,0.281,0.3175,69,3,III
2/19/22,Ul6-2,Ul,0.0049,6,ewa,0,30,0.2786,0.2835,70,3,III
2/19/22,Ul6-3,Ul,0.0116,6,ewa,0,30,0.297,0.3086,71,3,III
2/19/22,Ul6-4,Ul,0.0348,6,ewa,0,30,0.2936,0.3284,72,3,III
4/29/22,Hm1-1,Hm,0.1712,7,ewa,2.5,20,0.2974,0.4686,49,4,III
4/29/22,Hm1-2,Hm,0.1533,7,ewa,2.5,20,0.3028,0.4561,50,4,III
4/29/22,Hm1-3,Hm,0.0701,7,ewa,2.5,20,0.3038,0.3739,51,4,III
4/29/22,Hm1-4,Hm,0.1207,7,ewa,2.5,20,0.303,0.4237,52,4,III
4/29/22,HUl1-1,Hm,0.0887,7,ewa,2.5,20,0.3036,0.3923,53,4,III
4/29/22,HUl1-2,Hm,0.1048,7,ewa,2.5,20,0.2996,0.4044,54,4,III
4/29/22,HUl1-3,Hm,0.0539,7,ewa,2.5,20,0.2876,0.3415,55,4,III
4/29/22,HUl1-4,Hm,0.1527,7,ewa,2.5,20,0.3006,0.4533,56,4,III
4/29/22,Hm2-1,Hm,0.0254,7,ewa,2.5,20,0.3043,0.3297,57,5,III
4/29/22,Hm2-2,Hm,0.0882,7,ewa,2.5,20,0.2967,0.3849,58,5,III
4/29/22,Hm2-3,Hm,0.0801,7,ewa,2.5,20,0.2925,0.3726,59,5,III
4/29/22,Hm2-4,Hm,0.1171,7,ewa,2.5,20,0.2953,0.4124,60,5,III
4/29/22,HUl2-1,Hm,0.1424,7,ewa,2.5,20,0.299,0.4414,61,5,III
4/29/22,HUl2-2,Hm,0.1005,7,ewa,2.5,20,0.299,0.3995,62,5,III
4/29/22,HUl2-3,Hm,0.1323,7,ewa,2.5,20,0.2996,0.4319,63,5,III
4/29/22,HUl2-4,Hm,0.0881,7,ewa,2.5,20,0.3023,0.3904,64,5,III
4/29/22,Hm3-1,Hm,0.1109,7,ewa,2.5,27,0.3033,0.4142,65,6,III
4/29/22,Hm3-2,Hm,0.1359,7,ewa,2.5,27,0.3011,0.437,66,6,III
4/29/22,Hm3-3,Hm,-0.0277,7,ewa,2.5,27,0.302,0.2743,67,6,III
4/29/22,Hm3-4,Hm,0.0344,7,ewa,2.5,27,0.302,0.3364,68,6,III
4/29/22,HUl3-1,Hm,0.0944,7,ewa,2.5,27,0.2947,0.3891,69,6,III
4/29/22,HUl3-2,Hm,0.1132,7,ewa,2.5,27,0.3026,0.4158,70,6,III
4/29/22,HUl3-3,Hm,0.0904,7,ewa,2.5,27,0.2809,0.3713,71,6,III
4/29/22,HUl3-4,Hm,0.1103,7,ewa,2.5,27,0.2961,0.4064,72,6,III
4/29/22,Hm4-1,Hm,-0.0263,7,ewa,2.5,27,0.2870,0.2682,73,1,III
4/29/22,Hm4-2,Hm,0.0793,7,ewa,2.5,27,0.2971,0.3764,74,1,III
4/29/22,Hm4-3,Hm,0.0799,7,ewa,2.5,27,0.2993,0.3792,75,1,III
4/29/22,Hm4-4,Hm,0.1093,7,ewa,2.5,27,0.3043,0.4136,76,1,III
4/29/22,HUl4-1,Hm,0.1295,7,ewa,2.5,27,0.3034,0.4329,77,1,III
4/29/22,HUl4-2,Hm,0.1212,7,ewa,2.5,27,0.2957,0.4169,78,1,III
4/29/22,HUl4-3,Hm,0.0801,7,ewa,2.5,27,0.3002,0.3803,79,1,III
4/29/22,HUl4-4,Hm,0.0819,7,ewa,2.5,27,0.2979,0.3798,80,1,III
4/29/22,Hm5-1,Hm,0.0606,7,ewa,2.5,30,0.2998,0.3604,81,2,III
4/29/22,Hm5-2,Hm,0.1196,7,ewa,2.5,30,0.2933,0.4129,82,2,III
4/29/22,Hm5-3,Hm,0.0601,7,ewa,2.5,30,0.3012,0.3613,83,2,III
4/29/22,Hm5-4,Hm,0.0858,7,ewa,2.5,30,0.3037,0.3895,84,2,III
4/29/22,HUl5-1,Hm,0.1401,7,ewa,2.5,30,0.3018,0.4419,85,2,III
4/29/22,HUl5-2,Hm,0.1262,7,ewa,2.5,30,0.2978,0.424,86,2,III
4/29/22,HUl5-3,Hm,0.2024,7,ewa,2.5,30,0.2904,0.4992,87,2,III
4/29/22,HUl5-4,Hm,0.2436,7,ewa,2.5,30,0.3014,0.545,88,2,III
4/29/22,Hm6-1,Hm,0.1082,7,ewa,2.5,30,0.2995,0.4077,89,3,III
4/29/22,Hm6-2,Hm,0.1279,7,ewa,2.5,30,0.2967,0.4246,90,3,III
4/29/22,Hm6-3,Hm,0.0133,7,ewa,2.5,30,0.2862,0.3071,91,3,III
4/29/22,Hm6-4,Hm,0.1073,7,ewa,2.5,30,0.2949,0.4022,92,3,III
4/29/22,HUl6-1,Hm,0.1193,7,ewa,2.5,30,0.3036,0.4229,93,3,III
4/29/22,HUl6-2,Hm,0.1564,7,ewa,2.5,30,0.3017,0.4581,94,3,III
4/29/22,HUl6-3,Hm,0.1692,7,ewa,2.5,30,0.3007,0.4699,95,3,III
4/29/22,HUl6-4,Hm,0.1212,7,ewa,2.5,30,0.2911,0.4123,96,3,III
3/1/22,Ul1-1,Ul,0.0123,6.5,ewa,0,20,0.2936,0.3059,73,4,IV
3/1/22,Ul1-2,Ul,0.0329,6.5,ewa,0,20,0.2948,0.3277,74,4,IV
3/1/22,Ul1-3,Ul,0.0114,6.5,ewa,0,20,0.3041,0.3155,75,4,IV
3/1/22,Ul1-4,Ul,0.0168,6.5,ewa,0,20,0.2958,0.3126,76,4,IV
3/1/22,Ul2-1,Ul,0.0567,6.5,ewa,0,20,0.2946,0.3513,77,5,IV
3/1/22,Ul2-2,Ul,0.0278,6.5,ewa,0,20,0.2875,0.3153,78,5,IV
3/1/22,Ul2-3,Ul,-0.0089,6.5,ewa,0,20,0.3044,0.2955,79,5,IV
3/1/22,Ul2-4,Ul,0.0087,6.5,ewa,0,20,0.2739,0.2826,80,5,IV
3/1/22,Ul3-1,Ul,0.0237,6.5,ewa,0,27,0.3044,0.3281,81,6,IV
3/1/22,Ul3-2,Ul,0.0248,6.5,ewa,0,27,0.305,0.3298,82,6,IV
3/1/22,Ul3-3,Ul,-0.0144,6.5,ewa,0,27,0.2898,0.2754,83,6,IV
3/1/22,Ul3-4,Ul,0.0178,6.5,ewa,0,27,0.2901,0.3079,84,6,IV
3/1/22,Ul4-1,Ul,0.0099,6.5,ewa,0,27,0.3026,0.3125,85,1,IV
3/1/22,Ul4-2,Ul,-0.0057,6.5,ewa,0,27,0.2964,0.2907,86,1,IV
3/1/22,Ul4-3,Ul,0.0049,6.5,ewa,0,27,0.2918,0.2967,87,1,IV
3/1/22,Ul4-4,Ul,-0.0083,6.5,ewa,0,27,0.3033,0.295,88,1,IV
3/1/22,Ul5-1,Ul,0.031,6.5,ewa,0,30,0.2997,0.3307,89,2,IV
3/1/22,Ul5-2,Ul,0.016,6.5,ewa,0,30,0.3001,0.3161,90,2,IV
3/1/22,Ul5-3,Ul,0.0184,6.5,ewa,0,30,0.297,0.3154,91,2,IV
3/1/22,Ul5-4,Ul,0.0123,6.5,ewa,0,30,0.2933,0.3056,92,2,IV
3/1/22,Ul6-1,Ul,0.014,6.5,ewa,0,30,0.2861,0.3001,93,3,IV
3/1/22,Ul6-2,Ul,0.0267,6.5,ewa,0,30,0.2973,0.324,94,3,IV
3/1/22,Ul6-3,Ul,0.0064,6.5,ewa,0,30,0.2745,0.2809,95,3,IV
3/1/22,Ul6-4,Ul,0.0074,6.5,ewa,0,30,0.2821,0.2895,96,3,IV
10/12/22,Hm1-1,Hm,0.0767,8,diamond,0,20,0.3012,0.3779,97,4,III
10/12/22,Hm1-2,Hm,0.0628,8,diamond,0,20,0.3013,0.3641,98,4,III
10/12/22,Hm1-3,Hm,0.1137,8,diamond,0,20,0.294,0.4077,99,4,III
10/12/22,Hm1-4,Hm,-0.018,8,diamond,0,20,0.3061,0.3656,100,4,III
10/22/22,HUl1-1,Hm,0.1654,9,diamond,0,20,0.3013,0.46795,101,4,I
10/22/22,HUl1-2,Hm,0.1804,9,diamond,0,20,0.2975,0.48915,102,4,I
10/22/22,HUl1-3,Hm,0.0303,9,diamond,0,20,0.2993,0.3388,103,4,I
10/22/22,HUl1-4,Hm,0.1233,9,diamond,0,20,0.2991,0.4324,104,4,I
10/12/22,Hm2-1,Hm,0.1237,8,diamond,0,20,0.3004,0.4241,105,5,III
10/12/22,Hm2-2,Hm,0.0599,8,diamond,0,20,0.3027,0.3626,106,5,III
10/12/22,Hm2-3,Hm,0.0529,8,diamond,0,20,0.3018,0.3656,107,5,III
10/12/22,Hm2-4,Hm,0.06,8,diamond,0,20,0.2983,0.3583,108,5,III
10/22/22,HUl2-1,Hm,0.1154,9,diamond,0,20,0.3013,0.42295,109,5,I
10/22/22,HUl2-2,Hm,0.0577,9,diamond,0,20,0.3021,0.3640,110,5,I
10/22/22,HUl2-3,Hm,0.0601,9,diamond,0,20,0.3016,0.3659,111,5,I
10/22/22,HUl2-4,Hm,0.0603,9,diamond,0,20,0.2973,0.3639,112,5,I
10/12/22,Hm3-1,Hm,0.0949,8,diamond,0,27,0.3037,0.40195,113,6,III
10/12/22,Hm3-2,Hm,0.0959,8,diamond,0,27,0.3041,0.4042,114,6,III
10/12/22,Hm3-3,Hm,-0.3982,8,diamond,0,27,0.2809,0.15315,115,6,III
10/12/22,Hm3-4,Hm,0.0217,8,diamond,0,27,0.2871,0.3155,116,6,III
10/22/22,HUl3-1,Hm,0.0749,9,diamond,0,27,0.3007,0.3771,117,6,I
10/22/22,HUl3-2,Hm,0.0538,9,diamond,0,27,0.3048,0.3586,118,6,I
10/22/22,HUl3-3,Hm,0.0558,9,diamond,0,27,0.3032,0.3975,119,6,I
10/22/22,HUl3-4,Hm,0.0591,9,diamond,0,27,0.3035,0.3626,120,6,I
10/12/22,Hm4-1,Hm,-0.11,8,diamond,0,27,0.3007,0.1907,121,1,III
10/12/22,Hm4-2,Hm,0.0502,8,diamond,0,27,0.3024,0.37565,122,1,III
10/12/22,Hm4-3,Hm,-0.0153,8,diamond,0,27,0.3026,0.28855,123,1,III
10/12/22,Hm4-4,Hm,0.0482,8,diamond,0,27,0.2737,0.32315,124,1,III
10/22/22,HUl4-1,Hm,-0.0984,9,diamond,0,27,0.2884,0.2896,125,1,I
10/22/22,HUl4-2,Hm,0.0588,9,diamond,0,27,0.2989,0.37825,126,1,I
10/22/22,HUl4-3,Hm,0.0473,9,diamond,0,27,0.3002,0.3538,127,1,I
10/22/22,HUl4-4,Hm,0.0627,9,diamond,0,27,0.2969,0.3617,128,1,I
10/12/22,Hm5-1,Hm,-0.0664,8,diamond,0,30,0.2905,0.32465,129,2,III
10/12/22,Hm5-2,Hm,0.0513,8,diamond,0,30,0.2927,0.3608,130,2,III
10/12/22,Hm5-3,Hm,0.0828,8,diamond,0,30,0.299,0.3839,131,2,III
10/12/22,Hm5-4,Hm,0.0589,8,diamond,0,30,0.3026,0.3665,132,2,III
10/22/22,HUl5-1,Hm,0.0094,9,diamond,0,30,0.3038,0.34125,133,2,I
10/22/22,HUl5-2,Hm,0.0377,9,diamond,0,30,0.303,0.34905,134,2,I
10/22/22,HUl5-3,Hm,0.0387,9,diamond,0,30,0.3038,0.3634,135,2,I
10/22/22,HUl5-4,Hm,0.0213,9,diamond,0,30,0.2925,0.3247,136,2,I
10/12/22,Hm6-1,Hm,0.0913,8,diamond,0,30,0.3059,0.3972,137,3,III
10/12/22,Hm6-2,Hm,0.0341,8,diamond,0,30,0.2865,0.3206,138,3,III
10/12/22,Hm6-3,Hm,0.0952,8,diamond,0,30,0.3007,0.3959,139,3,III
10/12/22,Hm6-4,Hm,-0.0527,8,diamond,0,30,0.3019,0.3280,140,3,III
10/22/22,HUl6-1,Hm,-0.0012,9,diamond,0,30,0.2983,0.34175,141,3,I
10/22/22,HUl6-2,Hm,-0.1379,9,diamond,0,30,0.293,0.17635,142,3,I
10/22/22,HUl6-3,Hm,0.0074,9,diamond,0,30,0.3037,0.34945,143,3,I
10/22/22,HUl6-4,Hm,0.0235,9,diamond,0,30,0.29265,0.3169,144,3,I
10/21/22,ul1-1,Ul,,9,ewa,2.5,20,0.2904,0.3743,97,4,I
10/21/22,ul1-2,Ul,,9,ewa,2.5,20,0.2864,0.3675,98,4,I
10/21/22,ul1-3,Ul,,9,ewa,2.5,20,0.3007,0.3651,99,4,I
10/21/22,ul1-4,Ul,,9,ewa,2.5,20,0.2824,0.3396,100,4,I
10/21/22,hul1-1,Ul,,9,ewa,2.5,20,0.2929,0.3798,101,4,I
10/21/22,hul1-2,Ul,,9,ewa,2.5,20,0.3019,0.3411,102,4,I
10/21/22,hul1-3,Ul,,9,ewa,2.5,20,0.3019,0.4191,103,4,I
10/21/22,hul1-4,Ul,,9,ewa,2.5,20,0.2995,0.3916,104,4,I
10/21/22,ul2-1,Ul,,9,ewa,2.5,20,0.2994,0.3424,105,5,I
10/21/22,ul2-2,Ul,,9,ewa,2.5,20,0.2936,0.3384,106,5,I
10/21/22,ul2-3,Ul,,9,ewa,2.5,20,0.2963,0.4337,107,5,I
10/21/22,ul2-4,Ul,,9,ewa,2.5,20,0.2979,0.4034,108,5,I
10/21/22,hul2-1,Ul,,9,ewa,2.5,20,0.2852,0.3297,109,5,I
10/21/22,hul2-2,Ul,,9,ewa,2.5,20,0.2918,0.2673,110,5,I
10/21/22,hul2-3,Ul,,9,ewa,2.5,20,0.2832,0.3272,111,5,I
10/21/22,hul2-4,Ul,,9,ewa,2.5,20,0.263,0.3572,112,5,I
10/21/22,ul3-1,Ul,,9,ewa,2.5,27,0.2796,0.3796,113,6,I
10/21/22,ul3-2,Ul,,9,ewa,2.5,27,0.2959,0.3718,114,6,I
10/21/22,ul3-3,Ul,,9,ewa,2.5,27,0.2777,0.4107,115,6,I
10/21/22,ul3-4,Ul,,9,ewa,2.5,27,0.2964,0.3137,116,6,I
10/21/22,hul3-1,Ul,,9,ewa,2.5,27,0.3019,0.3533,117,6,I
10/21/22,hul3-2,Ul,,9,ewa,2.5,27,0.2989,0.304,118,6,I
10/21/22,hul3-3,Ul,,9,ewa,2.5,27,0.2978,0.4337,119,6,I
10/21/22,hul3-4,Ul,,9,ewa,2.5,27,0.2976,0.3245,120,6,I
10/21/22,ul4-1,Ul,,9,ewa,2.5,27,0.2956,0.4363,121,1,I
10/21/22,ul4-2,Ul,,9,ewa,2.5,27,0.2989,0.3743,122,1,I
10/21/22,ul4-3,Ul,,9,ewa,2.5,27,0.2919,0.3965,123,1,I
10/21/22,ul4-4,Ul,,9,ewa,2.5,27,0.2826,0.3169,124,1,I
10/21/22,hul4-1,Ul,,9,ewa,2.5,27,0.2828,0.3026,125,1,I
10/21/22,hul4-2,Ul,,9,ewa,2.5,27,0.2789,0.3114,126,1,I
10/21/22,hul4-3,Ul,,9,ewa,2.5,27,0.28,0.2845,127,1,I
10/21/22,hul4-4,Ul,,9,ewa,2.5,27,0.2985,0.4186,128,1,I
10/21/22,ul5-1,Ul,,9,ewa,2.5,30,0.2956,0.303,129,2,I
10/21/22,ul5-2,Ul,,9,ewa,2.5,30,0.2903,0.2822,130,2,I
10/21/22,ul5-3,Ul,,9,ewa,2.5,30,0.294,0.3188,131,2,I
10/21/22,ul5-4,Ul,,9,ewa,2.5,30,0.3014,0.3852,132,2,I
10/21/22,hul5-1,Ul,,9,ewa,2.5,30,0.3019,0.3415,133,2,I
10/21/22,hul5-2,Ul,,9,ewa,2.5,30,0.3056,0.3557,134,2,I
10/21/22,hul5-3,Ul,,9,ewa,2.5,30,0.2975,0.2797,135,2,I
10/21/22,hul5-4,Ul,,9,ewa,2.5,30,0.2991,0.3615,136,2,I
10/21/22,ul6-1,Ul,,9,ewa,2.5,30,0.2729,0.3177,137,3,I
10/21/22,ul6-2,Ul,,9,ewa,2.5,30,0.2993,0.4566,138,3,I
10/21/22,ul6-3,Ul,,9,ewa,2.5,30,0.2935,0.3464,139,3,I
10/21/22,ul6-4,Ul,,9,ewa,2.5,30,0.2943,0.3626,140,3,I
10/21/22,hul6-1,Ul,,9,ewa,2.5,30,0.2802,0.3805,141,3,I
10/21/22,hul6-2,Ul,,9,ewa,2.5,30,0.2961,0.3272,142,3,I
10/21/22,hul6-3,Ul,,9,ewa,2.5,30,0.2925,0.3627,143,3,I
10/21/22,hul6-4,Ul,,9,ewa,2.5,30,0.3027,0.3265,144,3,I