Date,Time,ID,F,F0,Fm,Fm',Epar,Y(II),ETR,Fv/Fm,NPQ,deltaNPQ,rETR,Temp
4/21/22,8:08:29,Hm1-1,84,84,192,192,0,0.563,0,0.563,-,0,0,20
4/21/22,8:08:59,Hm1-1,91,84,192,195,66,0.533,14.8,0.563,-0.015,0,35.18,20
4/21/22,8:09:29,Hm1-1,89,84,192,177,90,0.497,18.8,0.563,0.085,0,44.73,20
4/21/22,8:09:59,Hm1-1,86,84,192,146,125,0.411,21.6,0.563,0.315,0,51.38,20
4/21/22,8:10:30,Hm1-1,89,84,192,124,190,0.282,22.5,0.563,0.548,0,53.58,20
4/21/22,8:11:00,Hm1-1,89,84,192,111,285,0.198,23.7,0.563,0.73,0,56.43,20
4/21/22,8:11:30,Hm1-1,90,84,192,104,420,0.135,23.8,0.563,0.846,0,56.7,20
4/21/22,8:12:01,Hm1-1,93,84,192,100,625,0.07,18.4,0.563,0.92,0,43.75,20
4/21/22,8:12:31,Hm1-1,95,84,192,103,820,0.078,26.9,0.563,0.864,0,63.96,20
4/21/22,8:12:54,Hm1-2,93,93,271,271,0,0.657,0,0.657,-,0,0,20
4/21/22,8:13:24,Hm1-2,104,93,271,256,66,0.594,16.5,0.657,0.059,0,39.2,20
4/21/22,8:13:54,Hm1-2,89,93,271,184,90,0.516,19.5,0.657,0.473,0,46.44,20
4/21/22,8:14:25,Hm1-2,89,93,271,152,125,0.414,21.7,0.657,0.783,0,51.75,20
4/21/22,8:14:55,Hm1-2,92,93,271,135,190,0.319,25.5,0.657,1.007,0,60.61,20
4/21/22,8:15:25,Hm1-2,89,93,271,117,285,0.239,28.6,0.657,1.316,0,68.11,20
4/21/22,8:15:55,Hm1-2,88,93,271,105,420,0.162,28.6,0.657,1.581,0,68.04,20
4/21/22,8:16:26,Hm1-2,89,93,271,101,625,0.119,31.2,0.657,1.683,0,74.38,20
4/21/22,8:16:56,Hm1-2,93,93,271,101,820,0.079,27.2,0.657,1.683,0,64.78,20
4/21/22,8:17:56,Hm1-3,56,56,168,168,0,0.667,0,0.667,-,0,0,20
4/21/22,8:18:26,Hm1-3,63,56,168,158,66,0.601,16.7,0.667,0.063,0,39.67,20
4/21/22,8:18:57,Hm1-3,66,56,168,154,90,0.571,21.6,0.667,0.091,0,51.39,20
4/21/22,8:19:27,Hm1-3,65,56,168,120,125,0.458,24,0.667,0.4,0,57.25,20
4/21/22,8:19:57,Hm1-3,66,56,168,104,190,0.365,29.1,0.667,0.615,0,69.35,20
4/21/22,8:20:28,Hm1-3,66,56,168,90,285,0.267,32,0.667,0.867,0,76.09,20
4/21/22,8:20:58,Hm1-3,68,56,168,84,420,0.19,33.5,0.667,1,0,79.8,20
4/21/22,8:21:28,Hm1-3,72,56,168,80,625,0.1,26.3,0.667,1.1,0,62.5,20
4/21/22,8:21:58,Hm1-3,71,56,168,81,820,0.123,42.4,0.667,1.074,0,100.86,20
4/21/22,8:22:26,Hm1-4,87,87,232,232,0,0.625,0,0.625,-,0,0,20
4/21/22,8:22:57,Hm1-4,101,87,232,211,66,0.521,14.4,0.625,0.1,0,34.39,20
4/21/22,8:23:27,Hm1-4,98,87,232,187,90,0.476,18,0.625,0.241,0,42.84,20
4/21/22,8:23:57,Hm1-4,100,87,232,172,125,0.419,22,0.625,0.349,0,52.38,20
4/21/22,8:24:28,Hm1-4,99,87,232,147,190,0.327,26.1,0.625,0.578,0,62.13,20
4/21/22,8:24:58,Hm1-4,104,87,232,135,285,0.23,27.5,0.625,0.719,0,65.55,20
4/21/22,8:25:28,Hm1-4,107,87,232,125,420,0.144,25.4,0.625,0.856,0,60.48,20
4/21/22,8:25:58,Hm1-4,110,87,232,120,625,0.083,21.8,0.625,0.933,0,51.88,20
4/21/22,8:26:29,Hm1-4,111,87,232,120,820,0.075,25.8,0.625,0.933,0,61.5,20
4/21/22,8:27:04,HUl1-1,84,84,209,209,0,0.598,0,0.598,-,0,0,20
4/21/22,8:27:34,HUl1-1,93,84,209,182,66,0.489,13.6,0.598,0.148,0,32.27,20
4/21/22,8:28:05,HUl1-1,92,84,209,170,90,0.459,17.4,0.598,0.229,0,41.31,20
4/21/22,8:28:35,HUl1-1,94,84,209,149,125,0.369,19.4,0.598,0.403,0,46.12,20
4/21/22,8:29:05,HUl1-1,94,84,209,132,190,0.288,23,0.598,0.583,0,54.72,20
4/21/22,8:29:36,HUl1-1,95,84,209,121,285,0.215,25.7,0.598,0.727,0,61.27,20
4/21/22,8:30:06,HUl1-1,99,84,209,116,420,0.147,25.9,0.598,0.802,0,61.74,20
4/21/22,8:30:36,HUl1-1,102,84,209,112,625,0.089,23.4,0.598,0.866,0,55.62,20
4/21/22,8:31:06,HUl1-1,103,84,209,113,820,0.088,30.3,0.598,0.85,0,72.16,20
4/21/22,8:31:39,HUl1-2,70,70,244,244,0,0.713,0,0.713,-,0,0,20
4/21/22,8:32:09,HUl1-2,95,70,244,186,66,0.489,13.6,0.713,0.312,0,32.27,20
4/21/22,8:32:39,HUl1-2,96,70,244,172,90,0.442,16.7,0.713,0.419,0,39.78,20
4/21/22,8:33:10,HUl1-2,97,70,244,152,125,0.362,19,0.713,0.605,0,45.25,20
4/21/22,8:33:40,HUl1-2,100,70,244,136,190,0.265,21.1,0.713,0.794,0,50.35,20
4/21/22,8:34:10,HUl1-2,104,70,244,126,285,0.175,20.9,0.713,0.937,0,49.88,20
4/21/22,8:34:41,HUl1-2,107,70,244,122,420,0.123,21.7,0.713,1,0,51.66,20
4/21/22,8:35:11,HUl1-2,110,70,244,120,625,0.083,21.8,0.713,1.033,0,51.88,20
4/21/22,8:35:41,HUl1-2,112,70,244,120,820,0.067,23.1,0.713,1.033,0,54.94,20
4/21/22,8:36:03,HUl1-3,80,80,248,248,0,0.677,0,0.677,-,0,0,20
4/21/22,8:36:33,HUl1-3,88,80,248,181,66,0.514,14.2,0.677,0.37,0,33.92,20
4/21/22,8:37:04,HUl1-3,91,80,248,169,90,0.462,17.5,0.677,0.467,0,41.58,20
4/21/22,8:37:34,HUl1-3,92,80,248,161,125,0.429,22.5,0.677,0.54,0,53.62,20
4/21/22,8:38:04,HUl1-3,97,80,248,143,190,0.322,25.7,0.677,0.734,0,61.18,20
4/21/22,8:38:35,HUl1-3,99,80,248,131,285,0.244,29.2,0.677,0.893,0,69.54,20
4/21/22,8:39:05,HUl1-3,102,80,248,123,420,0.171,30.2,0.677,1.016,0,71.82,20
4/21/22,8:39:35,HUl1-3,106,80,248,120,625,0.117,30.7,0.677,1.067,0,73.12,20
4/21/22,8:40:05,HUl1-3,109,80,248,120,820,0.092,31.7,0.677,1.067,0,75.44,20
4/21/22,8:40:56,HUl1-4,96,96,266,266,0,0.639,0,0.639,-,0,0,20
4/21/22,8:41:26,HUl1-4,104,96,266,187,66,0.444,12.3,0.639,0.422,0,29.3,20
4/21/22,8:41:57,HUl1-4,102,96,266,179,90,0.43,16.3,0.639,0.486,0,38.7,20
4/21/22,8:42:27,HUl1-4,105,96,266,156,125,0.327,17.2,0.639,0.705,0,40.88,20
4/21/22,8:42:57,HUl1-4,108,96,266,139,190,0.223,17.8,0.639,0.914,0,42.37,20
4/21/22,8:43:28,HUl1-4,111,96,266,131,285,0.153,18.3,0.639,1.031,0,43.6,20
4/21/22,8:43:58,HUl1-4,114,96,266,128,420,0.109,19.2,0.639,1.078,0,45.78,20
4/21/22,8:44:28,HUl1-4,118,96,266,125,625,0.056,14.7,0.639,1.128,0,35,20
4/21/22,8:44:58,HUl1-4,120,96,266,127,820,0.055,18.9,0.639,1.094,0,45.1,20
4/21/22,8:45:45,Hm2-1,89,89,284,284,0,0.687,0,0.687,-,0,0,20
4/21/22,8:46:16,Hm2-1,106,89,284,181,66,0.414,11.5,0.687,0.569,0,27.32,20
4/21/22,8:46:46,Hm2-1,102,89,284,172,90,0.407,15.4,0.687,0.651,0,36.63,20
4/21/22,8:47:16,Hm2-1,104,89,284,165,125,0.37,19.4,0.687,0.721,0,46.25,20
4/21/22,8:47:47,Hm2-1,108,89,284,154,190,0.299,23.9,0.687,0.844,0,56.81,20
4/21/22,8:48:17,Hm2-1,113,89,284,144,285,0.215,25.7,0.687,0.972,0,61.27,20
4/21/22,8:48:47,Hm2-1,116,89,284,136,420,0.147,25.9,0.687,1.088,0,61.74,20
4/21/22,8:49:18,Hm2-1,119,89,284,131,625,0.092,24.2,0.687,1.168,0,57.5,20
4/21/22,8:49:48,Hm2-1,119,89,284,132,820,0.098,33.8,0.687,1.152,0,80.36,20
4/21/22,8:50:34,Hm2-2,88,88,205,205,0,0.571,0,0.571,-,0,0,20
4/21/22,8:51:04,Hm2-2,92,88,205,149,66,0.383,10.6,0.571,0.376,0,25.28,20
4/21/22,8:51:35,Hm2-2,92,88,205,140,90,0.343,13,0.571,0.464,0,30.87,20
4/21/22,8:52:05,Hm2-2,92,88,205,125,125,0.264,13.9,0.571,0.64,0,33,20
4/21/22,8:52:35,Hm2-2,93,88,205,118,190,0.212,16.9,0.571,0.737,0,40.28,20
4/21/22,8:53:05,Hm2-2,95,88,205,113,285,0.159,19,0.571,0.814,0,45.31,20
4/21/22,8:53:36,Hm2-2,98,88,205,110,420,0.109,19.2,0.571,0.864,0,45.78,20
4/21/22,8:54:06,Hm2-2,102,88,205,109,625,0.064,16.8,0.571,0.881,0,40,20
4/21/22,8:54:36,Hm2-2,103,88,205,111,820,0.072,24.8,0.571,0.847,0,59.04,20
4/21/22,8:55:24,Hm2-3,70,70,188,188,0,0.628,0,0.628,-,0,0,20
4/21/22,8:55:54,Hm2-3,81,70,188,136,66,0.404,11.2,0.628,0.382,0,26.66,20
4/21/22,8:56:24,Hm2-3,80,70,188,126,90,0.365,13.8,0.628,0.492,0,32.85,20
4/21/22,8:56:55,Hm2-3,80,70,188,118,125,0.322,16.9,0.628,0.593,0,40.25,20
4/21/22,8:57:25,Hm2-3,85,70,188,109,190,0.22,17.6,0.628,0.725,0,41.8,20
4/21/22,8:57:55,Hm2-3,87,70,188,104,285,0.163,19.5,0.628,0.808,0,46.45,20
4/21/22,8:58:25,Hm2-3,89,70,188,102,420,0.127,22.4,0.628,0.843,0,53.34,20
4/21/22,8:58:56,Hm2-3,93,70,188,100,625,0.07,18.4,0.628,0.88,0,43.75,20
4/21/22,8:59:26,Hm2-3,94,70,188,102,820,0.078,26.9,0.628,0.843,0,63.96,20
4/21/22,9:00:01,Hm2-4,94,94,241,241,0,0.61,0,0.61,-,0,0,20
4/21/22,9:00:32,Hm2-4,101,94,241,187,66,0.46,12.8,0.61,0.289,0,30.36,20
4/21/22,9:01:02,Hm2-4,101,94,241,166,90,0.392,14.8,0.61,0.452,0,35.28,20
4/21/22,9:01:32,Hm2-4,105,94,241,147,125,0.286,15,0.61,0.639,0,35.75,20
4/21/22,9:02:03,Hm2-4,106,94,241,132,190,0.197,15.7,0.61,0.826,0,37.43,20
4/21/22,9:02:33,Hm2-4,110,94,241,125,285,0.12,14.4,0.61,0.928,0,34.2,20
4/21/22,9:03:03,Hm2-4,113,94,241,122,420,0.074,13.1,0.61,0.975,0,31.08,20
4/21/22,9:03:34,Hm2-4,115,94,241,121,625,0.05,13.1,0.61,0.992,0,31.25,20
4/21/22,9:04:04,Hm2-4,114,94,241,124,820,0.081,27.9,0.61,0.944,0,66.42,20
4/21/22,9:06:21,HUl2-1,105,105,295,295,0,0.644,0,0.644,-,0,0,20
4/21/22,9:06:52,HUl2-1,117,105,295,207,66,0.435,12.1,0.644,0.425,0,28.71,20
4/21/22,9:07:22,HUl2-1,120,105,295,197,90,0.391,14.8,0.644,0.497,0,35.19,20
4/21/22,9:07:52,HUl2-1,120,105,295,180,125,0.333,17.5,0.644,0.639,0,41.62,20
4/21/22,9:08:23,HUl2-1,126,105,295,170,190,0.259,20.7,0.644,0.735,0,49.21,20
4/21/22,9:08:53,HUl2-1,130,105,295,164,285,0.207,24.8,0.644,0.799,0,58.99,20
4/21/22,9:09:23,HUl2-1,132,105,295,156,420,0.154,27.2,0.644,0.891,0,64.68,20
4/21/22,9:09:53,HUl2-1,135,105,295,152,625,0.112,29.4,0.644,0.941,0,70,20
4/21/22,9:10:24,HUl2-1,140,105,295,153,820,0.085,29.3,0.644,0.928,0,69.7,20
4/21/22,9:11:44,HUl2-2,109,109,312,312,0,0.651,0,0.651,-,0,0,20
4/21/22,9:12:14,HUl2-2,121,109,312,243,66,0.502,13.9,0.651,0.284,0,33.13,20
4/21/22,9:12:45,HUl2-2,120,109,312,226,90,0.469,17.7,0.651,0.381,0,42.21,20
4/21/22,9:13:15,HUl2-2,122,109,312,200,125,0.39,20.5,0.651,0.56,0,48.75,20
4/21/22,9:13:45,HUl2-2,123,109,312,176,190,0.301,24,0.651,0.773,0,57.19,20
4/21/22,9:14:15,HUl2-2,129,109,312,161,285,0.199,23.8,0.651,0.938,0,56.72,20
4/21/22,9:14:46,HUl2-2,135,109,312,155,420,0.129,22.8,0.651,1.013,0,54.18,20
4/21/22,9:15:16,HUl2-2,137,109,312,150,625,0.087,22.8,0.651,1.08,0,54.37,20
4/21/22,9:15:46,HUl2-2,138,109,312,152,820,0.092,31.7,0.651,1.053,0,75.44,20
4/21/22,9:16:28,HUl2-3,89,89,193,193,0,0.539,0,0.539,-,0,0,20
4/21/22,9:16:58,HUl2-3,97,89,193,156,66,0.378,10.5,0.539,0.237,0,24.95,20
4/21/22,9:17:29,HUl2-3,95,89,193,155,90,0.387,14.6,0.539,0.245,0,34.83,20
4/21/22,9:17:59,HUl2-3,96,89,193,150,125,0.36,18.9,0.539,0.287,0,45,20
4/21/22,9:18:29,HUl2-3,98,89,193,142,190,0.31,24.7,0.539,0.359,0,58.9,20
4/21/22,9:18:59,HUl2-3,99,89,193,135,285,0.267,32,0.539,0.43,0,76.09,20
4/21/22,9:19:30,HUl2-3,100,89,193,128,420,0.219,38.6,0.539,0.508,0,91.98,20
4/21/22,9:20:00,HUl2-3,103,89,193,120,625,0.142,37.3,0.539,0.608,0,88.75,20
4/21/22,9:20:30,HUl2-3,103,89,193,120,820,0.142,48.9,0.539,0.608,0,116.44,20
4/21/22,9:21:36,HUl2-4,77,77,233,233,0,0.67,0,0.67,-,0,0,20
4/21/22,9:22:06,HUl2-4,87,77,233,170,66,0.488,13.5,0.67,0.371,0,32.21,20
4/21/22,9:22:36,HUl2-4,84,77,233,161,90,0.478,18.1,0.67,0.447,0,43.02,20
4/21/22,9:23:07,HUl2-4,86,77,233,149,125,0.423,22.2,0.67,0.564,0,52.88,20
4/21/22,9:23:37,HUl2-4,88,77,233,137,190,0.358,28.6,0.67,0.701,0,68.02,20
4/21/22,9:24:07,HUl2-4,88,77,233,129,285,0.318,38.1,0.67,0.806,0,90.63,20
4/21/22,9:24:38,HUl2-4,93,77,233,119,420,0.218,38.5,0.67,0.958,0,91.56,20
4/21/22,9:25:08,HUl2-4,95,77,233,112,625,0.152,39.9,0.67,1.08,0,95,20
4/21/22,9:25:38,HUl2-4,96,77,233,110,820,0.127,43.7,0.67,1.118,0,104.14,20
4/21/22,9:27:24,Hm3-1,91,91,241,241,0,0.622,0,0.622,-,0,0,27
4/21/22,9:27:54,Hm3-1,100,91,241,170,66,0.412,11.4,0.622,0.418,0,27.19,27
4/21/22,9:28:24,Hm3-1,101,91,241,157,90,0.357,13.5,0.622,0.535,0,32.13,27
4/21/22,9:28:54,Hm3-1,104,91,241,145,125,0.283,14.9,0.622,0.662,0,35.38,27
4/21/22,9:29:25,Hm3-1,106,91,241,134,190,0.209,16.7,0.622,0.799,0,39.71,27
4/21/22,9:29:55,Hm3-1,108,91,241,129,285,0.163,19.5,0.622,0.868,0,46.45,27
4/21/22,9:30:25,Hm3-1,110,91,241,124,420,0.113,19.9,0.622,0.944,0,47.46,27
4/21/22,9:30:56,Hm3-1,111,91,241,120,625,0.075,19.7,0.622,1.008,0,46.88,27
4/21/22,9:31:26,Hm3-1,115,91,241,121,820,0.05,17.2,0.622,0.992,0,41,27
4/21/22,9:32:34,Hm3-2,85,85,172,172,0,0.506,0,0.506,-,0,0,27
4/21/22,9:33:04,Hm3-2,97,85,172,147,66,0.34,9.4,0.506,0.17,0,22.44,27
4/21/22,9:33:34,Hm3-2,88,85,172,131,90,0.328,12.4,0.506,0.313,0,29.52,27
4/21/22,9:34:05,Hm3-2,87,85,172,118,125,0.263,13.8,0.506,0.458,0,32.88,27
4/21/22,9:34:35,Hm3-2,86,85,172,109,190,0.211,16.8,0.506,0.578,0,40.09,27
4/21/22,9:35:05,Hm3-2,88,85,172,105,285,0.162,19.4,0.506,0.638,0,46.17,27
4/21/22,9:35:35,Hm3-2,89,85,172,103,420,0.136,24,0.506,0.67,0,57.12,27
4/21/22,9:36:06,Hm3-2,92,85,172,99,625,0.071,18.6,0.506,0.737,0,44.37,27
4/21/22,9:36:36,Hm3-2,93,85,172,101,820,0.079,27.2,0.506,0.703,0,64.78,27
4/21/22,9:37:09,Hm3-3,70,70,155,155,0,0.548,0,0.548,-,0,0,27
4/21/22,9:37:39,Hm3-3,77,70,155,137,66,0.438,12.1,0.548,0.131,0,28.91,27
4/21/22,9:38:09,Hm3-3,78,70,155,136,90,0.426,16.1,0.548,0.14,0,38.34,27
4/21/22,9:38:40,Hm3-3,77,70,155,131,125,0.412,21.6,0.548,0.183,0,51.5,27
4/21/22,9:39:10,Hm3-3,82,70,155,123,190,0.333,26.6,0.548,0.26,0,63.27,27
4/21/22,9:39:40,Hm3-3,82,70,155,117,285,0.299,35.8,0.548,0.325,0,85.22,27
4/21/22,9:40:10,Hm3-3,87,70,155,109,420,0.202,35.6,0.548,0.422,0,84.84,27
4/21/22,9:40:41,Hm3-3,85,70,155,102,625,0.167,43.8,0.548,0.52,0,104.38,27
4/21/22,9:41:11,Hm3-3,89,70,155,102,820,0.127,43.7,0.548,0.52,0,104.14,27
4/21/22,9:42:44,Hm3-4,85,85,251,251,0,0.661,0,0.661,-,0,0,27
4/21/22,9:43:14,Hm3-4,101,85,251,214,66,0.528,14.6,0.661,0.173,0,34.85,27
4/21/22,9:43:45,Hm3-4,100,85,251,199,90,0.497,18.8,0.661,0.261,0,44.73,27
4/21/22,9:44:15,Hm3-4,104,85,251,185,125,0.438,23,0.661,0.357,0,54.75,27
4/21/22,9:44:45,Hm3-4,110,85,251,172,190,0.36,28.7,0.661,0.459,0,68.4,27
4/21/22,9:45:16,Hm3-4,115,85,251,161,285,0.286,34.2,0.661,0.559,0,81.51,27
4/21/22,9:45:46,Hm3-4,120,85,251,154,420,0.221,39,0.661,0.63,0,92.82,27
4/21/22,9:46:16,Hm3-4,125,85,251,147,625,0.15,39.4,0.661,0.707,0,93.75,27
4/21/22,9:46:46,Hm3-4,127,85,251,146,820,0.13,44.8,0.661,0.719,0,106.6,27
4/21/22,9:48:13,HUl3-1,108,108,275,275,0,0.607,0,0.607,-,0,0,27
4/21/22,9:48:43,HUl3-1,118,108,275,224,66,0.473,13.1,0.607,0.228,0,31.22,27
4/21/22,9:49:14,HUl3-1,117,108,275,213,90,0.451,17,0.607,0.291,0,40.59,27
4/21/22,9:49:44,HUl3-1,118,108,275,193,125,0.389,20.4,0.607,0.425,0,48.62,27
4/21/22,9:50:14,HUl3-1,119,108,275,178,190,0.331,26.4,0.607,0.545,0,62.89,27
4/21/22,9:50:44,HUl3-1,122,108,275,163,285,0.252,30.2,0.607,0.687,0,71.82,27
4/21/22,9:51:15,HUl3-1,125,108,275,153,420,0.183,32.3,0.607,0.797,0,76.86,27
4/21/22,9:51:45,HUl3-1,129,108,275,145,625,0.11,28.9,0.607,0.897,0,68.75,27
4/21/22,9:52:15,HUl3-1,130,108,275,146,820,0.11,37.9,0.607,0.884,0,90.2,27
4/21/22,9:53:27,HUl3-2,99,99,250,250,0,0.604,0,0.604,-,0,0,27
4/21/22,9:53:57,HUl3-2,106,99,250,193,66,0.451,12.5,0.604,0.295,0,29.77,27
4/21/22,9:54:28,HUl3-2,103,99,250,188,90,0.452,17.1,0.604,0.33,0,40.68,27
4/21/22,9:54:58,HUl3-2,104,99,250,168,125,0.381,20,0.604,0.488,0,47.62,27
4/21/22,9:55:28,HUl3-2,106,99,250,146,190,0.274,21.9,0.604,0.712,0,52.06,27
4/21/22,9:55:59,HUl3-2,110,99,250,131,285,0.16,19.2,0.604,0.908,0,45.6,27
4/21/22,9:56:29,HUl3-2,110,99,250,126,420,0.127,22.4,0.604,0.984,0,53.34,27
4/21/22,9:56:59,HUl3-2,115,99,250,125,625,0.08,21,0.604,1,0,50,27
4/21/22,9:57:29,HUl3-2,117,99,250,125,820,0.064,22,0.604,1,0,52.48,27
4/21/22,9:58:07,HUl3-3,115,115,257,257,0,0.553,0,0.553,-,0,0,27
4/21/22,9:58:37,HUl3-3,129,115,257,208,66,0.38,10.5,0.553,0.236,0,25.08,27
4/21/22,9:59:07,HUl3-3,127,115,257,201,90,0.368,13.9,0.553,0.279,0,33.12,27
4/21/22,9:59:38,HUl3-3,130,115,257,187,125,0.305,16,0.553,0.374,0,38.12,27
4/21/22,10:00:08,HUl3-3,131,115,257,177,190,0.26,20.7,0.553,0.452,0,49.4,27
4/21/22,10:00:38,HUl3-3,136,115,257,168,285,0.19,22.7,0.553,0.53,0,54.15,27
4/21/22,10:01:08,HUl3-3,138,115,257,160,420,0.138,24.3,0.553,0.606,0,57.96,27
4/21/22,10:01:39,HUl3-3,143,115,257,153,625,0.065,17.1,0.553,0.68,0,40.62,27
4/21/22,10:02:09,HUl3-3,144,115,257,155,820,0.071,24.5,0.553,0.658,0,58.22,27
4/21/22,10:02:45,HUl3-4,83,83,244,244,0,0.66,0,0.66,-,0,0,27
4/21/22,10:03:16,HUl3-4,91,83,244,185,66,0.508,14.1,0.66,0.319,0,33.53,27
4/21/22,10:03:46,HUl3-4,91,83,244,173,90,0.474,17.9,0.66,0.41,0,42.66,27
4/21/22,10:04:16,HUl3-4,91,83,244,154,125,0.409,21.5,0.66,0.584,0,51.12,27
4/21/22,10:04:46,HUl3-4,94,83,244,140,190,0.329,26.3,0.66,0.743,0,62.51,27
4/21/22,10:05:17,HUl3-4,98,83,244,127,285,0.228,27.3,0.66,0.921,0,64.98,27
4/21/22,10:05:47,HUl3-4,101,83,244,121,420,0.165,29.1,0.66,1.017,0,69.3,27
4/21/22,10:06:17,HUl3-4,105,83,244,118,625,0.11,28.9,0.66,1.068,0,68.75,27
4/21/22,10:06:48,HUl3-4,105,83,244,118,820,0.11,37.9,0.66,1.068,0,90.2,27
4/21/22,10:07:35,Hm4-1,71,71,127,127,0,0.441,0,0.441,-,0,0,27
4/21/22,10:08:05,Hm4-1,73,71,127,124,66,0.411,11.4,0.441,0.024,0,27.13,27
4/21/22,10:08:35,Hm4-1,73,71,127,117,90,0.376,14.2,0.441,0.085,0,33.84,27
4/21/22,10:09:05,Hm4-1,71,71,127,110,125,0.355,18.6,0.441,0.155,0,44.38,27
4/21/22,10:09:36,Hm4-1,73,71,127,101,190,0.277,22.1,0.441,0.257,0,52.63,27
4/21/22,10:10:06,Hm4-1,74,71,127,93,285,0.204,24.4,0.441,0.366,0,58.14,27
4/21/22,10:10:36,Hm4-1,74,71,127,91,420,0.187,33,0.441,0.396,0,78.54,27
4/21/22,10:11:07,Hm4-1,77,71,127,86,625,0.105,27.6,0.441,0.477,0,65.62,27
4/21/22,10:11:37,Hm4-1,78,71,127,85,820,0.082,28.2,0.441,0.494,0,67.24,27
4/21/22,10:12:11,Hm4-2,97,97,259,259,0,0.625,0,0.625,-,0,0,27
4/21/22,10:12:41,Hm4-2,111,97,259,193,66,0.425,11.8,0.625,0.342,0,28.05,27
4/21/22,10:13:11,Hm4-2,108,97,259,190,90,0.432,16.3,0.625,0.363,0,38.88,27
4/21/22,10:13:41,Hm4-2,108,97,259,174,125,0.379,19.9,0.625,0.489,0,47.38,27
4/21/22,10:14:12,Hm4-2,111,97,259,160,190,0.306,24.4,0.625,0.619,0,58.14,27
4/21/22,10:14:42,Hm4-2,115,97,259,149,285,0.228,27.3,0.625,0.738,0,64.98,27
4/21/22,10:15:12,Hm4-2,117,97,259,140,420,0.164,28.9,0.625,0.85,0,68.88,27
4/21/22,10:15:43,Hm4-2,121,97,259,134,625,0.097,25.5,0.625,0.933,0,60.62,27
4/21/22,10:16:13,Hm4-2,122,97,259,134,820,0.09,31,0.625,0.933,0,73.8,27
4/21/22,10:16:39,Hm4-3,90,90,251,251,0,0.641,0,0.641,-,0,0,27
4/21/22,10:17:09,Hm4-3,100,90,251,190,66,0.474,13.1,0.641,0.321,0,31.28,27
4/21/22,10:17:39,Hm4-3,99,90,251,175,90,0.434,16.4,0.641,0.434,0,39.06,27
4/21/22,10:18:10,Hm4-3,100,90,251,161,125,0.379,19.9,0.641,0.559,0,47.38,27
4/21/22,10:18:40,Hm4-3,105,90,251,147,190,0.286,22.8,0.641,0.707,0,54.34,27
4/21/22,10:19:10,Hm4-3,109,90,251,137,285,0.204,24.4,0.641,0.832,0,58.14,27
4/21/22,10:19:40,Hm4-3,114,90,251,129,420,0.116,20.5,0.641,0.946,0,48.72,27
4/21/22,10:20:11,Hm4-3,117,90,251,126,625,0.071,18.6,0.641,0.992,0,44.37,27
4/21/22,10:20:41,Hm4-3,116,90,251,127,820,0.087,30,0.641,0.976,0,71.34,27
4/21/22,10:21:15,Hm4-4,93,93,185,185,0,0.497,0,0.497,-,0,0,27
4/21/22,10:21:45,Hm4-4,100,93,185,153,66,0.346,9.6,0.497,0.209,0,22.84,27
4/21/22,10:22:15,Hm4-4,99,93,185,153,90,0.353,13.3,0.497,0.209,0,31.77,27
4/21/22,10:22:46,Hm4-4,99,93,185,144,125,0.313,16.4,0.497,0.285,0,39.12,27
4/21/22,10:23:16,Hm4-4,103,93,185,131,190,0.214,17.1,0.497,0.412,0,40.66,27
4/21/22,10:23:46,Hm4-4,102,93,185,124,285,0.177,21.2,0.497,0.492,0,50.45,27
4/21/22,10:24:16,Hm4-4,105,93,185,119,420,0.118,20.8,0.497,0.555,0,49.56,27
4/21/22,10:24:47,Hm4-4,108,93,185,116,625,0.069,18.1,0.497,0.595,0,43.13,27
4/21/22,10:25:17,Hm4-4,108,93,185,117,820,0.077,26.5,0.497,0.581,0,63.14,27
4/21/22,10:26:22,HUl4-1,104,104,252,252,0,0.587,0,0.587,-,0,0,27
4/21/22,10:26:52,HUl4-1,116,104,252,242,66,0.521,14.4,0.587,0.041,0,34.39,27
4/21/22,10:27:22,HUl4-1,116,104,252,241,90,0.519,19.6,0.587,0.046,0,46.71,27
4/21/22,10:27:53,HUl4-1,117,104,252,225,125,0.48,25.2,0.587,0.12,0,60,27
4/21/22,10:28:23,HUl4-1,119,104,252,200,190,0.405,32.3,0.587,0.26,0,76.95,27
4/21/22,10:28:53,HUl4-1,120,104,252,178,285,0.326,39,0.587,0.416,0,92.91,27
4/21/22,10:29:24,HUl4-1,122,104,252,159,420,0.233,41.1,0.587,0.585,0,97.86,27
4/21/22,10:29:54,HUl4-1,127,104,252,146,625,0.13,34.1,0.587,0.726,0,81.25,27
4/21/22,10:30:24,HUl4-1,126,104,252,147,820,0.143,49.2,0.587,0.714,0,117.26,27
4/21/22,10:32:16,HUl4-2,89,89,239,239,0,0.628,0,0.628,-,0,0,27
4/21/22,10:32:46,HUl4-2,107,89,239,199,66,0.462,12.8,0.628,0.201,0,30.49,27
4/21/22,10:33:17,HUl4-2,104,89,239,181,90,0.425,16.1,0.628,0.32,0,38.25,27
4/21/22,10:33:47,HUl4-2,104,89,239,161,125,0.354,18.6,0.628,0.484,0,44.25,27
4/21/22,10:34:17,HUl4-2,105,89,239,149,190,0.295,23.5,0.628,0.604,0,56.05,27
4/21/22,10:34:47,HUl4-2,110,89,239,142,285,0.225,26.9,0.628,0.683,0,64.12,27
4/21/22,10:35:18,HUl4-2,111,89,239,137,420,0.19,33.5,0.628,0.745,0,79.8,27
4/21/22,10:35:48,HUl4-2,116,89,239,126,625,0.079,20.7,0.628,0.897,0,49.38,27
4/21/22,10:36:18,HUl4-2,117,89,239,127,820,0.079,27.2,0.628,0.882,0,64.78,27
4/21/22,10:37:00,HUl4-3,72,72,161,161,0,0.553,0,0.553,-,0,0,27
4/21/22,10:37:31,HUl4-3,75,72,161,126,66,0.405,11.2,0.553,0.278,0,26.73,27
4/21/22,10:38:01,HUl4-3,74,72,161,123,90,0.398,15,0.553,0.309,0,35.82,27
4/21/22,10:38:31,HUl4-3,74,72,161,119,125,0.378,19.8,0.553,0.353,0,47.25,27
4/21/22,10:39:01,HUl4-3,78,72,161,114,190,0.316,25.2,0.553,0.412,0,60.04,27
4/21/22,10:39:32,HUl4-3,79,72,161,106,285,0.255,30.5,0.553,0.519,0,72.67,27
4/21/22,10:40:02,HUl4-3,81,72,161,102,420,0.206,36.3,0.553,0.578,0,86.52,27
4/21/22,10:40:32,HUl4-3,82,72,161,97,625,0.155,40.7,0.553,0.66,0,96.88,27
4/21/22,10:41:03,HUl4-3,82,72,161,97,820,0.155,53.4,0.553,0.66,0,127.1,27
4/21/22,10:41:28,HUl4-4,89,89,218,218,0,0.592,0,0.592,-,0,0,27
4/21/22,10:41:58,HUl4-4,95,89,218,178,66,0.466,12.9,0.592,0.225,0,30.76,27
4/21/22,10:42:28,HUl4-4,95,89,218,170,90,0.441,16.7,0.592,0.282,0,39.69,27
4/21/22,10:42:59,HUl4-4,97,89,218,157,125,0.382,20.1,0.592,0.389,0,47.75,27
4/21/22,10:43:29,HUl4-4,98,89,218,145,190,0.324,25.9,0.592,0.503,0,61.56,27
4/21/22,10:43:59,HUl4-4,102,89,218,136,285,0.25,29.9,0.592,0.603,0,71.25,27
4/21/22,10:44:30,HUl4-4,105,89,218,130,420,0.192,33.9,0.592,0.677,0,80.64,27
4/21/22,10:45:00,HUl4-4,110,89,218,125,625,0.12,31.5,0.592,0.744,0,75,27
4/21/22,10:45:30,HUl4-4,113,89,218,125,820,0.096,33.1,0.592,0.744,0,78.72,27
4/21/22,10:45:57,Hm5-1,86,86,217,217,0,0.604,0,0.604,-,0,0,30
4/21/22,10:46:27,Hm5-1,94,86,217,184,66,0.489,13.6,0.604,0.179,0,32.27,30
4/21/22,10:46:57,Hm5-1,95,86,217,165,90,0.424,16,0.604,0.315,0,38.16,30
4/21/22,10:47:27,Hm5-1,97,86,217,151,125,0.358,18.8,0.604,0.437,0,44.75,30
4/21/22,10:47:58,Hm5-1,103,86,217,140,190,0.264,21.1,0.604,0.55,0,50.16,30
4/21/22,10:48:28,Hm5-1,104,86,217,132,285,0.212,25.4,0.604,0.644,0,60.42,30
4/21/22,10:48:58,Hm5-1,109,86,217,127,420,0.142,25,0.604,0.709,0,59.64,30
4/21/22,10:49:29,Hm5-1,113,86,217,124,625,0.089,23.4,0.604,0.75,0,55.62,30
4/21/22,10:49:59,Hm5-1,113,86,217,127,820,0.11,37.9,0.604,0.709,0,90.2,30
4/21/22,10:50:23,Hm5-2,103,103,273,273,0,0.623,0,0.623,-,0,0,30
4/21/22,10:50:53,Hm5-2,112,103,273,272,66,0.588,16.3,0.623,0.004,0,38.81,30
4/21/22,10:51:23,Hm5-2,114,103,273,248,90,0.54,20.4,0.623,0.101,0,48.6,30
4/21/22,10:51:53,Hm5-2,113,103,273,203,125,0.443,23.3,0.623,0.345,0,55.38,30
4/21/22,10:52:24,Hm5-2,115,103,273,183,190,0.372,29.7,0.623,0.492,0,70.68,30
4/21/22,10:52:54,Hm5-2,116,103,273,166,285,0.301,36,0.623,0.645,0,85.78,30
4/21/22,10:53:24,Hm5-2,121,103,273,152,420,0.204,36,0.623,0.796,0,85.68,30
4/21/22,10:53:55,Hm5-2,125,103,273,143,625,0.126,33.1,0.623,0.909,0,78.75,30
4/21/22,10:54:25,Hm5-2,126,103,273,141,820,0.106,36.5,0.623,0.936,0,86.92,30
4/21/22,10:54:48,Hm5-3,79,79,201,201,0,0.607,0,0.607,-,0,0,30
4/21/22,10:55:19,Hm5-3,92,79,201,159,66,0.421,11.7,0.607,0.264,0,27.79,30
4/21/22,10:55:49,Hm5-3,92,79,201,152,90,0.395,14.9,0.607,0.322,0,35.55,30
4/21/22,10:56:19,Hm5-3,91,79,201,140,125,0.35,18.4,0.607,0.436,0,43.75,30
4/21/22,10:56:49,Hm5-3,96,79,201,133,190,0.278,22.2,0.607,0.511,0,52.82,30
4/21/22,10:57:20,Hm5-3,97,79,201,127,285,0.236,28.2,0.607,0.583,0,67.26,30
4/21/22,10:57:50,Hm5-3,102,79,201,120,420,0.15,26.5,0.607,0.675,0,63,30
4/21/22,10:58:20,Hm5-3,102,79,201,117,625,0.128,33.6,0.607,0.718,0,80,30
4/21/22,10:58:51,Hm5-3,107,79,201,118,820,0.093,32,0.607,0.703,0,76.26,30
4/21/22,10:59:18,Hm5-4,92,92,192,192,0,0.521,0,0.521,-,0,0,30
4/21/22,10:59:49,Hm5-4,98,92,192,205,66,0.522,14.5,0.521,-0.063,0,34.45,30
4/21/22,11:00:19,Hm5-4,96,92,192,189,90,0.492,18.6,0.521,0.016,0,44.28,30
4/21/22,11:00:49,Hm5-4,95,92,192,159,125,0.403,21.2,0.521,0.208,0,50.38,30
4/21/22,11:01:19,Hm5-4,101,92,192,141,190,0.284,22.7,0.521,0.362,0,53.96,30
4/21/22,11:01:50,Hm5-4,102,92,192,131,285,0.221,26.5,0.521,0.466,0,62.98,30
4/21/22,11:02:20,Hm5-4,105,92,192,126,420,0.167,29.5,0.521,0.524,0,70.14,30
4/21/22,11:02:50,Hm5-4,110,92,192,121,625,0.091,23.9,0.521,0.587,0,56.88,30
4/21/22,11:03:21,Hm5-4,112,92,192,121,820,0.074,25.5,0.521,0.587,0,60.68,30
4/21/22,11:04:11,HUl5-1,74,74,210,210,0,0.648,0,0.648,-,0,0,30
4/21/22,11:04:41,HUl5-1,81,74,210,195,66,0.585,16.2,0.648,0.077,0,38.61,30
4/21/22,11:05:12,HUl5-1,82,74,210,185,90,0.557,21.1,0.648,0.135,0,50.13,30
4/21/22,11:05:42,HUl5-1,80,74,210,146,125,0.452,23.7,0.648,0.438,0,56.5,30
4/21/22,11:06:12,HUl5-1,84,74,210,130,190,0.354,28.2,0.648,0.615,0,67.26,30
4/21/22,11:06:43,HUl5-1,85,74,210,120,285,0.292,35,0.648,0.75,0,83.22,30
4/21/22,11:07:13,HUl5-1,87,74,210,109,420,0.202,35.6,0.648,0.927,0,84.84,30
4/21/22,11:07:43,HUl5-1,90,74,210,102,625,0.118,31,0.648,1.059,0,73.75,30
4/21/22,11:08:13,HUl5-1,91,74,210,103,820,0.117,40.3,0.648,1.039,0,95.94,30
4/21/22,11:08:55,HUl5-2,108,108,228,228,0,0.526,0,0.526,-,0,0,30
4/21/22,11:09:25,HUl5-2,113,108,228,192,66,0.411,11.4,0.526,0.188,0,27.13,30
4/21/22,11:09:56,HUl5-2,114,108,228,182,90,0.374,14.1,0.526,0.253,0,33.66,30
4/21/22,11:10:26,HUl5-2,113,108,228,167,125,0.323,17,0.526,0.365,0,40.38,30
4/21/22,11:10:56,HUl5-2,116,108,228,157,190,0.261,20.8,0.526,0.452,0,49.59,30
4/21/22,11:11:26,HUl5-2,118,108,228,149,285,0.208,24.9,0.526,0.53,0,59.28,30
4/21/22,11:11:57,HUl5-2,120,108,228,141,420,0.149,26.3,0.526,0.617,0,62.58,30
4/21/22,11:12:27,HUl5-2,122,108,228,136,625,0.103,27,0.526,0.676,0,64.38,30
4/21/22,11:12:57,HUl5-2,124,108,228,136,820,0.088,30.3,0.526,0.676,0,72.16,30
4/21/22,11:13:27,HUl5-3,95,95,169,169,0,0.438,0,0.438,-,0,0,30
4/21/22,11:13:58,HUl5-3,104,95,169,147,66,0.293,8.1,0.438,0.15,0,19.34,30
4/21/22,11:14:28,HUl5-3,102,95,169,143,90,0.287,10.8,0.438,0.182,0,25.83,30
4/21/22,11:14:58,HUl5-3,105,95,169,139,125,0.245,12.9,0.438,0.216,0,30.62,30
4/21/22,11:15:28,HUl5-3,107,95,169,137,190,0.219,17.5,0.438,0.234,0,41.61,30
4/21/22,11:15:59,HUl5-3,109,95,169,131,285,0.168,20.1,0.438,0.29,0,47.88,30
4/21/22,11:16:29,HUl5-3,109,95,169,127,420,0.142,25,0.438,0.331,0,59.64,30
4/21/22,11:16:59,HUl5-3,110,95,169,123,625,0.106,27.8,0.438,0.374,0,66.25,30
4/21/22,11:17:30,HUl5-3,109,95,169,124,820,0.121,41.7,0.438,0.363,0,99.22,30
4/21/22,11:17:59,HUl5-4,102,102,281,281,0,0.637,0,0.637,-,0,0,30
4/21/22,11:18:29,HUl5-4,116,102,281,235,66,0.506,14,0.637,0.196,0,33.4,30
4/21/22,11:19:00,HUl5-4,113,102,281,214,90,0.472,17.8,0.637,0.313,0,42.48,30
4/21/22,11:19:30,HUl5-4,116,102,281,192,125,0.396,20.8,0.637,0.464,0,49.5,30
4/21/22,11:20:00,HUl5-4,118,102,281,171,190,0.31,24.7,0.637,0.643,0,58.9,30
4/21/22,11:20:31,HUl5-4,120,102,281,155,285,0.226,27.1,0.637,0.813,0,64.41,30
4/21/22,11:21:01,HUl5-4,121,102,281,145,420,0.166,29.3,0.637,0.938,0,69.72,30
4/21/22,11:21:31,HUl5-4,124,102,281,139,625,0.108,28.4,0.637,1.022,0,67.5,30
4/21/22,11:22:01,HUl5-4,126,102,281,139,820,0.094,32.4,0.637,1.022,0,77.08,30
4/21/22,11:23:00,Hm6-1,62,62,152,152,0,0.592,0,0.592,-,0,0,30
4/21/22,11:23:31,Hm6-1,74,62,152,138,66,0.464,12.9,0.592,0.101,0,30.62,30
4/21/22,11:24:01,Hm6-1,74,62,152,137,90,0.46,17.4,0.592,0.109,0,41.4,30
4/21/22,11:24:31,Hm6-1,76,62,152,134,125,0.433,22.7,0.592,0.134,0,54.12,30
4/21/22,11:25:01,Hm6-1,76,62,152,122,190,0.377,30.1,0.592,0.246,0,71.63,30
4/21/22,11:25:32,Hm6-1,75,62,152,111,285,0.324,38.8,0.592,0.369,0,92.34,30
4/21/22,11:26:02,Hm6-1,78,62,152,104,420,0.25,44.1,0.592,0.462,0,105,30
4/21/22,11:26:32,Hm6-1,77,62,152,95,625,0.189,49.6,0.592,0.6,0,118.12,30
4/21/22,11:27:03,Hm6-1,82,62,152,95,820,0.137,47.2,0.592,0.6,0,112.34,30
4/21/22,11:27:38,Hm6-2,97,97,249,249,0,0.61,0,0.61,-,0,0,30
4/21/22,11:28:09,Hm6-2,105,97,249,185,66,0.432,12,0.61,0.346,0,28.51,30
4/21/22,11:28:39,Hm6-2,102,97,249,177,90,0.424,16,0.61,0.407,0,38.16,30
4/21/22,11:29:09,Hm6-2,104,97,249,160,125,0.35,18.4,0.61,0.556,0,43.75,30
4/21/22,11:29:40,Hm6-2,106,97,249,145,190,0.269,21.5,0.61,0.717,0,51.11,30
4/21/22,11:30:10,Hm6-2,106,97,249,133,285,0.203,24.3,0.61,0.872,0,57.86,30
4/21/22,11:30:40,Hm6-2,110,97,249,127,420,0.134,23.6,0.61,0.961,0,56.28,30
4/21/22,11:31:11,Hm6-2,113,97,249,124,625,0.089,23.4,0.61,1.008,0,55.62,30
4/21/22,11:31:41,Hm6-2,114,97,249,124,820,0.081,27.9,0.61,1.008,0,66.42,30
4/21/22,11:32:23,Hm6-3,98,98,263,263,0,0.627,0,0.627,-,0,0,30
4/21/22,11:32:53,Hm6-3,108,98,263,208,66,0.481,13.3,0.627,0.264,0,31.75,30
4/21/22,11:33:23,Hm6-3,105,98,263,193,90,0.456,17.2,0.627,0.363,0,41.04,30
4/21/22,11:33:53,Hm6-3,106,98,263,170,125,0.376,19.7,0.627,0.547,0,47,30
4/21/22,11:34:24,Hm6-3,109,98,263,155,190,0.297,23.7,0.627,0.697,0,56.43,30
4/21/22,11:34:54,Hm6-3,113,98,263,143,285,0.21,25.1,0.627,0.839,0,59.85,30
4/21/22,11:35:24,Hm6-3,115,98,263,135,420,0.148,26.1,0.627,0.948,0,62.16,30
4/21/22,11:35:55,Hm6-3,118,98,263,131,625,0.099,26,0.627,1.008,0,61.88,30
4/21/22,11:36:25,Hm6-3,120,98,263,132,820,0.091,31.3,0.627,0.992,0,74.62,30
4/21/22,11:37:15,Hm6-4,83,83,237,237,0,0.65,0,0.65,-,0,0,30
4/21/22,11:37:45,Hm6-4,91,83,237,212,66,0.571,15.8,0.65,0.118,0,37.69,30
4/21/22,11:38:16,Hm6-4,90,83,237,198,90,0.545,20.6,0.65,0.197,0,49.05,30
4/21/22,11:38:46,Hm6-4,91,83,237,181,125,0.497,26.1,0.65,0.309,0,62.12,30
4/21/22,11:39:16,Hm6-4,94,83,237,164,190,0.427,34.1,0.65,0.445,0,81.13,30
4/21/22,11:39:47,Hm6-4,94,83,237,143,285,0.343,41.1,0.65,0.657,0,97.76,30
4/21/22,11:40:17,Hm6-4,97,83,237,130,420,0.254,44.8,0.65,0.823,0,106.68,30
4/21/22,11:40:47,Hm6-4,102,83,237,119,625,0.143,37.5,0.65,0.992,0,89.37,30
4/21/22,11:41:18,Hm6-4,103,83,237,119,820,0.134,46.1,0.65,0.992,0,109.88,30
4/21/22,11:42:17,HUl6-1,100,100,273,273,0,0.634,0,0.634,-,0,0,30
4/21/22,11:42:47,HUl6-1,111,100,273,206,66,0.461,12.8,0.634,0.325,0,30.43,30
4/21/22,11:43:17,HUl6-1,110,100,273,198,90,0.444,16.8,0.634,0.379,0,39.96,30
4/21/22,11:43:47,HUl6-1,112,100,273,186,125,0.398,20.9,0.634,0.468,0,49.75,30
4/21/22,11:44:18,HUl6-1,114,100,273,169,190,0.325,25.9,0.634,0.615,0,61.75,30
4/21/22,11:44:48,HUl6-1,117,100,273,160,285,0.269,32.2,0.634,0.706,0,76.67,30
4/21/22,11:45:18,HUl6-1,122,100,273,150,420,0.187,33,0.634,0.82,0,78.54,30
4/21/22,11:45:49,HUl6-1,128,100,273,144,625,0.111,29.1,0.634,0.896,0,69.38,30
4/21/22,11:46:19,HUl6-1,130,100,273,145,820,0.103,35.5,0.634,0.883,0,84.46,30
4/21/22,11:46:54,HUl6-2,77,77,175,175,0,0.56,0,0.56,-,0,0,30
4/21/22,11:47:25,HUl6-2,88,77,175,145,66,0.393,10.9,0.56,0.207,0,25.94,30
4/21/22,11:47:55,HUl6-2,84,77,175,136,90,0.382,14.4,0.56,0.287,0,34.38,30
4/21/22,11:48:25,HUl6-2,85,77,175,129,125,0.341,17.9,0.56,0.357,0,42.62,30
4/21/22,11:48:56,HUl6-2,86,77,175,121,190,0.289,23.1,0.56,0.446,0,54.91,30
4/21/22,11:49:26,HUl6-2,88,77,175,114,285,0.228,27.3,0.56,0.535,0,64.98,30
4/21/22,11:49:56,HUl6-2,91,77,175,108,420,0.157,27.7,0.56,0.62,0,65.94,30
4/21/22,11:50:26,HUl6-2,91,77,175,105,625,0.133,34.9,0.56,0.667,0,83.12,30
4/21/22,11:50:57,HUl6-2,93,77,175,106,820,0.123,42.4,0.56,0.651,0,100.86,30
4/21/22,11:51:33,HUl6-3,95,95,263,263,0,0.639,0,0.639,-,0,0,30
4/21/22,11:52:03,HUl6-3,105,95,263,230,66,0.543,15.1,0.639,0.143,0,35.84,30
4/21/22,11:52:34,HUl6-3,104,95,263,212,90,0.509,19.2,0.639,0.241,0,45.81,30
4/21/22,11:53:04,HUl6-3,104,95,263,194,125,0.464,24.4,0.639,0.356,0,58,30
4/21/22,11:53:34,HUl6-3,107,95,263,170,190,0.371,29.6,0.639,0.547,0,70.49,30
4/21/22,11:54:04,HUl6-3,109,95,263,148,285,0.264,31.6,0.639,0.777,0,75.24,30
4/21/22,11:54:35,HUl6-3,111,95,263,135,420,0.178,31.4,0.639,0.948,0,74.76,30
4/21/22,11:55:05,HUl6-3,117,95,263,128,625,0.086,22.6,0.639,1.055,0,53.75,30
4/21/22,11:55:35,HUl6-3,116,95,263,130,820,0.108,37.2,0.639,1.023,0,88.56,30
4/21/22,11:59:12,HUl6-4,89,89,265,265,0,0.664,0,0.664,-,0,0,30
4/21/22,11:59:42,HUl6-4,99,89,265,209,66,0.526,14.6,0.664,0.268,0,34.72,30
4/21/22,12:00:12,HUl6-4,96,89,265,188,90,0.489,18.5,0.664,0.41,0,44.01,30
4/21/22,12:00:43,HUl6-4,96,89,265,171,125,0.439,23,0.664,0.55,0,54.88,30
4/21/22,12:01:13,HUl6-4,101,89,265,154,190,0.344,27.5,0.664,0.721,0,65.36,30
4/21/22,12:01:43,HUl6-4,103,89,265,139,285,0.259,31,0.664,0.906,0,73.81,30
4/21/22,12:02:13,HUl6-4,105,89,265,129,420,0.186,32.8,0.664,1.054,0,78.12,30
4/21/22,12:02:44,HUl6-4,108,89,265,122,625,0.115,30.2,0.664,1.172,0,71.88,30
4/21/22,12:03:14,HUl6-4,109,89,265,122,820,0.107,36.9,0.664,1.172,0,87.74,30
4/25/22,8:27:18,Hm2-1,72,72,193,193,0,0.627,0,0.627,-,0,0,20
4/25/22,8:27:48,Hm2-1,80,72,193,190,66,0.579,16,0.627,0.016,0,38.21,20
4/25/22,8:28:18,Hm2-1,77,72,193,193,90,0.601,22.7,0.627,0,0,54.09,20
4/25/22,8:28:49,Hm2-1,80,72,193,168,125,0.524,27.5,0.627,0.149,0,65.5,20
4/25/22,8:29:19,Hm2-1,79,72,193,138,190,0.428,34.2,0.627,0.399,0,81.32,20
4/25/22,8:29:49,Hm2-1,79,72,193,113,285,0.301,36,0.627,0.708,0,85.78,20
4/25/22,8:30:20,Hm2-1,81,72,193,101,420,0.198,34.9,0.627,0.911,0,83.16,20
4/25/22,8:30:50,Hm2-1,84,72,193,96,625,0.125,32.8,0.627,1.01,0,78.12,20
4/25/22,8:31:20,Hm2-1,86,72,193,96,820,0.104,35.8,0.627,1.01,0,85.28,20
4/25/22,8:33:47,Hm2-2,109,109,270,270,0,0.596,0,0.596,-,0,0,20
4/25/22,8:34:17,Hm2-2,119,109,270,226,66,0.473,13.1,0.596,0.195,0,31.22,20
4/25/22,8:34:47,Hm2-2,116,109,270,213,90,0.455,17.2,0.596,0.268,0,40.95,20
4/25/22,8:35:18,Hm2-2,117,109,270,181,125,0.354,18.6,0.596,0.492,0,44.25,20
4/25/22,8:35:48,Hm2-2,119,109,270,161,190,0.261,20.8,0.596,0.677,0,49.59,20
4/25/22,8:36:18,Hm2-2,120,109,270,145,285,0.172,20.6,0.596,0.862,0,49.02,20
4/25/22,8:36:49,Hm2-2,122,109,270,140,420,0.129,22.8,0.596,0.929,0,54.18,20
4/25/22,8:37:19,Hm2-2,125,109,270,137,625,0.088,23.1,0.596,0.971,0,55,20
4/25/22,8:37:49,Hm2-2,128,109,270,139,820,0.079,27.2,0.596,0.942,0,64.78,20
4/25/22,8:39:56,Hm2-3,97,97,289,289,0,0.664,0,0.664,-,0,0,20
4/25/22,8:40:26,Hm2-3,105,97,289,255,66,0.588,16.3,0.664,0.133,0,38.81,20
4/25/22,8:40:56,Hm2-3,106,97,289,225,90,0.529,20,0.664,0.284,0,47.61,20
4/25/22,8:41:27,Hm2-3,108,97,289,193,125,0.44,23.1,0.664,0.497,0,55,20
4/25/22,8:41:57,Hm2-3,110,97,289,171,190,0.357,28.5,0.664,0.69,0,67.83,20
4/25/22,8:42:27,Hm2-3,116,97,289,154,285,0.247,29.6,0.664,0.877,0,70.39,20
4/25/22,8:42:57,Hm2-3,118,97,289,144,420,0.181,31.9,0.664,1.007,0,76.02,20
4/25/22,8:43:28,Hm2-3,123,97,289,139,625,0.115,30.2,0.664,1.079,0,71.88,20
4/25/22,8:43:58,Hm2-3,125,97,289,137,820,0.088,30.3,0.664,1.109,0,72.16,20
4/25/22,8:46:36,Hm2-4,72,72,180,180,0,0.6,0,0.6,-,0,0,20
4/25/22,8:47:07,Hm2-4,81,72,180,131,66,0.382,10.6,0.6,0.374,0,25.21,20
4/25/22,8:47:37,Hm2-4,81,72,180,130,90,0.377,14.3,0.6,0.385,0,33.93,20
4/25/22,8:48:07,Hm2-4,81,72,180,125,125,0.352,18.5,0.6,0.44,0,44,20
4/25/22,8:48:37,Hm2-4,83,72,180,119,190,0.303,24.2,0.6,0.513,0,57.57,20
4/25/22,8:49:08,Hm2-4,85,72,180,107,285,0.206,24.7,0.6,0.682,0,58.71,20
4/25/22,8:49:38,Hm2-4,87,72,180,101,420,0.139,24.5,0.6,0.782,0,58.38,20
4/25/22,8:50:08,Hm2-4,90,72,180,98,625,0.082,21.5,0.6,0.837,0,51.25,20
4/25/22,8:50:39,Hm2-4,89,72,180,102,820,0.127,43.7,0.6,0.765,0,104.14,20
4/25/22,8:52:29,HUl2-1,85,85,226,226,0,0.624,0,0.624,-,0,0,20
4/25/22,8:52:59,HUl2-1,93,85,226,168,66,0.446,12.4,0.624,0.345,0,29.44,20
4/25/22,8:53:30,HUl2-1,89,85,226,151,90,0.411,15.5,0.624,0.497,0,36.99,20
4/25/22,8:54:00,HUl2-1,86,85,226,125,125,0.312,16.4,0.624,0.808,0,39,20
4/25/22,8:54:30,HUl2-1,89,85,226,113,190,0.212,16.9,0.624,1,0,40.28,20
4/25/22,8:55:01,HUl2-1,91,85,226,107,285,0.15,18,0.624,1.112,0,42.75,20
4/25/22,8:55:31,HUl2-1,94,85,226,104,420,0.096,16.9,0.624,1.173,0,40.32,20
4/25/22,8:56:01,HUl2-1,95,85,226,102,625,0.069,18.1,0.624,1.216,0,43.13,20
4/25/22,8:56:32,HUl2-1,97,85,226,103,820,0.058,20,0.624,1.194,0,47.56,20
4/25/22,8:59:07,HUl2-2,85,85,160,160,0,0.469,0,0.469,-,0,0,20
4/25/22,8:59:38,HUl2-2,90,85,160,148,66,0.392,10.9,0.469,0.081,0,25.87,20
4/25/22,9:00:08,HUl2-2,89,85,160,145,90,0.386,14.6,0.469,0.103,0,34.74,20
4/25/22,9:00:38,HUl2-2,90,85,160,130,125,0.308,16.2,0.469,0.231,0,38.5,20
4/25/22,9:01:08,HUl2-2,87,85,160,117,190,0.256,20.4,0.469,0.368,0,48.64,20
4/25/22,9:01:39,HUl2-2,88,85,160,109,285,0.193,23.1,0.469,0.468,0,55.01,20
4/25/22,9:02:09,HUl2-2,86,85,160,101,420,0.149,26.3,0.469,0.584,0,62.58,20
4/25/22,9:02:39,HUl2-2,85,85,160,97,625,0.124,32.6,0.469,0.649,0,77.5,20
4/25/22,9:03:10,HUl2-2,88,85,160,98,820,0.102,35.1,0.469,0.633,0,83.64,20
4/25/22,9:04:59,HUl2-3,98,98,264,264,0,0.629,0,0.629,-,0,0,20
4/25/22,9:05:29,HUl2-3,105,98,264,234,66,0.551,15.3,0.629,0.128,0,36.37,20
4/25/22,9:06:00,HUl2-3,104,98,264,206,90,0.495,18.7,0.629,0.282,0,44.55,20
4/25/22,9:06:30,HUl2-3,105,98,264,171,125,0.386,20.3,0.629,0.544,0,48.25,20
4/25/22,9:07:00,HUl2-3,107,98,264,155,190,0.31,24.7,0.629,0.703,0,58.9,20
4/25/22,9:07:30,HUl2-3,109,98,264,141,285,0.227,27.2,0.629,0.872,0,64.7,20
4/25/22,9:08:01,HUl2-3,112,98,264,134,420,0.164,28.9,0.629,0.97,0,68.88,20
4/25/22,9:08:31,HUl2-3,114,98,264,127,625,0.102,26.8,0.629,1.079,0,63.75,20
4/25/22,9:09:01,HUl2-3,117,98,264,129,820,0.093,32,0.629,1.047,0,76.26,20
4/25/22,9:10:48,HUl2-4,89,89,194,194,0,0.541,0,0.541,-,0,0,20
4/25/22,9:11:18,HUl2-4,96,89,194,185,66,0.481,13.3,0.541,0.049,0,31.75,20
4/25/22,9:11:48,HUl2-4,95,89,194,181,90,0.475,18,0.541,0.072,0,42.75,20
4/25/22,9:12:18,HUl2-4,98,89,194,177,125,0.446,23.4,0.541,0.096,0,55.75,20
4/25/22,9:12:49,HUl2-4,98,89,194,158,190,0.38,30.3,0.541,0.228,0,72.2,20
4/25/22,9:13:19,HUl2-4,98,89,194,138,285,0.29,34.7,0.541,0.406,0,82.65,20
4/25/22,9:13:49,HUl2-4,100,89,194,125,420,0.2,35.3,0.541,0.552,0,84,20
4/25/22,9:14:20,HUl2-4,103,89,194,119,625,0.134,35.2,0.541,0.63,0,83.75,20
4/25/22,9:14:50,HUl2-4,101,89,194,118,820,0.144,49.6,0.541,0.644,0,118.08,20
4/25/22,9:15:46,Hm3-1,88,88,231,231,0,0.619,0,0.619,-,0,0,27
4/25/22,9:16:16,Hm3-1,97,88,231,179,66,0.458,12.7,0.619,0.291,0,30.23,27
4/25/22,9:16:46,Hm3-1,98,88,231,171,90,0.427,16.1,0.619,0.351,0,38.43,27
4/25/22,9:17:17,Hm3-1,97,88,231,153,125,0.366,19.2,0.619,0.51,0,45.75,27
4/25/22,9:17:47,Hm3-1,99,88,231,143,190,0.308,24.6,0.619,0.615,0,58.52,27
4/25/22,9:18:17,Hm3-1,102,88,231,131,285,0.221,26.5,0.619,0.763,0,62.98,27
4/25/22,9:18:48,Hm3-1,106,88,231,123,420,0.138,24.3,0.619,0.878,0,57.96,27
4/25/22,9:19:18,Hm3-1,107,88,231,119,625,0.101,26.5,0.619,0.941,0,63.13,27
4/25/22,9:19:48,Hm3-1,109,88,231,118,820,0.076,26.2,0.619,0.958,0,62.32,27
4/25/22,9:20:29,Hm3-2,120,120,333,333,0,0.64,0,0.64,-,0,0,27
4/25/22,9:20:59,Hm3-2,137,120,333,317,66,0.568,15.7,0.64,0.05,0,37.49,27
4/25/22,9:21:30,Hm3-2,141,120,333,310,90,0.545,20.6,0.64,0.074,0,49.05,27
4/25/22,9:22:00,Hm3-2,140,120,333,258,125,0.457,24,0.64,0.291,0,57.12,27
4/25/22,9:22:30,Hm3-2,147,120,333,232,190,0.366,29.2,0.64,0.435,0,69.54,27
4/25/22,9:23:01,Hm3-2,153,120,333,219,285,0.301,36,0.64,0.521,0,85.78,27
4/25/22,9:23:31,Hm3-2,157,120,333,206,420,0.238,42,0.64,0.617,0,99.96,27
4/25/22,9:24:01,Hm3-2,167,120,333,196,625,0.148,38.9,0.64,0.699,0,92.5,27
4/25/22,9:24:31,Hm3-2,167,120,333,194,820,0.139,47.9,0.64,0.716,0,113.98,27
4/25/22,9:24:49,Hm3-3,130,130,307,307,0,0.577,0,0.577,-,0,0,27
4/25/22,9:25:20,Hm3-3,142,130,307,283,66,0.498,13.8,0.577,0.085,0,32.87,27
4/25/22,9:25:50,Hm3-3,141,130,307,275,90,0.487,18.4,0.577,0.116,0,43.83,27
4/25/22,9:26:20,Hm3-3,144,130,307,241,125,0.402,21.1,0.577,0.274,0,50.25,27
4/25/22,9:26:51,Hm3-3,144,130,307,213,190,0.324,25.9,0.577,0.441,0,61.56,27
4/25/22,9:27:21,Hm3-3,145,130,307,188,285,0.229,27.4,0.577,0.633,0,65.27,27
4/25/22,9:27:51,Hm3-3,148,130,307,175,420,0.154,27.2,0.577,0.754,0,64.68,27
4/25/22,9:28:22,Hm3-3,151,130,307,169,625,0.107,28.1,0.577,0.817,0,66.88,27
4/25/22,9:28:52,Hm3-3,152,130,307,168,820,0.095,32.7,0.577,0.827,0,77.9,27
4/25/22,9:29:14,Hm3-4,81,81,162,162,0,0.5,0,0.5,-,0,0,27
4/25/22,9:29:44,Hm3-4,91,81,162,149,66,0.389,10.8,0.5,0.087,0,25.67,27
4/25/22,9:30:15,Hm3-4,91,81,162,145,90,0.372,14.1,0.5,0.117,0,33.48,27
4/25/22,9:30:45,Hm3-4,93,81,162,137,125,0.321,16.9,0.5,0.182,0,40.12,27
4/25/22,9:31:15,Hm3-4,94,81,162,129,190,0.271,21.6,0.5,0.256,0,51.49,27
4/25/22,9:31:46,Hm3-4,97,81,162,122,285,0.205,24.5,0.5,0.328,0,58.42,27
4/25/22,9:32:16,Hm3-4,97,81,162,116,420,0.164,28.9,0.5,0.397,0,68.88,27
4/25/22,9:32:46,Hm3-4,99,81,162,111,625,0.108,28.4,0.5,0.459,0,67.5,27
4/25/22,9:33:16,Hm3-4,101,81,162,113,820,0.106,36.5,0.5,0.434,0,86.92,27
4/25/22,9:33:52,HUl3-1,123,123,321,321,0,0.617,0,0.617,-,0,0,27
4/25/22,9:34:22,HUl3-1,138,123,321,302,66,0.543,15.1,0.617,0.063,0,35.84,27
4/25/22,9:34:52,HUl3-1,136,123,321,270,90,0.496,18.7,0.617,0.189,0,44.64,27
4/25/22,9:35:23,HUl3-1,136,123,321,228,125,0.404,21.2,0.617,0.408,0,50.5,27
4/25/22,9:35:53,HUl3-1,138,123,321,199,190,0.307,24.5,0.617,0.613,0,58.33,27
4/25/22,9:36:23,HUl3-1,140,123,321,179,285,0.218,26.1,0.617,0.793,0,62.13,27
4/25/22,9:36:54,HUl3-1,144,123,321,169,420,0.148,26.1,0.617,0.899,0,62.16,27
4/25/22,9:37:24,HUl3-1,147,123,321,164,625,0.104,27.3,0.617,0.957,0,65,27
4/25/22,9:37:54,HUl3-1,148,123,321,163,820,0.092,31.7,0.617,0.969,0,75.44,27
4/25/22,9:38:18,HUl3-2,97,97,281,281,0,0.655,0,0.655,-,0,0,27
4/25/22,9:38:48,HUl3-2,114,97,281,265,66,0.57,15.8,0.655,0.06,0,37.62,27
4/25/22,9:39:18,HUl3-2,113,97,281,235,90,0.519,19.6,0.655,0.196,0,46.71,27
4/25/22,9:39:49,HUl3-2,112,97,281,194,125,0.423,22.2,0.655,0.448,0,52.88,27
4/25/22,9:40:19,HUl3-2,113,97,281,171,190,0.339,27.1,0.655,0.643,0,64.41,27
4/25/22,9:40:49,HUl3-2,117,97,281,152,285,0.23,27.5,0.655,0.849,0,65.55,27
4/25/22,9:41:19,HUl3-2,120,97,281,147,420,0.184,32.5,0.655,0.912,0,77.28,27
4/25/22,9:41:50,HUl3-2,121,97,281,136,625,0.11,28.9,0.655,1.066,0,68.75,27
4/25/22,9:42:20,HUl3-2,124,97,281,136,820,0.088,30.3,0.655,1.066,0,72.16,27
4/25/22,9:43:21,HUl3-3,76,76,214,214,0,0.645,0,0.645,-,0,0,27
4/25/22,9:43:51,HUl3-3,81,76,214,188,66,0.569,15.8,0.645,0.138,0,37.55,27
4/25/22,9:44:21,HUl3-3,78,76,214,161,90,0.516,19.5,0.645,0.329,0,46.44,27
4/25/22,9:44:51,HUl3-3,79,76,214,142,125,0.444,23.3,0.645,0.507,0,55.5,27
4/25/22,9:45:22,HUl3-3,83,76,214,127,190,0.346,27.6,0.645,0.685,0,65.74,27
4/25/22,9:45:52,HUl3-3,85,76,214,117,285,0.274,32.8,0.645,0.829,0,78.09,27
4/25/22,9:46:22,HUl3-3,88,76,214,108,420,0.185,32.6,0.645,0.981,0,77.7,27
4/25/22,9:46:53,HUl3-3,91,76,214,103,625,0.117,30.7,0.645,1.078,0,73.12,27
4/25/22,9:47:23,HUl3-3,93,76,214,104,820,0.106,36.5,0.645,1.058,0,86.92,27
4/25/22,9:47:45,HUl3-4,107,107,283,283,0,0.622,0,0.622,-,0,0,27
4/25/22,9:48:16,HUl3-4,118,107,283,278,66,0.576,16,0.622,0.018,0,38.02,27
4/25/22,9:48:46,HUl3-4,118,107,283,271,90,0.565,21.4,0.622,0.044,0,50.85,27
4/25/22,9:49:16,HUl3-4,118,107,283,227,125,0.48,25.2,0.622,0.247,0,60,27
4/25/22,9:49:47,HUl3-4,116,107,283,189,190,0.386,30.8,0.622,0.497,0,73.34,27
4/25/22,9:50:17,HUl3-4,122,107,283,172,285,0.291,34.8,0.622,0.645,0,82.93,27
4/25/22,9:50:47,HUl3-4,125,107,283,159,420,0.214,37.7,0.622,0.78,0,89.88,27
4/25/22,9:51:17,HUl3-4,130,107,283,147,625,0.116,30.5,0.622,0.925,0,72.5,27
4/25/22,9:51:48,HUl3-4,130,107,283,147,820,0.116,40,0.622,0.925,0,95.12,27
4/25/22,9:52:12,Hm4-1,101,101,251,251,0,0.598,0,0.598,-,0,0,27
4/25/22,9:52:42,Hm4-1,107,101,251,226,66,0.527,14.6,0.598,0.111,0,34.78,27
4/25/22,9:53:12,Hm4-1,111,101,251,223,90,0.502,19,0.598,0.126,0,45.18,27
4/25/22,9:53:43,Hm4-1,113,101,251,192,125,0.411,21.6,0.598,0.307,0,51.38,27
4/25/22,9:54:13,Hm4-1,113,101,251,166,190,0.319,25.5,0.598,0.512,0,60.61,27
4/25/22,9:54:43,Hm4-1,114,101,251,152,285,0.25,29.9,0.598,0.651,0,71.25,27
4/25/22,9:55:14,Hm4-1,117,101,251,142,420,0.176,31,0.598,0.768,0,73.92,27
4/25/22,9:55:44,Hm4-1,119,101,251,133,625,0.105,27.6,0.598,0.887,0,65.62,27
4/25/22,9:56:14,Hm4-1,119,101,251,131,820,0.092,31.7,0.598,0.916,0,75.44,27
4/25/22,9:56:38,Hm4-2,106,106,253,253,0,0.581,0,0.581,-,0,0,27
4/25/22,9:57:09,Hm4-2,120,106,253,237,66,0.494,13.7,0.581,0.068,0,32.6,27
4/25/22,9:57:39,Hm4-2,118,106,253,223,90,0.471,17.8,0.581,0.135,0,42.39,27
4/25/22,9:58:09,Hm4-2,118,106,253,200,125,0.41,21.5,0.581,0.265,0,51.25,27
4/25/22,9:58:39,Hm4-2,122,106,253,179,190,0.318,25.4,0.581,0.413,0,60.42,27
4/25/22,9:59:10,Hm4-2,125,106,253,165,285,0.242,29,0.581,0.533,0,68.97,27
4/25/22,9:59:40,Hm4-2,129,106,253,157,420,0.178,31.4,0.581,0.611,0,74.76,27
4/25/22,10:00:10,Hm4-2,135,106,253,149,625,0.094,24.7,0.581,0.698,0,58.75,27
4/25/22,10:00:41,Hm4-2,134,106,253,150,820,0.107,36.9,0.581,0.687,0,87.74,27
4/25/22,10:01:03,Hm4-3,84,84,192,192,0,0.563,0,0.563,-,0,0,27
4/25/22,10:01:33,Hm4-3,91,84,192,174,66,0.477,13.2,0.563,0.103,0,31.48,27
4/25/22,10:02:03,Hm4-3,89,84,192,169,90,0.473,17.9,0.563,0.136,0,42.57,27
4/25/22,10:02:34,Hm4-3,89,84,192,144,125,0.382,20.1,0.563,0.333,0,47.75,27
4/25/22,10:03:04,Hm4-3,87,84,192,128,190,0.32,25.5,0.563,0.5,0,60.8,27
4/25/22,10:03:34,Hm4-3,89,84,192,116,285,0.233,27.9,0.563,0.655,0,66.41,27
4/25/22,10:04:04,Hm4-3,90,84,192,110,420,0.182,32.1,0.563,0.745,0,76.44,27
4/25/22,10:04:35,Hm4-3,92,84,192,104,625,0.115,30.2,0.563,0.846,0,71.88,27
4/25/22,10:05:05,Hm4-3,94,84,192,104,820,0.096,33.1,0.563,0.846,0,78.72,27
4/25/22,10:05:34,Hm4-4,98,98,297,297,0,0.67,0,0.67,-,0,0,27
4/25/22,10:06:04,Hm4-4,112,98,297,276,66,0.594,16.5,0.67,0.076,0,39.2,27
4/25/22,10:06:35,Hm4-4,110,98,297,222,90,0.505,19.1,0.67,0.338,0,45.45,27
4/25/22,10:07:05,Hm4-4,113,98,297,184,125,0.386,20.3,0.67,0.614,0,48.25,27
4/25/22,10:07:35,Hm4-4,116,98,297,171,190,0.322,25.7,0.67,0.737,0,61.18,27
4/25/22,10:08:06,Hm4-4,119,98,297,157,285,0.242,29,0.67,0.892,0,68.97,27
4/25/22,10:08:36,Hm4-4,119,98,297,146,420,0.185,32.6,0.67,1.034,0,77.7,27
4/25/22,10:09:06,Hm4-4,121,98,297,136,625,0.11,28.9,0.67,1.184,0,68.75,27
4/25/22,10:09:36,Hm4-4,123,98,297,135,820,0.089,30.7,0.67,1.2,0,72.98,27
4/25/22,10:10:24,HUl4-1,91,91,236,236,0,0.614,0,0.614,-,0,0,27
4/25/22,10:10:55,HUl4-1,96,91,236,214,66,0.551,15.3,0.614,0.103,0,36.37,27
4/25/22,10:11:25,HUl4-1,96,91,236,189,90,0.492,18.6,0.614,0.249,0,44.28,27
4/25/22,10:11:55,HUl4-1,96,91,236,155,125,0.381,20,0.614,0.523,0,47.62,27
4/25/22,10:12:25,HUl4-1,97,91,236,136,190,0.287,22.9,0.614,0.735,0,54.53,27
4/25/22,10:12:56,HUl4-1,100,91,236,124,285,0.194,23.2,0.614,0.903,0,55.29,27
4/25/22,10:13:26,HUl4-1,104,91,236,118,420,0.119,21,0.614,1,0,49.98,27
4/25/22,10:13:56,HUl4-1,105,91,236,116,625,0.095,24.9,0.614,1.034,0,59.38,27
4/25/22,10:14:27,HUl4-1,107,91,236,117,820,0.085,29.3,0.614,1.017,0,69.7,27
4/25/22,10:14:49,HUl4-2,79,79,225,225,0,0.649,0,0.649,-,0,0,27
4/25/22,10:15:19,HUl4-2,88,79,225,214,66,0.589,16.3,0.649,0.051,0,38.87,27
4/25/22,10:15:49,HUl4-2,85,79,225,199,90,0.573,21.7,0.649,0.131,0,51.57,27
4/25/22,10:16:20,HUl4-2,87,79,225,170,125,0.488,25.6,0.649,0.324,0,61,27
4/25/22,10:16:50,HUl4-2,87,79,225,140,190,0.379,30.2,0.649,0.607,0,72.01,27
4/25/22,10:17:20,HUl4-2,90,79,225,126,285,0.286,34.2,0.649,0.786,0,81.51,27
4/25/22,10:17:51,HUl4-2,92,79,225,114,420,0.193,34,0.649,0.974,0,81.06,27
4/25/22,10:18:21,HUl4-2,95,79,225,108,625,0.12,31.5,0.649,1.083,0,75,27
4/25/22,10:18:51,HUl4-2,97,79,225,108,820,0.102,35.1,0.649,1.083,0,83.64,27
4/25/22,10:19:19,HUl4-3,99,99,264,264,0,0.625,0,0.625,-,0,0,27
4/25/22,10:19:49,HUl4-3,109,99,264,261,66,0.582,16.1,0.625,0.011,0,38.41,27
4/25/22,10:20:20,HUl4-3,111,99,264,257,90,0.568,21.5,0.625,0.027,0,51.12,27
4/25/22,10:20:50,HUl4-3,112,99,264,226,125,0.504,26.5,0.625,0.168,0,63,27
4/25/22,10:21:20,HUl4-3,116,99,264,194,190,0.402,32.1,0.625,0.361,0,76.38,27
4/25/22,10:21:50,HUl4-3,119,99,264,175,285,0.32,38.3,0.625,0.509,0,91.2,27
4/25/22,10:22:21,HUl4-3,120,99,264,162,420,0.259,45.7,0.625,0.63,0,108.78,27
4/25/22,10:22:51,HUl4-3,127,99,264,150,625,0.153,40.2,0.625,0.76,0,95.62,27
4/25/22,10:23:21,HUl4-3,129,99,264,147,820,0.122,42,0.625,0.796,0,100.04,27
4/25/22,10:23:53,HUl4-4,82,82,223,223,0,0.632,0,0.632,-,0,0,27
4/25/22,10:24:23,HUl4-4,88,82,223,223,66,0.605,16.8,0.632,0,0,39.93,27
4/25/22,10:24:53,HUl4-4,88,82,223,224,90,0.607,22.9,0.632,-0.004,0,54.63,27
4/25/22,10:25:24,HUl4-4,91,82,223,197,125,0.538,28.2,0.632,0.132,0,67.25,27
4/25/22,10:25:54,HUl4-4,94,82,223,168,190,0.44,35.1,0.632,0.327,0,83.6,27
4/25/22,10:26:24,HUl4-4,95,82,223,149,285,0.362,43.3,0.632,0.497,0,103.17,27
4/25/22,10:26:55,HUl4-4,100,82,223,134,420,0.254,44.8,0.632,0.664,0,106.68,27
4/25/22,10:27:25,HUl4-4,104,82,223,122,625,0.148,38.9,0.632,0.828,0,92.5,27
4/25/22,10:27:55,HUl4-4,104,82,223,122,820,0.148,51,0.632,0.828,0,121.36,27
4/25/22,10:29:10,Hm5-1,105,105,289,289,0,0.637,0,0.637,-,0,0,30
4/25/22,10:29:41,Hm5-1,115,105,289,249,66,0.538,14.9,0.637,0.161,0,35.51,30
4/25/22,10:30:11,Hm5-1,114,105,289,233,90,0.511,19.3,0.637,0.24,0,45.99,30
4/25/22,10:30:41,Hm5-1,114,105,289,199,125,0.427,22.4,0.637,0.452,0,53.38,30
4/25/22,10:31:12,Hm5-1,118,105,289,175,190,0.326,26,0.637,0.651,0,61.94,30
4/25/22,10:31:42,Hm5-1,120,105,289,160,285,0.25,29.9,0.637,0.806,0,71.25,30
4/25/22,10:32:12,Hm5-1,124,105,289,149,420,0.168,29.6,0.637,0.94,0,70.56,30
4/25/22,10:32:42,Hm5-1,130,105,289,142,625,0.085,22.3,0.637,1.035,0,53.13,30
4/25/22,10:33:13,Hm5-1,133,105,289,144,820,0.076,26.2,0.637,1.007,0,62.32,30
4/25/22,10:33:32,Hm5-2,85,85,231,231,0,0.632,0,0.632,-,0,0,30
4/25/22,10:34:02,Hm5-2,92,85,231,213,66,0.568,15.7,0.632,0.085,0,37.49,30
4/25/22,10:34:32,Hm5-2,89,85,231,198,90,0.551,20.8,0.632,0.167,0,49.59,30
4/25/22,10:35:03,Hm5-2,89,85,231,156,125,0.429,22.5,0.632,0.481,0,53.62,30
4/25/22,10:35:33,Hm5-2,87,85,231,133,190,0.346,27.6,0.632,0.737,0,65.74,30
4/25/22,10:36:03,Hm5-2,85,85,231,115,285,0.261,31.2,0.632,1.009,0,74.39,30
4/25/22,10:36:34,Hm5-2,85,85,231,104,420,0.183,32.3,0.632,1.221,0,76.86,30
4/25/22,10:37:04,Hm5-2,88,85,231,100,625,0.12,31.5,0.632,1.31,0,75,30
4/25/22,10:37:34,Hm5-2,90,85,231,100,820,0.1,34.4,0.632,1.31,0,82,30
4/25/22,10:38:04,Hm5-3,109,109,253,253,0,0.569,0,0.569,-,0,0,30
4/25/22,10:38:34,Hm5-3,112,109,253,230,66,0.513,14.2,0.569,0.1,0,33.86,30
4/25/22,10:39:05,Hm5-3,118,109,253,226,90,0.478,18.1,0.569,0.119,0,43.02,30
4/25/22,10:39:35,Hm5-3,118,109,253,205,125,0.424,22.3,0.569,0.234,0,53,30
4/25/22,10:40:05,Hm5-3,121,109,253,183,190,0.339,27.1,0.569,0.383,0,64.41,30
4/25/22,10:40:35,Hm5-3,124,109,253,168,285,0.262,31.4,0.569,0.506,0,74.67,30
4/25/22,10:41:06,Hm5-3,128,109,253,156,420,0.179,31.6,0.569,0.622,0,75.18,30
4/25/22,10:41:36,Hm5-3,132,109,253,148,625,0.108,28.4,0.569,0.709,0,67.5,30
4/25/22,10:42:06,Hm5-3,131,109,253,148,820,0.115,39.6,0.569,0.709,0,94.3,30
4/25/22,10:42:56,Hm5-4,62,62,176,176,0,0.648,0,0.648,-,0,0,30
4/25/22,10:43:26,Hm5-4,70,62,176,175,66,0.6,16.6,0.648,0.006,0,39.6,30
4/25/22,10:43:56,Hm5-4,69,62,176,173,90,0.601,22.7,0.648,0.017,0,54.09,30
4/25/22,10:44:27,Hm5-4,71,62,176,167,125,0.575,30.2,0.648,0.054,0,71.88,30
4/25/22,10:44:57,Hm5-4,72,62,176,147,190,0.51,40.7,0.648,0.197,0,96.9,30
4/25/22,10:45:27,Hm5-4,69,62,176,120,285,0.425,50.9,0.648,0.467,0,121.12,30
4/25/22,10:45:57,Hm5-4,75,62,176,107,420,0.299,52.7,0.648,0.645,0,125.58,30
4/25/22,10:46:28,Hm5-4,76,62,176,96,625,0.208,54.6,0.648,0.833,0,130,30
4/25/22,10:46:58,Hm5-4,78,62,176,93,820,0.161,55.4,0.648,0.892,0,132.02,30
4/25/22,10:47:38,HUl5-1,74,74,226,226,0,0.673,0,0.673,-,0,0,30
4/25/22,10:48:09,HUl5-1,80,74,226,229,66,0.651,18,0.673,-0.013,0,42.97,30
4/25/22,10:48:39,HUl5-1,82,74,226,228,90,0.64,24.2,0.673,-0.009,0,57.6,30
4/25/22,10:49:09,HUl5-1,84,74,226,206,125,0.592,31.1,0.673,0.097,0,74,30
4/25/22,10:49:40,HUl5-1,86,74,226,170,190,0.494,39.4,0.673,0.329,0,93.86,30
4/25/22,10:50:10,HUl5-1,88,74,226,144,285,0.389,46.6,0.673,0.569,0,110.87,30
4/25/22,10:50:40,HUl5-1,90,74,226,129,420,0.302,53.3,0.673,0.752,0,126.84,30
4/25/22,10:51:11,HUl5-1,94,74,226,119,625,0.21,55.1,0.673,0.899,0,131.25,30
4/25/22,10:51:41,HUl5-1,96,74,226,114,820,0.158,54.4,0.673,0.982,0,129.56,30
4/25/22,10:52:43,HUl5-2,106,106,298,298,0,0.644,0,0.644,-,0,0,30
4/25/22,10:53:13,HUl5-2,116,106,298,255,66,0.545,15.1,0.644,0.169,0,35.97,30
4/25/22,10:53:44,HUl5-2,115,106,298,216,90,0.468,17.7,0.644,0.38,0,42.12,30
4/25/22,10:54:14,HUl5-2,115,106,298,177,125,0.35,18.4,0.644,0.684,0,43.75,30
4/25/22,10:54:44,HUl5-2,119,106,298,159,190,0.252,20.1,0.644,0.874,0,47.88,30
4/25/22,10:55:14,HUl5-2,122,106,298,150,285,0.187,22.4,0.644,0.987,0,53.3,30
4/25/22,10:55:45,HUl5-2,125,106,298,143,420,0.126,22.2,0.644,1.084,0,52.92,30
4/25/22,10:56:15,HUl5-2,129,106,298,140,625,0.079,20.7,0.644,1.129,0,49.38,30
4/25/22,10:56:45,HUl5-2,130,106,298,140,820,0.071,24.5,0.644,1.129,0,58.22,30
4/25/22,10:57:19,HUl5-3,77,77,211,211,0,0.635,0,0.635,-,0,0,30
4/25/22,10:57:49,HUl5-3,85,77,211,210,66,0.595,16.5,0.635,0.005,0,39.27,30
4/25/22,10:58:20,HUl5-3,86,77,211,207,90,0.585,22.1,0.635,0.019,0,52.65,30
4/25/22,10:58:50,HUl5-3,87,77,211,179,125,0.514,27,0.635,0.179,0,64.25,30
4/25/22,10:59:20,HUl5-3,87,77,211,149,190,0.416,33.2,0.635,0.416,0,79.04,30
4/25/22,10:59:51,HUl5-3,89,77,211,126,285,0.294,35.2,0.635,0.675,0,83.79,30
4/25/22,11:00:21,HUl5-3,90,77,211,114,420,0.211,37.2,0.635,0.851,0,88.62,30
4/25/22,11:00:51,HUl5-3,93,77,211,108,625,0.139,36.5,0.635,0.954,0,86.88,30
4/25/22,11:01:22,HUl5-3,94,77,211,108,820,0.13,44.8,0.635,0.954,0,106.6,30
4/25/22,11:01:48,HUl5-4,91,91,277,277,0,0.671,0,0.671,-,0,0,30
4/25/22,11:02:18,HUl5-4,101,91,277,265,66,0.619,17.2,0.671,0.045,0,40.85,30
4/25/22,11:02:49,HUl5-4,101,91,277,249,90,0.594,22.5,0.671,0.112,0,53.46,30
4/25/22,11:03:19,HUl5-4,101,91,277,211,125,0.521,27.4,0.671,0.313,0,65.12,30
4/25/22,11:03:49,HUl5-4,103,91,277,191,190,0.461,36.8,0.671,0.45,0,87.59,30
4/25/22,11:04:20,HUl5-4,105,91,277,167,285,0.371,44.4,0.671,0.659,0,105.73,30
4/25/22,11:04:50,HUl5-4,108,91,277,150,420,0.28,49.4,0.671,0.847,0,117.6,30
4/25/22,11:05:20,HUl5-4,112,91,277,133,625,0.158,41.5,0.671,1.083,0,98.75,30
4/25/22,11:05:50,HUl5-4,114,91,277,130,820,0.123,42.4,0.671,1.131,0,100.86,30
4/25/22,11:06:11,Hm6-1,90,90,257,257,0,0.65,0,0.65,-,0,0,30
4/25/22,11:06:42,Hm6-1,98,90,257,248,66,0.605,16.8,0.65,0.036,0,39.93,30
4/25/22,11:07:12,Hm6-1,100,90,257,246,90,0.593,22.4,0.65,0.045,0,53.37,30
4/25/22,11:07:42,Hm6-1,101,90,257,211,125,0.521,27.4,0.65,0.218,0,65.12,30
4/25/22,11:08:13,Hm6-1,102,90,257,175,190,0.417,33.3,0.65,0.469,0,79.23,30
4/25/22,11:08:43,Hm6-1,105,90,257,151,285,0.305,36.5,0.65,0.702,0,86.92,30
4/25/22,11:09:13,Hm6-1,105,90,257,138,420,0.239,42.2,0.65,0.862,0,100.38,30
4/25/22,11:09:44,Hm6-1,109,90,257,128,625,0.148,38.9,0.65,1.008,0,92.5,30
4/25/22,11:10:14,Hm6-1,111,90,257,127,820,0.126,43.4,0.65,1.024,0,103.32,30
4/25/22,11:10:44,Hm6-2,76,76,210,210,0,0.638,0,0.638,-,0,0,30
4/25/22,11:11:14,Hm6-2,82,76,210,209,66,0.608,16.9,0.638,0.005,0,40.13,30
4/25/22,11:11:45,Hm6-2,79,76,210,208,90,0.62,23.4,0.638,0.01,0,55.8,30
4/25/22,11:12:15,Hm6-2,82,76,210,176,125,0.534,28,0.638,0.193,0,66.75,30
4/25/22,11:12:45,Hm6-2,82,76,210,145,190,0.434,34.6,0.638,0.448,0,82.46,30
4/25/22,11:13:15,Hm6-2,85,76,210,125,285,0.32,38.3,0.638,0.68,0,91.2,30
4/25/22,11:13:46,Hm6-2,87,76,210,116,420,0.25,44.1,0.638,0.81,0,105,30
4/25/22,11:14:16,Hm6-2,89,76,210,108,625,0.176,46.2,0.638,0.944,0,110,30
4/25/22,11:14:46,Hm6-2,90,76,210,106,820,0.151,52,0.638,0.981,0,123.82,30
4/25/22,11:15:48,Hm6-3,79,79,222,222,0,0.644,0,0.644,-,0,0,30
4/25/22,11:16:18,Hm6-3,90,79,222,238,66,0.622,17.2,0.644,-0.067,0,41.05,30
4/25/22,11:16:49,Hm6-3,91,79,222,240,90,0.621,23.5,0.644,-0.075,0,55.89,30
4/25/22,11:17:19,Hm6-3,94,79,222,226,125,0.584,30.7,0.644,-0.018,0,73,30
4/25/22,11:17:49,Hm6-3,97,79,222,190,190,0.489,39,0.644,0.168,0,92.91,30
4/25/22,11:18:19,Hm6-3,97,79,222,165,285,0.412,49.3,0.644,0.345,0,117.42,30
4/25/22,11:18:50,Hm6-3,102,79,222,145,420,0.297,52.4,0.644,0.531,0,124.74,30
4/25/22,11:19:20,Hm6-3,107,79,222,132,625,0.189,49.6,0.644,0.682,0,118.12,30
4/25/22,11:19:50,Hm6-3,107,79,222,130,820,0.177,61,0.644,0.708,0,145.14,30
4/25/22,11:20:44,Hm6-4,120,120,358,358,0,0.665,0,0.665,-,0,0,30
4/25/22,11:21:14,Hm6-4,134,120,358,335,66,0.6,16.6,0.665,0.069,0,39.6,30
4/25/22,11:21:44,Hm6-4,133,120,358,312,90,0.574,21.7,0.665,0.147,0,51.66,30
4/25/22,11:22:15,Hm6-4,131,120,358,246,125,0.467,24.5,0.665,0.455,0,58.38,30
4/25/22,11:22:45,Hm6-4,134,120,358,218,190,0.385,30.7,0.665,0.642,0,73.15,30
4/25/22,11:23:15,Hm6-4,134,120,358,193,285,0.306,36.6,0.665,0.855,0,87.21,30
4/25/22,11:23:46,Hm6-4,138,120,358,176,420,0.216,38.1,0.665,1.034,0,90.72,30
4/25/22,11:24:16,Hm6-4,142,120,358,164,625,0.134,35.2,0.665,1.183,0,83.75,30
4/25/22,11:24:46,Hm6-4,144,120,358,162,820,0.111,38.2,0.665,1.21,0,91.02,30
4/25/22,11:25:26,HUl6-1,100,100,271,271,0,0.631,0,0.631,-,0,0,30
4/25/22,11:25:56,HUl6-1,112,100,271,271,66,0.587,16.3,0.631,0,0,38.74,30
4/25/22,11:26:26,HUl6-1,113,100,271,264,90,0.572,21.6,0.631,0.027,0,51.48,30
4/25/22,11:26:57,HUl6-1,116,100,271,221,125,0.475,24.9,0.631,0.226,0,59.38,30
4/25/22,11:27:27,HUl6-1,115,100,271,191,190,0.398,31.8,0.631,0.419,0,75.62,30
4/25/22,11:27:57,HUl6-1,118,100,271,173,285,0.318,38.1,0.631,0.566,0,90.63,30
4/25/22,11:28:27,HUl6-1,122,100,271,160,420,0.238,42,0.631,0.694,0,99.96,30
4/25/22,11:28:58,HUl6-1,126,100,271,148,625,0.149,39.1,0.631,0.831,0,93.12,30
4/25/22,11:29:28,HUl6-1,129,100,271,147,820,0.122,42,0.631,0.844,0,100.04,30
4/25/22,11:31:04,HUl6-2,103,103,288,288,0,0.642,0,0.642,-,0,0,30
4/25/22,11:31:35,HUl6-2,112,103,288,282,66,0.603,16.7,0.642,0.021,0,39.8,30
4/25/22,11:32:05,HUl6-2,113,103,288,278,90,0.594,22.5,0.642,0.036,0,53.46,30
4/25/22,11:32:35,HUl6-2,112,103,288,231,125,0.515,27,0.642,0.247,0,64.38,30
4/25/22,11:33:06,HUl6-2,115,103,288,194,190,0.407,32.5,0.642,0.485,0,77.33,30
4/25/22,11:33:36,HUl6-2,117,103,288,167,285,0.299,35.8,0.642,0.725,0,85.22,30
4/25/22,11:34:06,HUl6-2,119,103,288,153,420,0.222,39.2,0.642,0.882,0,93.24,30
4/25/22,11:34:37,HUl6-2,123,103,288,143,625,0.14,36.8,0.642,1.014,0,87.5,30
4/25/22,11:35:07,HUl6-2,123,103,288,141,820,0.128,44.1,0.642,1.043,0,104.96,30
4/25/22,11:35:36,HUl6-3,101,101,296,296,0,0.659,0,0.659,-,0,0,30
4/25/22,11:36:07,HUl6-3,109,101,296,296,66,0.632,17.5,0.659,0,0,41.71,30
4/25/22,11:36:37,HUl6-3,111,101,296,298,90,0.628,23.7,0.659,-0.007,0,56.52,30
4/25/22,11:37:07,HUl6-3,114,101,296,263,125,0.567,29.8,0.659,0.125,0,70.88,30
4/25/22,11:37:37,HUl6-3,115,101,296,225,190,0.489,39,0.659,0.316,0,92.91,30
4/25/22,11:38:08,HUl6-3,118,101,296,186,285,0.366,43.8,0.659,0.591,0,104.31,30
4/25/22,11:38:38,HUl6-3,119,101,296,162,420,0.265,46.7,0.659,0.827,0,111.3,30
4/25/22,11:39:08,HUl6-3,121,101,296,145,625,0.166,43.6,0.659,1.041,0,103.75,30
4/25/22,11:39:39,HUl6-3,125,101,296,144,820,0.132,45.5,0.659,1.056,0,108.24,30
4/25/22,11:40:27,HUl6-4,87,87,266,266,0,0.673,0,0.673,-,0,0,30
4/25/22,11:40:57,HUl6-4,102,87,266,243,66,0.58,16.1,0.673,0.095,0,38.28,30
4/25/22,11:41:27,HUl6-4,99,87,266,234,90,0.577,21.8,0.673,0.137,0,51.93,30
4/25/22,11:41:58,HUl6-4,99,87,266,201,125,0.507,26.6,0.673,0.323,0,63.38,30
4/25/22,11:42:28,HUl6-4,101,87,266,163,190,0.38,30.3,0.673,0.632,0,72.2,30
4/25/22,11:42:58,HUl6-4,104,87,266,137,285,0.241,28.8,0.673,0.942,0,68.69,30
4/25/22,11:43:29,HUl6-4,105,87,266,129,420,0.186,32.8,0.673,1.062,0,78.12,30
4/25/22,11:43:59,HUl6-4,109,87,266,123,625,0.114,29.9,0.673,1.163,0,71.25,30
4/25/22,11:44:29,HUl6-4,110,87,266,124,820,0.113,38.9,0.673,1.145,0,92.66,30
4/25/22,11:44:50,Hm1-1,85,85,225,225,0,0.622,0,0.622,-,0,0,20
4/25/22,11:45:20,Hm1-1,96,85,225,217,66,0.558,15.5,0.622,0.037,0,36.83,20
4/25/22,11:45:50,Hm1-1,96,85,225,217,90,0.558,21.1,0.622,0.037,0,50.22,20
4/25/22,11:46:21,Hm1-1,99,85,225,218,125,0.546,28.7,0.622,0.032,0,68.25,20
4/25/22,11:46:51,Hm1-1,101,85,225,192,190,0.474,37.8,0.622,0.172,0,90.06,20
4/25/22,11:47:21,Hm1-1,99,85,225,161,285,0.385,46.1,0.622,0.398,0,109.73,20
4/25/22,11:47:52,Hm1-1,101,85,225,139,420,0.273,48.2,0.622,0.619,0,114.66,20
4/25/22,11:48:22,Hm1-1,103,85,225,126,625,0.183,48,0.622,0.786,0,114.38,20
4/25/22,11:48:52,Hm1-1,104,85,225,124,820,0.161,55.4,0.622,0.815,0,132.02,20
4/25/22,11:49:09,Hm1-2,91,91,202,202,0,0.55,0,0.55,-,0,0,20
4/25/22,11:49:39,Hm1-2,101,91,202,195,66,0.482,13.4,0.55,0.036,0,31.81,20
4/25/22,11:50:09,Hm1-2,103,91,202,196,90,0.474,17.9,0.55,0.031,0,42.66,20
4/25/22,11:50:39,Hm1-2,101,91,202,186,125,0.457,24,0.55,0.086,0,57.12,20
4/25/22,11:51:10,Hm1-2,102,91,202,166,190,0.386,30.8,0.55,0.217,0,73.34,20
4/25/22,11:51:40,Hm1-2,100,91,202,143,285,0.301,36,0.55,0.413,0,85.78,20
4/25/22,11:52:10,Hm1-2,101,91,202,127,420,0.205,36.2,0.55,0.591,0,86.1,20
4/25/22,11:52:41,Hm1-2,103,91,202,119,625,0.134,35.2,0.55,0.697,0,83.75,20
4/25/22,11:53:11,Hm1-2,102,91,202,116,820,0.121,41.7,0.55,0.741,0,99.22,20
4/25/22,11:54:54,Hm1-3,97,97,251,251,0,0.614,0,0.614,-,0,0,20
4/25/22,11:55:25,Hm1-3,106,97,251,246,66,0.569,15.8,0.614,0.02,0,37.55,20
4/25/22,11:55:55,Hm1-3,110,97,251,247,90,0.555,21,0.614,0.016,0,49.95,20
4/25/22,11:56:25,Hm1-3,112,97,251,244,125,0.541,28.4,0.614,0.029,0,67.62,20
4/25/22,11:56:55,Hm1-3,116,97,251,221,190,0.475,37.9,0.614,0.136,0,90.25,20
4/25/22,11:57:26,Hm1-3,117,97,251,181,285,0.354,42.4,0.614,0.387,0,100.89,20
4/25/22,11:57:56,Hm1-3,118,97,251,156,420,0.244,43,0.614,0.609,0,102.48,20
4/25/22,11:58:26,Hm1-3,119,97,251,141,625,0.156,41,0.614,0.78,0,97.5,20
4/25/22,11:58:57,Hm1-3,121,97,251,138,820,0.123,42.4,0.614,0.819,0,100.86,20
4/25/22,11:59:39,Hm1-4,95,95,238,238,0,0.601,0,0.601,-,0,0,20
4/25/22,12:00:09,Hm1-4,104,95,238,222,66,0.532,14.7,0.601,0.072,0,35.11,20
4/25/22,12:00:39,Hm1-4,108,95,238,223,90,0.516,19.5,0.601,0.067,0,46.44,20
4/25/22,12:01:10,Hm1-4,111,95,238,219,125,0.493,25.9,0.601,0.087,0,61.62,20
4/25/22,12:01:40,Hm1-4,109,95,238,188,190,0.42,33.5,0.601,0.266,0,79.8,20
4/25/22,12:02:10,Hm1-4,107,95,238,159,285,0.327,39.1,0.601,0.497,0,93.2,20
4/25/22,12:02:40,Hm1-4,108,95,238,143,420,0.245,43.2,0.601,0.664,0,102.9,20
4/25/22,12:03:11,Hm1-4,110,95,238,128,625,0.141,37,0.601,0.859,0,88.12,20
4/25/22,12:03:41,Hm1-4,109,95,238,125,820,0.128,44.1,0.601,0.904,0,104.96,20
4/25/22,12:05:22,HUl1-1,74,74,108,108,0,0.315,0,0.315,-,0,0,20
4/25/22,12:05:52,HUl1-1,79,74,108,111,66,0.288,8,0.315,-0.027,0,19.01,20
4/25/22,12:06:23,HUl1-1,77,74,108,107,90,0.28,10.6,0.315,0.009,0,25.2,20
4/25/22,12:06:53,HUl1-1,77,74,108,108,125,0.287,15.1,0.315,0,0,35.88,20
4/25/22,12:07:23,HUl1-1,78,74,108,104,190,0.25,20,0.315,0.038,0,47.5,20
4/25/22,12:07:54,HUl1-1,77,74,108,98,285,0.214,25.6,0.315,0.102,0,60.99,20
4/25/22,12:08:24,HUl1-1,77,74,108,92,420,0.163,28.8,0.315,0.174,0,68.46,20
4/25/22,12:08:54,HUl1-1,76,74,108,85,625,0.106,27.8,0.315,0.271,0,66.25,20
4/25/22,12:09:25,HUl1-1,76,74,108,86,820,0.116,40,0.315,0.256,0,95.12,20
4/25/22,12:09:59,HUl1-2,77,77,187,187,0,0.588,0,0.588,-,0,0,20
4/25/22,12:10:29,HUl1-2,86,77,187,171,66,0.497,13.8,0.588,0.094,0,32.8,20
4/25/22,12:10:59,HUl1-2,85,77,187,169,90,0.497,18.8,0.588,0.107,0,44.73,20
4/25/22,12:11:30,HUl1-2,85,77,187,166,125,0.488,25.6,0.588,0.127,0,61,20
4/25/22,12:12:00,HUl1-2,86,77,187,154,190,0.442,35.3,0.588,0.214,0,83.98,20
4/25/22,12:12:30,HUl1-2,87,77,187,135,285,0.356,42.6,0.588,0.385,0,101.46,20
4/25/22,12:13:00,HUl1-2,85,77,187,119,420,0.286,50.5,0.588,0.571,0,120.12,20
4/25/22,12:13:31,HUl1-2,87,77,187,106,625,0.179,47,0.588,0.764,0,111.88,20
4/25/22,12:14:01,HUl1-2,87,77,187,103,820,0.155,53.4,0.588,0.816,0,127.1,20
4/25/22,12:14:54,HUl1-3,93,93,162,162,0,0.426,0,0.426,-,0,0,20
4/25/22,12:15:24,HUl1-3,97,93,162,167,66,0.419,11.6,0.426,-0.03,0,27.65,20
4/25/22,12:15:54,HUl1-3,99,93,162,168,90,0.411,15.5,0.426,-0.036,0,36.99,20
4/25/22,12:16:25,HUl1-3,98,93,162,160,125,0.388,20.4,0.426,0.013,0,48.5,20
4/25/22,12:16:55,HUl1-3,101,93,162,145,190,0.303,24.2,0.426,0.117,0,57.57,20
4/25/22,12:17:25,HUl1-3,99,93,162,129,285,0.233,27.9,0.426,0.256,0,66.41,20
4/25/22,12:17:55,HUl1-3,98,93,162,118,420,0.169,29.8,0.426,0.373,0,70.98,20
4/25/22,12:18:26,HUl1-3,101,93,162,113,625,0.106,27.8,0.426,0.434,0,66.25,20
4/25/22,12:18:56,HUl1-3,102,93,162,112,820,0.089,30.7,0.426,0.446,0,72.98,20
4/25/22,12:19:54,HUl1-4,83,83,196,196,0,0.577,0,0.577,-,0,0,20
4/25/22,12:20:25,HUl1-4,95,83,196,187,66,0.492,13.6,0.577,0.048,0,32.47,20
4/25/22,12:20:55,HUl1-4,97,83,196,188,90,0.484,18.3,0.577,0.043,0,43.56,20
4/25/22,12:21:25,HUl1-4,94,83,196,161,125,0.416,21.8,0.577,0.217,0,52,20
4/25/22,12:21:55,HUl1-4,93,83,196,139,190,0.331,26.4,0.577,0.41,0,62.89,20
4/25/22,12:22:26,HUl1-4,93,83,196,119,285,0.218,26.1,0.577,0.647,0,62.13,20
4/25/22,12:22:56,HUl1-4,96,83,196,112,420,0.143,25.2,0.577,0.75,0,60.06,20
4/25/22,12:23:26,HUl1-4,99,83,196,107,625,0.075,19.7,0.577,0.832,0,46.88,20
4/25/22,12:23:57,HUl1-4,99,83,196,110,820,0.1,34.4,0.577,0.782,0,82,20
4/29/22,8:13:26,Hm4-1,85,85,172,172,0,0.506,0,0.506,-,0,0,27
4/29/22,8:13:56,Hm4-1,94,85,172,183,66,0.486,13.5,0.506,-0.06,0,32.08,27
4/29/22,8:14:26,Hm4-1,90,85,172,184,90,0.511,19.3,0.506,-0.065,0,45.99,27
4/29/22,8:14:57,Hm4-1,94,85,172,163,125,0.423,22.2,0.506,0.055,0,52.88,27
4/29/22,8:15:27,Hm4-1,91,85,172,140,190,0.35,27.9,0.506,0.229,0,66.5,27
4/29/22,8:15:57,Hm4-1,91,85,172,122,285,0.254,30.4,0.506,0.41,0,72.39,27
4/29/22,8:16:28,Hm4-1,93,85,172,113,420,0.177,31.2,0.506,0.522,0,74.34,27
4/29/22,8:16:58,Hm4-1,96,85,172,107,625,0.103,27,0.506,0.607,0,64.38,27
4/29/22,8:17:28,Hm4-1,97,85,172,106,820,0.085,29.3,0.506,0.623,0,69.7,27
4/29/22,8:18:17,Hm4-2,96,96,169,169,0,0.432,0,0.432,-,0,0,27
4/29/22,8:18:48,Hm4-2,110,96,169,154,66,0.286,7.9,0.432,0.097,0,18.88,27
4/29/22,8:19:18,Hm4-2,107,96,169,155,90,0.31,11.7,0.432,0.09,0,27.9,27
4/29/22,8:19:48,Hm4-2,109,96,169,145,125,0.248,13,0.432,0.166,0,31,27
4/29/22,8:20:19,Hm4-2,108,96,169,131,190,0.176,14,0.432,0.29,0,33.44,27
4/29/22,8:20:49,Hm4-2,109,96,169,122,285,0.107,12.8,0.432,0.385,0,30.5,27
4/29/22,8:21:19,Hm4-2,110,96,169,119,420,0.076,13.4,0.432,0.42,0,31.92,27
4/29/22,8:21:49,Hm4-2,112,96,169,117,625,0.043,11.3,0.432,0.444,0,26.87,27
4/29/22,8:22:20,Hm4-2,114,96,169,119,820,0.042,14.5,0.432,0.42,0,34.44,27
4/29/22,8:23:55,Hm4-3,88,88,214,214,0,0.589,0,0.589,-,0,0,27
4/29/22,8:24:25,Hm4-3,95,88,214,172,66,0.448,12.4,0.589,0.244,0,29.57,27
4/29/22,8:24:55,Hm4-3,97,88,214,177,90,0.452,17.1,0.589,0.209,0,40.68,27
4/29/22,8:25:25,Hm4-3,98,88,214,148,125,0.338,17.7,0.589,0.446,0,42.25,27
4/29/22,8:25:56,Hm4-3,96,88,214,130,190,0.262,20.9,0.589,0.646,0,49.78,27
4/29/22,8:26:26,Hm4-3,98,88,214,116,285,0.155,18.6,0.589,0.845,0,44.17,27
4/29/22,8:26:56,Hm4-3,100,88,214,112,420,0.107,18.9,0.589,0.911,0,44.94,27
4/29/22,8:27:27,Hm4-3,104,88,214,109,625,0.046,12.1,0.589,0.963,0,28.75,27
4/29/22,8:27:57,Hm4-3,103,88,214,109,820,0.055,18.9,0.589,0.963,0,45.1,27
4/29/22,8:29:47,Hm4-4,97,97,260,260,0,0.627,0,0.627,-,0,0,27
4/29/22,8:30:17,Hm4-4,108,97,260,167,66,0.353,9.8,0.627,0.557,0,23.3,27
4/29/22,8:30:48,Hm4-4,109,97,260,169,90,0.355,13.4,0.627,0.538,0,31.95,27
4/29/22,8:31:18,Hm4-4,110,97,260,153,125,0.281,14.8,0.627,0.699,0,35.12,27
4/29/22,8:31:48,Hm4-4,112,97,260,142,190,0.211,16.8,0.627,0.831,0,40.09,27
4/29/22,8:32:18,Hm4-4,114,97,260,135,285,0.156,18.7,0.627,0.926,0,44.46,27
4/29/22,8:32:49,Hm4-4,117,97,260,131,420,0.107,18.9,0.627,0.985,0,44.94,27
4/29/22,8:33:19,Hm4-4,119,97,260,127,625,0.063,16.5,0.627,1.047,0,39.38,27
4/29/22,8:33:49,Hm4-4,121,97,260,128,820,0.055,18.9,0.627,1.031,0,45.1,27
4/29/22,8:34:35,HUl4-1,113,113,279,279,0,0.595,0,0.595,-,0,0,27
4/29/22,8:35:05,HUl4-1,125,113,279,201,66,0.378,10.5,0.595,0.388,0,24.95,27
4/29/22,8:35:35,HUl4-1,124,113,279,186,90,0.333,12.6,0.595,0.5,0,29.97,27
4/29/22,8:36:06,HUl4-1,126,113,279,171,125,0.263,13.8,0.595,0.632,0,32.88,27
4/29/22,8:36:36,HUl4-1,130,113,279,156,190,0.167,13.3,0.595,0.788,0,31.73,27
4/29/22,8:37:06,HUl4-1,131,113,279,149,285,0.121,14.5,0.595,0.872,0,34.48,27
4/29/22,8:37:37,HUl4-1,134,113,279,145,420,0.076,13.4,0.595,0.924,0,31.92,27
4/29/22,8:38:07,HUl4-1,137,113,279,142,625,0.035,9.2,0.595,0.965,0,21.88,27
4/29/22,8:38:37,HUl4-1,136,113,279,144,820,0.056,19.3,0.595,0.938,0,45.92,27
4/29/22,8:40:31,HUl4-2,117,117,265,265,0,0.558,0,0.558,-,0,0,27
4/29/22,8:41:01,HUl4-2,130,117,265,228,66,0.43,11.9,0.558,0.162,0,28.38,27
4/29/22,8:41:32,HUl4-2,128,117,265,207,90,0.382,14.4,0.558,0.28,0,34.38,27
4/29/22,8:42:02,HUl4-2,132,117,265,193,125,0.316,16.6,0.558,0.373,0,39.5,27
4/29/22,8:42:32,HUl4-2,138,117,265,177,190,0.22,17.6,0.558,0.497,0,41.8,27
4/29/22,8:43:03,HUl4-2,143,117,265,169,285,0.154,18.4,0.558,0.568,0,43.89,27
4/29/22,8:43:33,HUl4-2,147,117,265,165,420,0.109,19.2,0.558,0.606,0,45.78,27
4/29/22,8:44:03,HUl4-2,151,117,265,160,625,0.056,14.7,0.558,0.656,0,35,27
4/29/22,8:44:34,HUl4-2,152,117,265,164,820,0.073,25.1,0.558,0.616,0,59.86,27
4/29/22,8:44:57,HUl4-3,85,85,167,167,0,0.491,0,0.491,-,0,0,27
4/29/22,8:45:27,HUl4-3,99,85,167,169,66,0.414,11.5,0.491,-0.012,0,27.32,27
4/29/22,8:45:57,HUl4-3,98,85,167,160,90,0.388,14.7,0.491,0.044,0,34.92,27
4/29/22,8:46:28,HUl4-3,99,85,167,151,125,0.344,18.1,0.491,0.106,0,43,27
4/29/22,8:46:58,HUl4-3,115,85,167,153,190,0.248,19.8,0.491,0.092,0,47.12,27
4/29/22,8:47:28,HUl4-3,119,85,167,143,285,0.168,20.1,0.491,0.168,0,47.88,27
4/29/22,8:47:59,HUl4-3,126,85,167,142,420,0.113,19.9,0.491,0.176,0,47.46,27
4/29/22,8:48:29,HUl4-3,128,85,167,138,625,0.072,18.9,0.491,0.21,0,45,27
4/29/22,8:48:59,HUl4-3,131,85,167,139,820,0.058,20,0.491,0.201,0,47.56,27
4/29/22,8:49:42,HUl4-4,107,107,229,229,0,0.533,0,0.533,-,0,0,27
4/29/22,8:50:13,HUl4-4,115,107,229,213,66,0.46,12.8,0.533,0.075,0,30.36,27
4/29/22,8:50:43,HUl4-4,114,107,229,209,90,0.455,17.2,0.533,0.096,0,40.95,27
4/29/22,8:51:13,HUl4-4,116,107,229,188,125,0.383,20.1,0.533,0.218,0,47.88,27
4/29/22,8:51:44,HUl4-4,119,107,229,162,190,0.265,21.1,0.533,0.414,0,50.35,27
4/29/22,8:52:14,HUl4-4,124,107,229,146,285,0.151,18.1,0.533,0.568,0,43.03,27
4/29/22,8:52:44,HUl4-4,128,107,229,141,420,0.092,16.2,0.533,0.624,0,38.64,27
4/29/22,8:53:15,HUl4-4,131,107,229,140,625,0.064,16.8,0.533,0.636,0,40,27
4/29/22,8:53:45,HUl4-4,134,107,229,141,820,0.05,17.2,0.533,0.624,0,41,27
4/29/22,8:54:12,Hm5-1,110,110,268,268,0,0.59,0,0.59,-,0,0,30
4/29/22,8:54:42,Hm5-1,119,110,268,201,66,0.408,11.3,0.59,0.333,0,26.93,30
4/29/22,8:55:12,Hm5-1,116,110,268,196,90,0.408,15.4,0.59,0.367,0,36.72,30
4/29/22,8:55:43,Hm5-1,118,110,268,178,125,0.337,17.7,0.59,0.506,0,42.12,30
4/29/22,8:56:13,Hm5-1,120,110,268,161,190,0.255,20.3,0.59,0.665,0,48.45,30
4/29/22,8:56:43,Hm5-1,123,110,268,149,285,0.174,20.8,0.59,0.799,0,49.59,30
4/29/22,8:57:13,Hm5-1,128,110,268,142,420,0.099,17.5,0.59,0.887,0,41.58,30
4/29/22,8:57:44,Hm5-1,131,110,268,139,625,0.058,15.2,0.59,0.928,0,36.25,30
4/29/22,8:58:14,Hm5-1,130,110,268,140,820,0.071,24.5,0.59,0.914,0,58.22,30
4/29/22,8:58:33,Hm5-2,96,96,238,238,0,0.597,0,0.597,-,0,0,30
4/29/22,8:59:03,Hm5-2,103,96,238,197,66,0.477,13.2,0.597,0.208,0,31.48,30
4/29/22,8:59:33,Hm5-2,103,96,238,187,90,0.449,17,0.597,0.273,0,40.41,30
4/29/22,9:00:04,Hm5-2,104,96,238,158,125,0.342,18,0.597,0.506,0,42.75,30
4/29/22,9:00:34,Hm5-2,105,96,238,136,190,0.228,18.2,0.597,0.75,0,43.32,30
4/29/22,9:01:04,Hm5-2,109,96,238,126,285,0.135,16.2,0.597,0.889,0,38.48,30
4/29/22,9:01:35,Hm5-2,111,96,238,121,420,0.083,14.6,0.597,0.967,0,34.86,30
4/29/22,9:02:05,Hm5-2,110,96,238,119,625,0.076,20,0.597,1,0,47.5,30
4/29/22,9:02:35,Hm5-2,112,96,238,118,820,0.051,17.6,0.597,1.017,0,41.82,30
4/29/22,9:03:32,Hm5-3,73,73,178,178,0,0.59,0,0.59,-,0,0,30
4/29/22,9:04:02,Hm5-3,81,73,178,121,66,0.331,9.2,0.59,0.471,0,21.85,30
4/29/22,9:04:33,Hm5-3,81,73,178,117,90,0.308,11.6,0.59,0.521,0,27.72,30
4/29/22,9:05:03,Hm5-3,82,73,178,114,125,0.281,14.8,0.59,0.561,0,35.12,30
4/29/22,9:05:33,Hm5-3,86,73,178,106,190,0.189,15.1,0.59,0.679,0,35.91,30
4/29/22,9:06:04,Hm5-3,87,73,178,102,285,0.147,17.6,0.59,0.745,0,41.89,30
4/29/22,9:06:34,Hm5-3,90,73,178,99,420,0.091,16.1,0.59,0.798,0,38.22,30
4/29/22,9:07:04,Hm5-3,94,73,178,97,625,0.031,8.1,0.59,0.835,0,19.38,30
4/29/22,9:07:35,Hm5-3,94,73,178,98,820,0.041,14.1,0.59,0.816,0,33.62,30
4/29/22,9:08:30,Hm5-4,77,77,205,205,0,0.624,0,0.624,-,0,0,30
4/29/22,9:09:01,Hm5-4,91,77,205,188,66,0.516,14.3,0.624,0.09,0,34.06,30
4/29/22,9:09:31,Hm5-4,89,77,205,178,90,0.5,18.9,0.624,0.152,0,45,30
4/29/22,9:10:01,Hm5-4,88,77,205,153,125,0.425,22.3,0.624,0.34,0,53.12,30
4/29/22,9:10:31,Hm5-4,91,77,205,136,190,0.331,26.4,0.624,0.507,0,62.89,30
4/29/22,9:11:02,Hm5-4,93,77,205,121,285,0.231,27.7,0.624,0.694,0,65.84,30
4/29/22,9:11:32,Hm5-4,93,77,205,115,420,0.191,33.7,0.624,0.783,0,80.22,30
4/29/22,9:12:02,Hm5-4,97,77,205,108,625,0.102,26.8,0.624,0.898,0,63.75,30
4/29/22,9:12:33,Hm5-4,98,77,205,109,820,0.101,34.8,0.624,0.881,0,82.82,30
4/29/22,9:19:45,HUl5-1,103,103,272,272,0,0.621,0,0.621,-,0,0,30
4/29/22,9:20:15,HUl5-1,120,103,272,171,66,0.298,8.3,0.621,0.591,0,19.67,30
4/29/22,9:20:45,HUl5-1,120,103,272,161,90,0.255,9.6,0.621,0.689,0,22.95,30
4/29/22,9:21:16,HUl5-1,121,103,272,152,125,0.204,10.7,0.621,0.789,0,25.5,30
4/29/22,9:21:46,HUl5-1,126,103,272,146,190,0.137,10.9,0.621,0.863,0,26.03,30
4/29/22,9:22:16,HUl5-1,129,103,272,142,285,0.092,11,0.621,0.915,0,26.22,30
4/29/22,9:22:47,HUl5-1,129,103,272,139,420,0.072,12.7,0.621,0.957,0,30.24,30
4/29/22,9:23:17,HUl5-1,133,103,272,138,625,0.036,9.5,0.621,0.971,0,22.5,30
4/29/22,9:23:47,HUl5-1,134,103,272,139,820,0.036,12.4,0.621,0.957,0,29.52,30
4/29/22,9:24:26,HUl5-2,81,81,217,217,0,0.627,0,0.627,-,0,0,30
4/29/22,9:24:56,HUl5-2,90,81,217,141,66,0.362,10,0.627,0.539,0,23.89,30
4/29/22,9:25:27,HUl5-2,87,81,217,133,90,0.346,13.1,0.627,0.632,0,31.14,30
4/29/22,9:25:57,HUl5-2,92,81,217,121,125,0.24,12.6,0.627,0.793,0,30,30
4/29/22,9:26:27,HUl5-2,94,81,217,116,190,0.19,15.2,0.627,0.871,0,36.1,30
4/29/22,9:26:58,HUl5-2,97,81,217,112,285,0.134,16,0.627,0.938,0,38.19,30
4/29/22,9:27:28,HUl5-2,100,81,217,109,420,0.083,14.6,0.627,0.991,0,34.86,30
4/29/22,9:27:58,HUl5-2,102,81,217,108,625,0.056,14.7,0.627,1.009,0,35,30
4/29/22,9:28:29,HUl5-2,102,81,217,110,820,0.073,25.1,0.627,0.973,0,59.86,30
4/29/22,9:28:59,HUl5-3,104,104,268,268,0,0.612,0,0.612,-,0,0,30
4/29/22,9:29:29,HUl5-3,110,104,268,183,66,0.399,11.1,0.612,0.464,0,26.33,30
4/29/22,9:30:00,HUl5-3,107,104,268,172,90,0.378,14.3,0.612,0.558,0,34.02,30
4/29/22,9:30:30,HUl5-3,109,104,268,161,125,0.323,17,0.612,0.665,0,40.38,30
4/29/22,9:31:00,HUl5-3,112,104,268,146,190,0.233,18.6,0.612,0.836,0,44.27,30
4/29/22,9:31:30,HUl5-3,115,104,268,137,285,0.161,19.3,0.612,0.956,0,45.88,30
4/29/22,9:32:01,HUl5-3,118,104,268,131,420,0.099,17.5,0.612,1.046,0,41.58,30
4/29/22,9:32:31,HUl5-3,121,104,268,129,625,0.062,16.3,0.612,1.078,0,38.75,30
4/29/22,9:33:01,HUl5-3,120,104,268,130,820,0.077,26.5,0.612,1.062,0,63.14,30
4/29/22,9:34:21,HUl5-4,109,109,266,266,0,0.59,0,0.59,-,0,0,30
4/29/22,9:34:51,HUl5-4,116,109,266,206,66,0.437,12.1,0.59,0.291,0,28.84,30
4/29/22,9:35:21,HUl5-4,118,109,266,196,90,0.398,15,0.59,0.357,0,35.82,30
4/29/22,9:35:52,HUl5-4,121,109,266,181,125,0.331,17.4,0.59,0.47,0,41.38,30
4/29/22,9:36:22,HUl5-4,123,109,266,165,190,0.255,20.3,0.59,0.612,0,48.45,30
4/29/22,9:36:52,HUl5-4,126,109,266,155,285,0.187,22.4,0.59,0.716,0,53.3,30
4/29/22,9:37:22,HUl5-4,129,109,266,147,420,0.122,21.5,0.59,0.81,0,51.24,30
4/29/22,9:37:53,HUl5-4,132,109,266,142,625,0.07,18.4,0.59,0.873,0,43.75,30
4/29/22,9:38:23,HUl5-4,132,109,266,141,820,0.064,22,0.59,0.887,0,52.48,30
4/29/22,9:39:45,Hm6-1,115,115,251,251,0,0.542,0,0.542,-,0,0,30
4/29/22,9:40:15,Hm6-1,130,115,251,231,66,0.437,12.1,0.542,0.087,0,28.84,30
4/29/22,9:40:46,Hm6-1,128,115,251,215,90,0.405,15.3,0.542,0.167,0,36.45,30
4/29/22,9:41:16,Hm6-1,130,115,251,192,125,0.323,17,0.542,0.307,0,40.38,30
4/29/22,9:41:46,Hm6-1,132,115,251,175,190,0.246,19.6,0.542,0.434,0,46.74,30
4/29/22,9:42:17,Hm6-1,135,115,251,162,285,0.167,20,0.542,0.549,0,47.6,30
4/29/22,9:42:47,Hm6-1,136,115,251,153,420,0.111,19.6,0.542,0.641,0,46.62,30
4/29/22,9:43:17,Hm6-1,139,115,251,150,625,0.073,19.2,0.542,0.673,0,45.62,30
4/29/22,9:43:47,Hm6-1,141,115,251,151,820,0.066,22.7,0.542,0.662,0,54.12,30
4/29/22,9:44:53,HUl6-2,108,108,248,248,0,0.565,0,0.565,-,0,0,30
4/29/22,9:45:23,HUl6-2,121,108,248,228,66,0.469,13,0.565,0.088,0,30.95,30
4/29/22,9:45:54,HUl6-2,119,108,248,221,90,0.462,17.5,0.565,0.122,0,41.58,30
4/29/22,9:46:24,HUl6-2,121,108,248,193,125,0.373,19.6,0.565,0.285,0,46.62,30
4/29/22,9:46:54,HUl6-2,122,108,248,170,190,0.282,22.5,0.565,0.459,0,53.58,30
4/29/22,9:47:25,HUl6-2,123,108,248,154,285,0.201,24.1,0.565,0.61,0,57.29,30
4/29/22,9:47:55,HUl6-2,126,108,248,145,420,0.131,23.1,0.565,0.71,0,55.02,30
4/29/22,9:48:25,HUl6-2,130,108,248,137,625,0.051,13.4,0.565,0.81,0,31.87,30
4/29/22,9:48:55,HUl6-2,130,108,248,140,820,0.071,24.5,0.565,0.771,0,58.22,30
4/29/22,9:49:59,Hm6-3,102,102,264,264,0,0.614,0,0.614,-,0,0,30
4/29/22,9:50:29,Hm6-3,111,102,264,225,66,0.507,14.1,0.614,0.173,0,33.46,30
4/29/22,9:50:59,Hm6-3,111,102,264,218,90,0.491,18.6,0.614,0.211,0,44.19,30
4/29/22,9:51:30,Hm6-3,112,102,264,195,125,0.426,22.4,0.614,0.354,0,53.25,30
4/29/22,9:52:00,Hm6-3,113,102,264,171,190,0.339,27.1,0.614,0.544,0,64.41,30
4/29/22,9:52:30,Hm6-3,118,102,264,157,285,0.248,29.7,0.614,0.682,0,70.68,30
4/29/22,9:53:00,Hm6-3,120,102,264,145,420,0.172,30.3,0.614,0.821,0,72.24,30
4/29/22,9:53:31,Hm6-3,121,102,264,137,625,0.117,30.7,0.614,0.927,0,73.12,30
4/29/22,9:54:01,Hm6-3,124,102,264,137,820,0.095,32.7,0.614,0.927,0,77.9,30
4/29/22,9:54:52,Hm6-4,81,81,154,154,0,0.474,0,0.474,-,0,0,30
4/29/22,9:55:22,Hm6-4,88,81,154,138,66,0.362,10,0.474,0.116,0,23.89,30
4/29/22,9:55:53,Hm6-4,87,81,154,136,90,0.36,13.6,0.474,0.132,0,32.4,30
4/29/22,9:56:23,Hm6-4,87,81,154,124,125,0.298,15.6,0.474,0.242,0,37.25,30
4/29/22,9:56:53,Hm6-4,90,81,154,114,190,0.211,16.8,0.474,0.351,0,40.09,30
4/29/22,9:57:23,Hm6-4,88,81,154,105,285,0.162,19.4,0.474,0.467,0,46.17,30
4/29/22,9:57:54,Hm6-4,90,81,154,100,420,0.1,17.6,0.474,0.54,0,42,30
4/29/22,9:58:24,Hm6-4,93,81,154,96,625,0.031,8.1,0.474,0.604,0,19.38,30
4/29/22,9:58:54,Hm6-4,92,81,154,97,820,0.052,17.9,0.474,0.588,0,42.64,30
4/29/22,9:59:40,HUl6-1,103,103,232,232,0,0.556,0,0.556,-,0,0,30
4/29/22,10:00:10,HUl6-1,119,103,232,231,66,0.485,13.4,0.556,0.004,0,32.01,30
4/29/22,10:00:40,HUl6-1,119,103,232,204,90,0.417,15.8,0.556,0.137,0,37.53,30
4/29/22,10:01:11,HUl6-1,122,103,232,185,125,0.341,17.9,0.556,0.254,0,42.62,30
4/29/22,10:01:41,HUl6-1,128,103,232,166,190,0.229,18.3,0.556,0.398,0,43.51,30
4/29/22,10:02:11,HUl6-1,133,103,232,156,285,0.147,17.6,0.556,0.487,0,41.89,30
4/29/22,10:02:42,HUl6-1,137,103,232,152,420,0.099,17.5,0.556,0.526,0,41.58,30
4/29/22,10:03:12,HUl6-1,140,103,232,148,625,0.054,14.2,0.556,0.568,0,33.75,30
4/29/22,10:03:42,HUl6-1,142,103,232,150,820,0.053,18.3,0.556,0.547,0,43.46,30
4/29/22,10:04:08,HUl6-2,84,84,222,222,0,0.622,0,0.622,-,0,0,30
4/29/22,10:04:38,HUl6-2,96,84,222,213,66,0.549,15.2,0.622,0.042,0,36.23,30
4/29/22,10:05:08,HUl6-2,95,84,222,188,90,0.495,18.7,0.622,0.181,0,44.55,30
4/29/22,10:05:39,HUl6-2,101,84,222,171,125,0.409,21.5,0.622,0.298,0,51.12,30
4/29/22,10:06:09,HUl6-2,104,84,222,158,190,0.342,27.3,0.622,0.405,0,64.98,30
4/29/22,10:06:39,HUl6-2,107,84,222,145,285,0.262,31.4,0.622,0.531,0,74.67,30
4/29/22,10:07:10,HUl6-2,111,84,222,136,420,0.184,32.5,0.622,0.632,0,77.28,30
4/29/22,10:07:40,HUl6-2,112,84,222,130,625,0.138,36.2,0.622,0.708,0,86.25,30
4/29/22,10:08:10,HUl6-2,116,84,222,129,820,0.101,34.8,0.622,0.721,0,82.82,30
4/29/22,10:08:59,HUl6-3,112,112,274,274,0,0.591,0,0.591,-,0,0,30
4/29/22,10:09:29,HUl6-3,120,112,274,235,66,0.489,13.6,0.591,0.166,0,32.27,30
4/29/22,10:09:59,HUl6-3,122,112,274,209,90,0.416,15.7,0.591,0.311,0,37.44,30
4/29/22,10:10:29,HUl6-3,127,112,274,189,125,0.328,17.2,0.591,0.45,0,41,30
4/29/22,10:11:00,HUl6-3,131,112,274,172,190,0.238,19,0.591,0.593,0,45.22,30
4/29/22,10:11:30,HUl6-3,133,112,274,159,285,0.164,19.6,0.591,0.723,0,46.74,30
4/29/22,10:12:00,HUl6-3,138,112,274,155,420,0.11,19.4,0.591,0.768,0,46.2,30
4/29/22,10:12:31,HUl6-3,141,112,274,150,625,0.06,15.8,0.591,0.827,0,37.5,30
4/29/22,10:13:01,HUl6-3,144,112,274,153,820,0.059,20.3,0.591,0.791,0,48.38,30
4/29/22,10:13:59,HUl6-4,68,68,197,197,0,0.655,0,0.655,-,0,0,30
4/29/22,10:14:29,HUl6-4,73,68,197,168,66,0.565,15.7,0.655,0.173,0,37.29,30
4/29/22,10:15:00,HUl6-4,76,68,197,135,90,0.437,16.5,0.655,0.459,0,39.33,30
4/29/22,10:15:30,HUl6-4,79,68,197,121,125,0.347,18.2,0.655,0.628,0,43.38,30
4/29/22,10:16:00,HUl6-4,82,68,197,111,190,0.261,20.8,0.655,0.775,0,49.59,30
4/29/22,10:16:30,HUl6-4,83,68,197,102,285,0.186,22.3,0.655,0.931,0,53.01,30
4/29/22,10:17:01,HUl6-4,85,68,197,99,420,0.141,24.9,0.655,0.99,0,59.22,30
4/29/22,10:17:31,HUl6-4,88,68,197,97,625,0.093,24.4,0.655,1.031,0,58.12,30
4/29/22,10:18:01,HUl6-4,88,68,197,98,820,0.102,35.1,0.655,1.01,0,83.64,30
4/29/22,10:18:25,Hm1-1,102,102,219,219,0,0.534,0,0.534,-,0,0,20
4/29/22,10:18:55,Hm1-1,113,102,219,212,66,0.467,12.9,0.534,0.033,0,30.82,20
4/29/22,10:19:25,Hm1-1,114,102,219,210,90,0.457,17.3,0.534,0.043,0,41.13,20
4/29/22,10:19:55,Hm1-1,114,102,219,191,125,0.403,21.2,0.534,0.147,0,50.38,20
4/29/22,10:20:26,Hm1-1,113,102,219,162,190,0.302,24.1,0.534,0.352,0,57.38,20
4/29/22,10:20:56,Hm1-1,111,102,219,144,285,0.229,27.4,0.534,0.521,0,65.27,20
4/29/22,10:21:26,Hm1-1,114,102,219,133,420,0.143,25.2,0.534,0.647,0,60.06,20
4/29/22,10:21:57,Hm1-1,113,102,219,127,625,0.11,28.9,0.534,0.724,0,68.75,20
4/29/22,10:22:27,Hm1-1,114,102,219,126,820,0.095,32.7,0.534,0.738,0,77.9,20
4/29/22,10:22:58,Hm1-2,76,76,166,166,0,0.542,0,0.542,-,0,0,20
4/29/22,10:23:28,Hm1-2,79,76,166,159,66,0.503,13.9,0.542,0.044,0,33.2,20
4/29/22,10:23:58,Hm1-2,81,76,166,161,90,0.497,18.8,0.542,0.031,0,44.73,20
4/29/22,10:24:28,Hm1-2,81,76,166,155,125,0.477,25,0.542,0.071,0,59.62,20
4/29/22,10:24:59,Hm1-2,83,76,166,138,190,0.399,31.8,0.542,0.203,0,75.81,20
4/29/22,10:25:29,Hm1-2,81,76,166,121,285,0.331,39.6,0.542,0.372,0,94.34,20
4/29/22,10:25:59,Hm1-2,79,76,166,108,420,0.269,47.5,0.542,0.537,0,112.98,20
4/29/22,10:26:30,Hm1-2,82,76,166,99,625,0.172,45.2,0.542,0.677,0,107.5,20
4/29/22,10:27:00,Hm1-2,81,76,166,98,820,0.173,59.6,0.542,0.694,0,141.86,20
4/29/22,10:28:10,Hm1-3,88,88,167,167,0,0.473,0,0.473,-,0,0,20
4/29/22,10:28:40,Hm1-3,96,88,167,174,66,0.448,12.4,0.473,-0.04,0,29.57,20
4/29/22,10:29:10,Hm1-3,96,88,167,173,90,0.445,16.8,0.473,-0.035,0,40.05,20
4/29/22,10:29:41,Hm1-3,97,88,167,164,125,0.409,21.5,0.473,0.018,0,51.12,20
4/29/22,10:30:11,Hm1-3,95,88,167,142,190,0.331,26.4,0.473,0.176,0,62.89,20
4/29/22,10:30:41,Hm1-3,95,88,167,126,285,0.246,29.4,0.473,0.325,0,70.11,20
4/29/22,10:31:11,Hm1-3,93,88,167,115,420,0.191,33.7,0.473,0.452,0,80.22,20
4/29/22,10:31:42,Hm1-3,95,88,167,107,625,0.112,29.4,0.473,0.561,0,70,20
4/29/22,10:32:12,Hm1-3,95,88,167,107,820,0.112,38.6,0.473,0.561,0,91.84,20
4/29/22,10:32:38,Hm1-4,80,80,178,178,0,0.551,0,0.551,-,0,0,20
4/29/22,10:33:09,Hm1-4,83,80,178,173,66,0.52,14.4,0.551,0.029,0,34.32,20
4/29/22,10:33:39,Hm1-4,82,80,178,170,90,0.518,19.6,0.551,0.047,0,46.62,20
4/29/22,10:34:09,Hm1-4,86,80,178,157,125,0.452,23.7,0.551,0.134,0,56.5,20
4/29/22,10:34:40,Hm1-4,87,80,178,133,190,0.346,27.6,0.551,0.338,0,65.74,20
4/29/22,10:35:10,Hm1-4,86,80,178,119,285,0.277,33.2,0.551,0.496,0,78.95,20
4/29/22,10:35:40,Hm1-4,88,80,178,110,420,0.2,35.3,0.551,0.618,0,84,20
4/29/22,10:36:10,Hm1-4,88,80,178,102,625,0.137,36,0.551,0.745,0,85.62,20
4/29/22,10:36:41,Hm1-4,92,80,178,106,820,0.132,45.5,0.551,0.679,0,108.24,20
4/29/22,10:37:26,HUl1-1,98,98,140,140,0,0.3,0,0.3,-,0,0,20
4/29/22,10:37:56,HUl1-1,116,98,140,152,66,0.237,6.6,0.3,-0.079,0,15.64,20
4/29/22,10:38:26,HUl1-1,113,98,140,151,90,0.252,9.5,0.3,-0.073,0,22.68,20
4/29/22,10:38:57,HUl1-1,114,98,140,149,125,0.235,12.3,0.3,-0.06,0,29.38,20
4/29/22,10:39:27,HUl1-1,114,98,140,140,190,0.186,14.8,0.3,0,0,35.34,20
4/29/22,10:39:57,HUl1-1,109,98,140,128,285,0.148,17.7,0.3,0.094,0,42.18,20
4/29/22,10:40:27,HUl1-1,109,98,140,120,420,0.092,16.2,0.3,0.167,0,38.64,20
4/29/22,10:40:58,HUl1-1,106,98,140,112,625,0.054,14.2,0.3,0.25,0,33.75,20
4/29/22,10:41:28,HUl1-1,106,98,140,114,820,0.07,24.1,0.3,0.228,0,57.4,20
4/29/22,10:42:28,HUl1-2,112,112,194,194,0,0.423,0,0.423,-,0,0,20
4/29/22,10:42:59,HUl1-2,129,112,194,194,66,0.335,9.3,0.423,0,0,22.11,20
4/29/22,10:43:29,HUl1-2,125,112,194,195,90,0.359,13.6,0.423,-0.005,0,32.31,20
4/29/22,10:43:59,HUl1-2,128,112,194,183,125,0.301,15.8,0.423,0.06,0,37.62,20
4/29/22,10:44:29,HUl1-2,125,112,194,162,190,0.228,18.2,0.423,0.198,0,43.32,20
4/29/22,10:45:00,HUl1-2,122,112,194,144,285,0.153,18.3,0.423,0.347,0,43.6,20
4/29/22,10:45:30,HUl1-2,120,112,194,133,420,0.098,17.3,0.423,0.459,0,41.16,20
4/29/22,10:46:00,HUl1-2,121,112,194,128,625,0.055,14.4,0.423,0.516,0,34.38,20
4/29/22,10:46:31,HUl1-2,120,112,194,127,820,0.055,18.9,0.423,0.528,0,45.1,20
4/29/22,10:47:05,HUl1-3,108,108,183,183,0,0.41,0,0.41,-,0,0,20
4/29/22,10:47:36,HUl1-3,116,108,183,181,66,0.359,10,0.41,0.011,0,23.69,20
4/29/22,10:48:06,HUl1-3,115,108,183,179,90,0.358,13.5,0.41,0.022,0,32.22,20
4/29/22,10:48:36,HUl1-3,118,108,183,171,125,0.31,16.3,0.41,0.07,0,38.75,20
4/29/22,10:49:07,HUl1-3,117,108,183,153,190,0.235,18.8,0.41,0.196,0,44.65,20
4/29/22,10:49:37,HUl1-3,115,108,183,142,285,0.19,22.7,0.41,0.289,0,54.15,20
4/29/22,10:50:07,HUl1-3,117,108,183,131,420,0.107,18.9,0.41,0.397,0,44.94,20
4/29/22,10:50:37,HUl1-3,118,108,183,126,625,0.063,16.5,0.41,0.452,0,39.38,20
4/29/22,10:51:08,HUl1-3,119,108,183,127,820,0.063,21.7,0.41,0.441,0,51.66,20
4/29/22,10:52:00,HUl1-4,76,76,166,166,0,0.542,0,0.542,-,0,0,20
4/29/22,10:52:31,HUl1-4,84,76,166,164,66,0.488,13.5,0.542,0.012,0,32.21,20
4/29/22,10:53:01,HUl1-4,82,76,166,161,90,0.491,18.6,0.542,0.031,0,44.19,20
4/29/22,10:53:31,HUl1-4,82,76,166,143,125,0.427,22.4,0.542,0.161,0,53.38,20
4/29/22,10:54:02,HUl1-4,84,76,166,126,190,0.333,26.6,0.542,0.317,0,63.27,20
4/29/22,10:54:32,HUl1-4,85,76,166,112,285,0.241,28.8,0.542,0.482,0,68.69,20
4/29/22,10:55:02,HUl1-4,87,76,166,104,420,0.163,28.8,0.542,0.596,0,68.46,20
4/29/22,10:55:32,HUl1-4,93,76,166,104,625,0.106,27.8,0.542,0.596,0,66.25,20
4/29/22,10:56:03,HUl1-4,95,76,166,105,820,0.095,32.7,0.542,0.581,0,77.9,20
4/29/22,10:57:18,Hm2-1,107,107,177,177,0,0.395,0,0.395,-,0,0,20
4/29/22,10:57:48,Hm2-1,116,107,177,171,66,0.322,8.9,0.395,0.035,0,21.25,20
4/29/22,10:58:18,Hm2-1,112,107,177,171,90,0.345,13,0.395,0.035,0,31.05,20
4/29/22,10:58:48,Hm2-1,114,107,177,168,125,0.321,16.9,0.395,0.054,0,40.12,20
4/29/22,10:59:19,Hm2-1,116,107,177,159,190,0.27,21.5,0.395,0.113,0,51.3,20
4/29/22,10:59:49,Hm2-1,115,107,177,144,285,0.201,24.1,0.395,0.229,0,57.29,20
4/29/22,11:00:19,Hm2-1,115,107,177,134,420,0.142,25,0.395,0.321,0,59.64,20
4/29/22,11:00:50,Hm2-1,113,107,177,123,625,0.081,21.3,0.395,0.439,0,50.62,20
4/29/22,11:01:20,Hm2-1,111,107,177,123,820,0.098,33.8,0.395,0.439,0,80.36,20
4/29/22,11:02:01,Hm2-2,95,95,189,189,0,0.497,0,0.497,-,0,0,20
4/29/22,11:02:31,Hm2-2,102,95,189,188,66,0.457,12.7,0.497,0.005,0,30.16,20
4/29/22,11:03:01,Hm2-2,105,95,189,186,90,0.435,16.4,0.497,0.016,0,39.15,20
4/29/22,11:03:31,Hm2-2,107,95,189,184,125,0.418,21.9,0.497,0.027,0,52.25,20
4/29/22,11:04:02,Hm2-2,109,95,189,168,190,0.351,28,0.497,0.125,0,66.69,20
4/29/22,11:04:32,Hm2-2,108,95,189,143,285,0.245,29.3,0.497,0.322,0,69.83,20
4/29/22,11:05:02,Hm2-2,104,95,189,127,420,0.181,31.9,0.497,0.488,0,76.02,20
4/29/22,11:05:33,Hm2-2,107,95,189,117,625,0.085,22.3,0.497,0.615,0,53.13,20
4/29/22,11:06:03,Hm2-2,107,95,189,117,820,0.085,29.3,0.497,0.615,0,69.7,20
4/29/22,11:07:25,Hm2-3,105,105,216,216,0,0.514,0,0.514,-,0,0,20
4/29/22,11:07:56,Hm2-3,111,105,216,186,66,0.403,11.2,0.514,0.161,0,26.6,20
4/29/22,11:08:26,Hm2-3,112,105,216,183,90,0.388,14.7,0.514,0.18,0,34.92,20
4/29/22,11:08:56,Hm2-3,111,105,216,170,125,0.347,18.2,0.514,0.271,0,43.38,20
4/29/22,11:09:27,Hm2-3,110,105,216,154,190,0.286,22.8,0.514,0.403,0,54.34,20
4/29/22,11:09:57,Hm2-3,111,105,216,136,285,0.184,22,0.514,0.588,0,52.44,20
4/29/22,11:10:27,Hm2-3,110,105,216,127,420,0.134,23.6,0.514,0.701,0,56.28,20
4/29/22,11:10:57,Hm2-3,113,105,216,121,625,0.066,17.3,0.514,0.785,0,41.25,20
4/29/22,11:11:28,Hm2-3,113,105,216,124,820,0.089,30.7,0.514,0.742,0,72.98,20
4/29/22,11:12:39,Hm2-4,107,107,223,223,0,0.52,0,0.52,-,0,0,20
4/29/22,11:13:09,Hm2-4,116,107,223,219,66,0.47,13,0.52,0.018,0,31.02,20
4/29/22,11:13:40,Hm2-4,118,107,223,213,90,0.446,16.9,0.52,0.047,0,40.14,20
4/29/22,11:14:10,Hm2-4,119,107,223,200,125,0.405,21.3,0.52,0.115,0,50.62,20
4/29/22,11:14:40,Hm2-4,118,107,223,173,190,0.318,25.4,0.52,0.289,0,60.42,20
4/29/22,11:15:10,Hm2-4,120,107,223,150,285,0.2,23.9,0.52,0.487,0,57,20
4/29/22,11:15:41,Hm2-4,117,107,223,140,420,0.164,28.9,0.52,0.593,0,68.88,20
4/29/22,11:16:11,Hm2-4,122,107,223,131,625,0.069,18.1,0.52,0.702,0,43.13,20
4/29/22,11:16:41,Hm2-4,120,107,223,131,820,0.084,28.9,0.52,0.702,0,68.88,20
4/29/22,11:17:45,HUl2-1,113,113,256,256,0,0.559,0,0.559,-,0,0,20
4/29/22,11:18:16,HUl2-1,122,113,256,234,66,0.479,13.3,0.559,0.094,0,31.61,20
4/29/22,11:18:46,HUl2-1,120,113,256,219,90,0.452,17.1,0.559,0.169,0,40.68,20
4/29/22,11:19:16,HUl2-1,119,113,256,201,125,0.408,21.4,0.559,0.274,0,51,20
4/29/22,11:19:47,HUl2-1,121,113,256,176,190,0.313,25,0.559,0.455,0,59.47,20
4/29/22,11:20:17,HUl2-1,122,113,256,156,285,0.218,26.1,0.559,0.641,0,62.13,20
4/29/22,11:20:47,HUl2-1,127,113,256,150,420,0.153,27,0.559,0.707,0,64.26,20
4/29/22,11:21:17,HUl2-1,131,113,256,144,625,0.09,23.6,0.559,0.778,0,56.25,20
4/29/22,11:21:48,HUl2-1,130,113,256,145,820,0.103,35.5,0.559,0.766,0,84.46,20
4/29/22,11:22:35,HUl2-2,83,83,187,187,0,0.556,0,0.556,-,0,0,20
4/29/22,11:23:05,HUl2-2,90,83,187,168,66,0.464,12.9,0.556,0.113,0,30.62,20
4/29/22,11:23:35,HUl2-2,89,83,187,156,90,0.429,16.2,0.556,0.199,0,38.61,20
4/29/22,11:24:05,HUl2-2,89,83,187,140,125,0.364,19.1,0.556,0.336,0,45.5,20
4/29/22,11:24:36,HUl2-2,89,83,187,122,190,0.27,21.5,0.556,0.533,0,51.3,20
4/29/22,11:25:06,HUl2-2,91,83,187,111,285,0.18,21.5,0.556,0.685,0,51.3,20
4/29/22,11:25:36,HUl2-2,92,83,187,105,420,0.124,21.9,0.556,0.781,0,52.08,20
4/29/22,11:26:07,HUl2-2,95,83,187,102,625,0.069,18.1,0.556,0.833,0,43.13,20
4/29/22,11:26:37,HUl2-2,95,83,187,104,820,0.087,30,0.556,0.798,0,71.34,20
4/29/22,11:27:58,HUl2-3,92,92,223,223,0,0.587,0,0.587,-,0,0,20
4/29/22,11:28:28,HUl2-3,101,92,223,189,66,0.466,12.9,0.587,0.18,0,30.76,20
4/29/22,11:28:59,HUl2-3,100,92,223,184,90,0.457,17.3,0.587,0.212,0,41.13,20
4/29/22,11:29:29,HUl2-3,99,92,223,160,125,0.381,20,0.587,0.394,0,47.62,20
4/29/22,11:29:59,HUl2-3,104,92,223,140,190,0.257,20.5,0.587,0.593,0,48.83,20
4/29/22,11:30:30,HUl2-3,105,92,223,127,285,0.173,20.7,0.587,0.756,0,49.3,20
4/29/22,11:31:00,HUl2-3,109,92,223,121,420,0.099,17.5,0.587,0.843,0,41.58,20
4/29/22,11:31:30,HUl2-3,112,92,223,120,625,0.067,17.6,0.587,0.858,0,41.88,20
4/29/22,11:32:01,HUl2-3,112,92,223,120,820,0.067,23.1,0.587,0.858,0,54.94,20
4/29/22,11:32:24,HUl2-4,79,79,151,151,0,0.477,0,0.477,-,0,0,20
4/29/22,11:32:54,HUl2-4,88,79,151,149,66,0.409,11.3,0.477,0.013,0,26.99,20
4/29/22,11:33:25,HUl2-4,84,79,151,144,90,0.417,15.8,0.477,0.049,0,37.53,20
4/29/22,11:33:55,HUl2-4,85,79,151,134,125,0.366,19.2,0.477,0.127,0,45.75,20
4/29/22,11:34:25,HUl2-4,88,79,151,121,190,0.273,21.8,0.477,0.248,0,51.87,20
4/29/22,11:34:55,HUl2-4,90,79,151,109,285,0.174,20.8,0.477,0.385,0,49.59,20
4/29/22,11:35:26,HUl2-4,92,79,151,106,420,0.132,23.3,0.477,0.425,0,55.44,20
4/29/22,11:35:56,HUl2-4,95,79,151,103,625,0.078,20.5,0.477,0.466,0,48.75,20
4/29/22,11:36:26,HUl2-4,72,79,151,79,820,0.089,30.7,0.477,0.911,0,72.98,20
4/29/22,11:38:27,Hm3-1,88,88,183,183,0,0.519,0,0.519,-,0,0,27
4/29/22,11:38:57,Hm3-1,96,88,183,187,66,0.487,13.5,0.519,-0.021,0,32.14,27
4/29/22,11:39:28,Hm3-1,96,88,183,183,90,0.475,18,0.519,0,0,42.75,27
4/29/22,11:39:58,Hm3-1,95,88,183,152,125,0.375,19.7,0.519,0.204,0,46.88,27
4/29/22,11:40:28,Hm3-1,97,88,183,134,190,0.276,22,0.519,0.366,0,52.44,27
4/29/22,11:40:58,Hm3-1,97,88,183,122,285,0.205,24.5,0.519,0.5,0,58.42,27
4/29/22,11:41:29,Hm3-1,97,88,183,112,420,0.134,23.6,0.519,0.634,0,56.28,27
4/29/22,11:41:59,Hm3-1,99,88,183,108,625,0.083,21.8,0.519,0.694,0,51.88,27
4/29/22,11:42:29,Hm3-1,100,88,183,107,820,0.065,22.4,0.519,0.71,0,53.3,27
4/29/22,11:43:13,Hm3-2,79,79,172,172,0,0.541,0,0.541,-,0,0,27
4/29/22,11:43:43,Hm3-2,81,79,172,170,66,0.524,14.5,0.541,0.012,0,34.58,27
4/29/22,11:44:14,Hm3-2,82,79,172,163,90,0.497,18.8,0.541,0.055,0,44.73,27
4/29/22,11:44:44,Hm3-2,82,79,172,140,125,0.414,21.7,0.541,0.229,0,51.75,27
4/29/22,11:45:14,Hm3-2,83,79,172,124,190,0.331,26.4,0.541,0.387,0,62.89,27
4/29/22,11:45:45,Hm3-2,83,79,172,111,285,0.252,30.2,0.541,0.55,0,71.82,27
4/29/22,11:46:15,Hm3-2,87,79,172,101,420,0.139,24.5,0.541,0.703,0,58.38,27
4/29/22,11:46:45,Hm3-2,89,79,172,95,625,0.063,16.5,0.541,0.811,0,39.38,27
4/29/22,11:47:16,Hm3-2,89,79,172,99,820,0.101,34.8,0.541,0.737,0,82.82,27
4/29/22,11:48:42,Hm3-3,102,102,163,163,0,0.374,0,0.374,-,0,0,27
4/29/22,11:49:13,Hm3-3,109,102,163,180,66,0.394,10.9,0.374,-0.094,0,26,27
4/29/22,11:49:43,Hm3-3,108,102,163,176,90,0.386,14.6,0.374,-0.074,0,34.74,27
4/29/22,11:50:13,Hm3-3,107,102,163,162,125,0.34,17.9,0.374,0.006,0,42.5,27
4/29/22,11:50:43,Hm3-3,110,102,163,147,190,0.252,20.1,0.374,0.109,0,47.88,27
4/29/22,11:51:14,Hm3-3,109,102,163,134,285,0.187,22.4,0.374,0.216,0,53.3,27
4/29/22,11:51:44,Hm3-3,112,102,163,124,420,0.097,17.1,0.374,0.315,0,40.74,27
4/29/22,11:52:14,Hm3-3,112,102,163,119,625,0.059,15.5,0.374,0.37,0,36.88,27
4/29/22,11:52:45,Hm3-3,113,102,163,120,820,0.058,20,0.374,0.358,0,47.56,27
4/29/22,11:53:22,Hm3-4,97,97,120,120,0,0.192,0,0.192,-,0,0,27
4/29/22,11:53:53,Hm3-4,109,97,120,128,66,0.148,4.1,0.192,-0.062,0,9.77,27
4/29/22,11:54:23,Hm3-4,108,97,120,129,90,0.163,6.2,0.192,-0.07,0,14.67,27
4/29/22,11:54:53,Hm3-4,108,97,120,129,125,0.163,8.6,0.192,-0.07,0,20.38,27
4/29/22,11:55:24,Hm3-4,112,97,120,126,190,0.111,8.9,0.192,-0.048,0,21.09,27
4/29/22,11:55:54,Hm3-4,113,97,120,124,285,0.089,10.7,0.192,-0.032,0,25.36,27
4/29/22,11:56:24,Hm3-4,115,97,120,122,420,0.057,10.1,0.192,-0.016,0,23.94,27
4/29/22,11:56:54,Hm3-4,117,97,120,122,625,0.041,10.8,0.192,-0.016,0,25.62,27
4/29/22,11:57:25,Hm3-4,118,97,120,122,820,0.033,11.4,0.192,-0.016,0,27.06,27
4/29/22,11:58:02,HUl3-1,83,83,141,141,0,0.411,0,0.411,-,0,0,27
4/29/22,11:58:33,HUl3-1,93,83,141,150,66,0.38,10.5,0.411,-0.06,0,25.08,27
4/29/22,11:59:03,HUl3-1,89,83,141,141,90,0.369,13.9,0.411,0,0,33.21,27
4/29/22,11:59:33,HUl3-1,88,83,141,123,125,0.285,15,0.411,0.146,0,35.62,27
4/29/22,12:00:04,HUl3-1,90,83,141,114,190,0.211,16.8,0.411,0.237,0,40.09,27
4/29/22,12:00:34,HUl3-1,89,83,141,107,285,0.168,20.1,0.411,0.318,0,47.88,27
4/29/22,12:01:04,HUl3-1,92,83,141,102,420,0.098,17.3,0.411,0.382,0,41.16,27
4/29/22,12:01:34,HUl3-1,92,83,141,99,625,0.071,18.6,0.411,0.424,0,44.37,27
4/29/22,12:02:05,HUl3-1,93,83,141,101,820,0.079,27.2,0.411,0.396,0,64.78,27
4/29/22,12:03:41,HUl3-2,79,79,198,198,0,0.601,0,0.601,-,0,0,27
4/29/22,12:04:11,HUl3-2,85,79,198,193,66,0.56,15.5,0.601,0.026,0,36.96,27
4/29/22,12:04:41,HUl3-2,86,79,198,178,90,0.517,19.5,0.601,0.112,0,46.53,27
4/29/22,12:05:12,HUl3-2,87,79,198,157,125,0.446,23.4,0.601,0.261,0,55.75,27
4/29/22,12:05:42,HUl3-2,89,79,198,140,190,0.364,29,0.601,0.414,0,69.16,27
4/29/22,12:06:12,HUl3-2,91,79,198,122,285,0.254,30.4,0.601,0.623,0,72.39,27
4/29/22,12:06:43,HUl3-2,93,79,198,114,420,0.184,32.5,0.601,0.737,0,77.28,27
4/29/22,12:07:13,HUl3-2,96,79,198,108,625,0.111,29.1,0.601,0.833,0,69.38,27
4/29/22,12:07:43,HUl3-2,97,79,198,107,820,0.093,32,0.601,0.85,0,76.26,27
4/29/22,12:08:31,HUl3-3,97,97,207,207,0,0.531,0,0.531,-,0,0,27
4/29/22,12:09:01,HUl3-3,103,97,207,206,66,0.5,13.9,0.531,0.005,0,33,27
4/29/22,12:09:32,HUl3-3,101,97,207,205,90,0.507,19.2,0.531,0.01,0,45.63,27
4/29/22,12:10:02,HUl3-3,103,97,207,186,125,0.446,23.4,0.531,0.113,0,55.75,27
4/29/22,12:10:32,HUl3-3,101,97,207,161,190,0.373,29.8,0.531,0.286,0,70.87,27
4/29/22,12:11:03,HUl3-3,104,97,207,144,285,0.278,33.3,0.531,0.438,0,79.23,27
4/29/22,12:11:33,HUl3-3,107,97,207,132,420,0.189,33.3,0.531,0.568,0,79.38,27
4/29/22,12:12:03,HUl3-3,109,97,207,122,625,0.107,28.1,0.531,0.697,0,66.88,27
4/29/22,12:12:34,HUl3-3,110,97,207,122,820,0.098,33.8,0.531,0.697,0,80.36,27
4/29/22,12:13:59,HUl3-4,91,91,170,170,0,0.465,0,0.465,-,0,0,27
4/29/22,12:14:29,HUl3-4,97,91,170,183,66,0.47,13,0.465,-0.071,0,31.02,27
4/29/22,12:14:59,HUl3-4,97,91,170,173,90,0.439,16.6,0.465,-0.017,0,39.51,27
4/29/22,12:15:30,HUl3-4,99,91,170,159,125,0.377,19.8,0.465,0.069,0,47.12,27
4/29/22,12:16:00,HUl3-4,100,91,170,143,190,0.301,24,0.465,0.189,0,57.19,27
4/29/22,12:16:30,HUl3-4,102,91,170,132,285,0.227,27.2,0.465,0.288,0,64.7,27
4/29/22,12:17:00,HUl3-4,106,91,170,124,420,0.145,25.6,0.465,0.371,0,60.9,27
4/29/22,12:17:31,HUl3-4,109,91,170,119,625,0.084,22.1,0.465,0.429,0,52.5,27
4/29/22,12:18:01,HUl3-4,109,91,170,119,820,0.084,28.9,0.465,0.429,0,68.88,27