Date,Time,ID,F,F0,Fm,Fm',Epar,Y(II),ETR,Fv/Fm,NPQ,deltaNPQ,rETR,Temp
2/15/22,8:21:49,Ul2-1,227,227,1037,1037,0,0.781,0,0.781,-,0,0,20
2/15/22,8:22:19,Ul2-1,454,227,1037,997,66,0.545,15.1,0.781,0.04,0,35.97,20
2/15/22,8:22:50,Ul2-1,462,227,1037,961,90,0.519,19.6,0.781,0.079,0,46.71,20
2/15/22,8:23:20,Ul2-1,497,227,1037,917,125,0.458,24,0.781,0.131,0,57.25,20
2/15/22,8:23:50,Ul2-1,555,227,1037,875,190,0.366,29.2,0.781,0.185,0,69.54,20
2/15/22,8:24:21,Ul2-1,609,227,1037,837,285,0.272,32.6,0.781,0.239,0,77.52,20
2/15/22,8:24:51,Ul2-1,650,227,1037,802,420,0.19,33.5,0.781,0.293,0,79.8,20
2/15/22,8:25:21,Ul2-1,685,227,1037,770,625,0.11,28.9,0.781,0.347,0,68.75,20
2/15/22,8:25:52,Ul2-1,680,227,1037,747,820,0.09,31,0.781,0.388,0,73.8,20
2/15/22,8:26:40,Ul2-2,188,188,665,665,0,0.717,0,0.717,-,0,0,20
2/15/22,8:27:10,Ul2-2,283,188,665,538,66,0.474,13.1,0.717,0.236,0,31.28,20
2/15/22,8:27:40,Ul2-2,311,188,665,516,90,0.397,15,0.717,0.289,0,35.73,20
2/15/22,8:28:11,Ul2-2,347,188,665,504,125,0.312,16.4,0.717,0.319,0,39,20
2/15/22,8:28:41,Ul2-2,383,188,665,492,190,0.222,17.7,0.717,0.352,0,42.18,20
2/15/22,8:29:11,Ul2-2,413,188,665,483,285,0.145,17.4,0.717,0.377,0,41.32,20
2/15/22,8:29:41,Ul2-2,435,188,665,473,420,0.08,14.1,0.717,0.406,0,33.6,20
2/15/22,8:30:12,Ul2-2,452,188,665,464,625,0.026,6.8,0.717,0.433,0,16.25,20
2/15/22,8:30:42,Ul2-2,448,188,665,454,820,0.013,4.5,0.717,0.465,0,10.66,20
2/15/22,8:31:15,Ul2-3,174,174,702,702,0,0.752,0,0.752,-,0,0,20
2/15/22,8:31:45,Ul2-3,233,174,702,445,66,0.476,13.2,0.752,0.578,0,31.42,20
2/15/22,8:32:16,Ul2-3,244,174,702,414,90,0.411,15.5,0.752,0.696,0,36.99,20
2/15/22,8:32:46,Ul2-3,273,174,702,401,125,0.319,16.7,0.752,0.751,0,39.88,20
2/15/22,8:33:16,Ul2-3,306,174,702,393,190,0.221,17.6,0.752,0.786,0,41.99,20
2/15/22,8:33:46,Ul2-3,335,174,702,388,285,0.137,16.4,0.752,0.809,0,39.05,20
2/15/22,8:34:17,Ul2-3,355,174,702,381,420,0.068,12,0.752,0.843,0,28.56,20
2/15/22,8:34:47,Ul2-3,362,174,702,373,625,0.029,7.6,0.752,0.882,0,18.12,20
2/15/22,8:35:17,Ul2-3,359,174,702,365,820,0.016,5.5,0.752,0.923,0,13.12,20
2/15/22,8:36:07,Ul2-4,180,180,571,571,0,0.685,0,0.685,-,0,0,20
2/15/22,8:36:37,Ul2-4,238,180,571,439,66,0.458,12.7,0.685,0.301,0,30.23,20
2/15/22,8:37:07,Ul2-4,245,180,571,401,90,0.389,14.7,0.685,0.424,0,35.01,20
2/15/22,8:37:38,Ul2-4,274,180,571,385,125,0.288,15.1,0.685,0.483,0,36,20
2/15/22,8:38:08,Ul2-4,312,180,571,379,190,0.177,14.1,0.685,0.507,0,33.63,20
2/15/22,8:38:38,Ul2-4,339,180,571,375,285,0.096,11.5,0.685,0.523,0,27.36,20
2/15/22,8:39:09,Ul2-4,357,180,571,372,420,0.04,7.1,0.685,0.535,0,16.8,20
2/15/22,8:39:39,Ul2-4,363,180,571,364,625,0.003,0.8,0.685,0.569,0,1.88,20
2/15/22,8:40:09,Ul2-4,361,180,571,360,820,-0.003,-1.03,0.685,-,0,-2.46,20
2/15/22,8:40:35,Ul3-1,164,164,634,634,0,0.741,0,0.741,-,0,0,27
2/15/22,8:41:05,Ul3-1,309,164,634,521,66,0.407,11.3,0.741,0.217,0,26.86,27
2/15/22,8:41:35,Ul3-1,339,164,634,500,90,0.322,12.2,0.741,0.268,0,28.98,27
2/15/22,8:42:05,Ul3-1,372,164,634,486,125,0.235,12.3,0.741,0.305,0,29.38,27
2/15/22,8:42:36,Ul3-1,409,164,634,476,190,0.141,11.3,0.741,0.332,0,26.79,27
2/15/22,8:43:06,Ul3-1,437,164,634,468,285,0.066,7.9,0.741,0.355,0,18.81,27
2/15/22,8:43:36,Ul3-1,453,164,634,456,420,0.007,1.2,0.741,0.39,0,2.94,27
2/15/22,8:44:07,Ul3-1,451,164,634,444,625,-0.016,-4.2,0.741,-,0,-10,27
2/15/22,8:44:37,Ul3-1,440,164,634,430,820,-0.023,-7.92,0.741,-,0,-18.86,27
2/15/22,8:45:14,Ul3-2,219,219,833,833,0,0.737,0,0.737,-,0,0,27
2/15/22,8:45:45,Ul3-2,389,219,833,678,66,0.426,11.8,0.737,0.229,0,28.12,27
2/15/22,8:46:15,Ul3-2,417,219,833,647,90,0.355,13.4,0.737,0.287,0,31.95,27
2/15/22,8:46:45,Ul3-2,461,219,833,632,125,0.271,14.2,0.737,0.318,0,33.88,27
2/15/22,8:47:15,Ul3-2,503,219,833,618,190,0.186,14.8,0.737,0.348,0,35.34,27
2/15/22,8:47:46,Ul3-2,536,219,833,603,285,0.111,13.3,0.737,0.381,0,31.64,27
2/15/22,8:48:16,Ul3-2,558,219,833,588,420,0.051,9,0.737,0.417,0,21.42,27
2/15/22,8:48:46,Ul3-2,566,219,833,568,625,0.004,1.1,0.737,0.467,0,2.5,27
2/15/22,8:49:17,Ul3-2,553,219,833,551,820,-0.004,-1.38,0.737,-,0,-3.28,27
2/15/22,8:49:43,Ul3-3,177,177,790,790,0,0.776,0,0.776,-,0,0,27
2/15/22,8:50:14,Ul3-3,356,177,790,691,66,0.485,13.4,0.776,0.143,0,32.01,27
2/15/22,8:50:44,Ul3-3,385,177,790,645,90,0.403,15.2,0.776,0.225,0,36.27,27
2/15/22,8:51:14,Ul3-3,431,177,790,617,125,0.301,15.8,0.776,0.28,0,37.62,27
2/15/22,8:51:45,Ul3-3,481,177,790,592,190,0.188,15,0.776,0.334,0,35.72,27
2/15/22,8:52:15,Ul3-3,516,177,790,574,285,0.101,12.1,0.776,0.376,0,28.79,27
2/15/22,8:52:45,Ul3-3,533,177,790,553,420,0.036,6.4,0.776,0.429,0,15.12,27
2/15/22,8:53:15,Ul3-3,538,177,790,533,625,-0.009,-2.36,0.776,-,0,-5.62,27
2/15/22,8:53:46,Ul3-3,523,177,790,517,820,-0.012,-4.13,0.776,-,0,-9.84,27
2/15/22,8:54:49,Ul3-4,196,196,832,832,0,0.764,0,0.764,-,0,0,27
2/15/22,8:55:19,Ul3-4,334,196,832,622,66,0.463,12.8,0.764,0.338,0,30.56,27
2/15/22,8:55:49,Ul3-4,349,196,832,585,90,0.403,15.2,0.764,0.422,0,36.27,27
2/15/22,8:56:20,Ul3-4,378,196,832,572,125,0.339,17.8,0.764,0.455,0,42.38,27
2/15/22,8:56:50,Ul3-4,413,196,832,553,190,0.253,20.2,0.764,0.505,0,48.07,27
2/15/22,8:57:20,Ul3-4,445,196,832,533,285,0.165,19.8,0.764,0.561,0,47.03,27
2/15/22,8:57:51,Ul3-4,470,196,832,522,420,0.1,17.6,0.764,0.594,0,42,27
2/15/22,8:58:21,Ul3-4,486,196,832,508,625,0.043,11.3,0.764,0.638,0,26.87,27
2/15/22,8:58:51,Ul3-4,484,196,832,497,820,0.026,9,0.764,0.674,0,21.32,27
2/15/22,8:59:38,Ul4-1,186,186,856,856,0,0.783,0,0.783,-,0,0,27
2/15/22,9:00:08,Ul4-1,375,186,856,730,66,0.486,13.5,0.783,0.173,0,32.08,27
2/15/22,9:00:38,Ul4-1,397,186,856,685,90,0.42,15.9,0.783,0.25,0,37.8,27
2/15/22,9:01:08,Ul4-1,441,186,856,654,125,0.326,17.1,0.783,0.309,0,40.75,27
2/15/22,9:01:39,Ul4-1,485,186,856,628,190,0.228,18.2,0.783,0.363,0,43.32,27
2/15/22,9:02:09,Ul4-1,518,186,856,612,285,0.154,18.4,0.783,0.399,0,43.89,27
2/15/22,9:02:39,Ul4-1,541,186,856,588,420,0.08,14.1,0.783,0.456,0,33.6,27
2/15/22,9:03:10,Ul4-1,551,186,856,564,625,0.023,6,0.783,0.518,0,14.38,27
2/15/22,9:03:40,Ul4-1,537,186,856,541,820,0.007,2.4,0.783,0.582,0,5.74,27
2/15/22,9:04:06,Ul4-2,227,227,963,963,0,0.764,0,0.764,-,0,0,27
2/15/22,9:04:36,Ul4-2,534,227,963,895,66,0.403,11.2,0.764,0.076,0,26.6,27
2/15/22,9:05:06,Ul4-2,565,227,963,847,90,0.333,12.6,0.764,0.137,0,29.97,27
2/15/22,9:05:36,Ul4-2,613,227,963,807,125,0.24,12.6,0.764,0.193,0,30,27
2/15/22,9:06:07,Ul4-2,668,227,963,781,190,0.145,11.6,0.764,0.233,0,27.55,27
2/15/22,9:06:37,Ul4-2,717,227,963,764,285,0.062,7.4,0.764,0.26,0,17.67,27
2/15/22,9:07:07,Ul4-2,746,227,963,752,420,0.008,1.4,0.764,0.281,0,3.36,27
2/15/22,9:07:38,Ul4-2,756,227,963,732,625,-0.033,-8.66,0.764,-,0,-20.62,27
2/15/22,9:08:08,Ul4-2,741,227,963,713,820,-0.039,-13.43,0.764,-,0,-31.98,27
2/15/22,9:08:54,Ul4-3,216,216,908,908,0,0.762,0,0.762,-,0,0,27
2/15/22,9:09:24,Ul4-3,366,216,908,639,66,0.427,11.8,0.762,0.421,0,28.18,27
2/15/22,9:09:54,Ul4-3,381,216,908,611,90,0.376,14.2,0.762,0.486,0,33.84,27
2/15/22,9:10:24,Ul4-3,413,216,908,596,125,0.307,16.1,0.762,0.523,0,38.38,27
2/15/22,9:10:55,Ul4-3,449,216,908,583,190,0.23,18.4,0.762,0.557,0,43.7,27
2/15/22,9:11:25,Ul4-3,481,216,908,568,285,0.153,18.3,0.762,0.599,0,43.6,27
2/15/22,9:11:55,Ul4-3,504,216,908,557,420,0.095,16.8,0.762,0.63,0,39.9,27
2/15/22,9:12:26,Ul4-3,518,216,908,541,625,0.043,11.3,0.762,0.678,0,26.87,27
2/15/22,9:12:56,Ul4-3,508,216,908,525,820,0.032,11,0.762,0.73,0,26.24,27
2/15/22,9:13:43,Ul4-4,210,210,733,733,0,0.714,0,0.714,-,0,0,27
2/15/22,9:14:13,Ul4-4,253,210,733,410,66,0.383,10.6,0.714,0.788,0,25.28,27
2/15/22,9:14:44,Ul4-4,270,210,733,399,90,0.323,12.2,0.714,0.837,0,29.07,27
2/15/22,9:15:14,Ul4-4,306,210,733,413,125,0.259,13.6,0.714,0.775,0,32.38,27
2/15/22,9:15:44,Ul4-4,342,210,733,414,190,0.174,13.9,0.714,0.771,0,33.06,27
2/15/22,9:16:15,Ul4-4,370,210,733,418,285,0.115,13.8,0.714,0.754,0,32.77,27
2/15/22,9:16:45,Ul4-4,387,210,733,408,420,0.051,9,0.714,0.797,0,21.42,27
2/15/22,9:17:15,Ul4-4,395,210,733,400,625,0.013,3.4,0.714,0.833,0,8.12,27
2/15/22,9:17:46,Ul4-4,388,210,733,391,820,0.008,2.8,0.714,0.875,0,6.56,27
2/15/22,9:18:14,Ul5-1,251,251,1135,1135,0,0.779,0,0.779,-,0,0,30
2/15/22,9:18:45,Ul5-1,447,251,1135,847,66,0.472,13.1,0.779,0.34,0,31.15,30
2/15/22,9:19:15,Ul5-1,491,251,1135,812,90,0.395,14.9,0.779,0.398,0,35.55,30
2/15/22,9:19:45,Ul5-1,555,251,1135,794,125,0.301,15.8,0.779,0.429,0,37.62,30
2/15/22,9:20:15,Ul5-1,617,251,1135,775,190,0.204,16.3,0.779,0.465,0,38.76,30
2/15/22,9:20:46,Ul5-1,666,251,1135,759,285,0.123,14.7,0.779,0.495,0,35.05,30
2/15/22,9:21:16,Ul5-1,692,251,1135,744,420,0.07,12.3,0.779,0.526,0,29.4,30
2/15/22,9:21:46,Ul5-1,708,251,1135,721,625,0.018,4.7,0.779,0.574,0,11.25,30
2/15/22,9:22:17,Ul5-1,692,251,1135,702,820,0.014,4.8,0.779,0.617,0,11.48,30
2/15/22,9:23:20,Ul5-2,127,127,617,617,0,0.794,0,0.794,-,0,0,30
2/15/22,9:23:50,Ul5-2,313,127,617,564,66,0.445,12.3,0.794,0.094,0,29.37,30
2/15/22,9:24:20,Ul5-2,349,127,617,534,90,0.346,13.1,0.794,0.155,0,31.14,30
2/15/22,9:24:50,Ul5-2,382,127,617,509,125,0.25,13.1,0.794,0.212,0,31.25,30
2/15/22,9:25:21,Ul5-2,409,127,617,488,190,0.162,12.9,0.794,0.264,0,30.78,30
2/15/22,9:25:51,Ul5-2,429,127,617,467,285,0.081,9.7,0.794,0.321,0,23.09,30
2/15/22,9:26:21,Ul5-2,433,127,617,447,420,0.031,5.5,0.794,0.38,0,13.02,30
2/15/22,9:26:52,Ul5-2,431,127,617,427,625,-0.009,-2.36,0.794,-,0,-5.62,30
2/15/22,9:27:22,Ul5-2,412,127,617,405,820,-0.017,-5.85,0.794,-,0,-13.94,30
2/15/22,9:28:03,Ul5-3,193,193,733,733,0,0.737,0,0.737,-,0,0,30
2/15/22,9:28:33,Ul5-3,305,193,733,536,66,0.431,11.9,0.737,0.368,0,28.45,30
2/15/22,9:29:03,Ul5-3,316,193,733,500,90,0.368,13.9,0.737,0.466,0,33.12,30
2/15/22,9:29:34,Ul5-3,347,193,733,483,125,0.282,14.8,0.737,0.518,0,35.25,30
2/15/22,9:30:04,Ul5-3,375,193,733,461,190,0.187,14.9,0.737,0.59,0,35.53,30
2/15/22,9:30:34,Ul5-3,399,193,733,447,285,0.107,12.8,0.737,0.64,0,30.5,30
2/15/22,9:31:05,Ul5-3,414,193,733,432,420,0.042,7.4,0.737,0.697,0,17.64,30
2/15/22,9:31:35,Ul5-3,419,193,733,421,625,0.005,1.3,0.737,0.741,0,3.12,30
2/15/22,9:32:05,Ul5-3,409,193,733,406,820,-0.007,-2.41,0.737,-,0,-5.74,30
2/15/22,9:32:45,Ul5-4,143,143,630,630,0,0.773,0,0.773,-,0,0,30
2/15/22,9:33:15,Ul5-4,287,143,630,557,66,0.485,13.4,0.773,0.131,0,32.01,30
2/15/22,9:33:46,Ul5-4,306,143,630,523,90,0.415,15.7,0.773,0.205,0,37.35,30
2/15/22,9:34:16,Ul5-4,337,143,630,502,125,0.329,17.3,0.773,0.255,0,41.12,30
2/15/22,9:34:46,Ul5-4,367,143,630,485,190,0.243,19.4,0.773,0.299,0,46.17,30
2/15/22,9:35:17,Ul5-4,387,143,630,462,285,0.162,19.4,0.773,0.364,0,46.17,30
2/15/22,9:35:47,Ul5-4,400,143,630,448,420,0.107,18.9,0.773,0.406,0,44.94,30
2/15/22,9:36:17,Ul5-4,407,143,630,423,625,0.038,10,0.773,0.489,0,23.75,30
2/15/22,9:36:48,Ul5-4,392,143,630,407,820,0.037,12.7,0.773,0.548,0,30.34,30
2/15/22,9:37:43,Ul6-1,179,179,774,774,0,0.769,0,0.769,-,0,0,30
2/15/22,9:38:13,Ul6-1,356,179,774,710,66,0.499,13.8,0.769,0.09,0,32.93,30
2/15/22,9:38:43,Ul6-1,388,179,774,669,90,0.42,15.9,0.769,0.157,0,37.8,30
2/15/22,9:39:13,Ul6-1,432,179,774,640,125,0.325,17.1,0.769,0.209,0,40.62,30
2/15/22,9:39:44,Ul6-1,474,179,774,615,190,0.229,18.3,0.769,0.259,0,43.51,30
2/15/22,9:40:14,Ul6-1,507,179,774,591,285,0.142,17,0.769,0.31,0,40.47,30
2/15/22,9:40:44,Ul6-1,528,179,774,572,420,0.077,13.6,0.769,0.353,0,32.34,30
2/15/22,9:41:15,Ul6-1,535,179,774,549,625,0.026,6.8,0.769,0.41,0,16.25,30
2/15/22,9:41:45,Ul6-1,519,179,774,523,820,0.008,2.8,0.769,0.48,0,6.56,30
2/15/22,9:42:49,Ul6-2,150,150,619,619,0,0.758,0,0.758,-,0,0,30
2/15/22,9:43:19,Ul6-2,262,150,619,485,66,0.46,12.8,0.758,0.276,0,30.36,30
2/15/22,9:43:49,Ul6-2,270,150,619,450,90,0.4,15.1,0.758,0.376,0,36,30
2/15/22,9:44:20,Ul6-2,293,150,619,433,125,0.323,17,0.758,0.43,0,40.38,30
2/15/22,9:44:50,Ul6-2,320,150,619,414,190,0.227,18.1,0.758,0.495,0,43.13,30
2/15/22,9:45:20,Ul6-2,342,150,619,398,285,0.141,16.9,0.758,0.555,0,40.18,30
2/15/22,9:45:50,Ul6-2,360,150,619,384,420,0.063,11.1,0.758,0.612,0,26.46,30
2/15/22,9:46:21,Ul6-2,366,150,619,375,625,0.024,6.3,0.758,0.651,0,15,30
2/15/22,9:46:51,Ul6-2,360,150,619,363,820,0.008,2.8,0.758,0.705,0,6.56,30
2/15/22,9:47:26,Ul6-3,148,148,675,675,0,0.781,0,0.781,-,0,0,30
2/15/22,9:47:56,Ul6-3,370,148,675,641,66,0.423,11.7,0.781,0.053,0,27.92,30
2/15/22,9:48:26,Ul6-3,391,148,675,614,90,0.363,13.7,0.781,0.099,0,32.67,30
2/15/22,9:48:57,Ul6-3,429,148,675,584,125,0.265,13.9,0.781,0.156,0,33.12,30
2/15/22,9:49:27,Ul6-3,471,148,675,566,190,0.168,13.4,0.781,0.193,0,31.92,30
2/15/22,9:49:57,Ul6-3,501,148,675,550,285,0.089,10.7,0.781,0.227,0,25.36,30
2/15/22,9:50:27,Ul6-3,522,148,675,538,420,0.03,5.3,0.781,0.255,0,12.6,30
2/15/22,9:50:58,Ul6-3,528,148,675,524,625,-0.008,-2.1,0.781,-,0,-5,30
2/15/22,9:51:28,Ul6-3,517,148,675,508,820,-0.018,-6.2,0.781,-,0,-14.76,30
2/15/22,9:52:26,Ul6-4,162,162,865,865,0,0.813,0,0.813,-,0,0,30
2/15/22,9:52:57,Ul6-4,358,162,865,753,66,0.525,14.6,0.813,0.149,0,34.65,30
2/15/22,9:53:27,Ul6-4,373,162,865,717,90,0.48,18.1,0.813,0.206,0,43.2,30
2/15/22,9:53:57,Ul6-4,411,162,865,685,125,0.4,21,0.813,0.263,0,50,30
2/15/22,9:54:27,Ul6-4,460,162,865,658,190,0.301,24,0.813,0.315,0,57.19,30
2/15/22,9:54:58,Ul6-4,502,162,865,633,285,0.207,24.8,0.813,0.367,0,58.99,30
2/15/22,9:55:28,Ul6-4,532,162,865,613,420,0.132,23.3,0.813,0.411,0,55.44,30
2/15/22,9:55:58,Ul6-4,551,162,865,588,625,0.063,16.5,0.813,0.471,0,39.38,30
2/15/22,9:56:29,Ul6-4,541,162,865,566,820,0.044,15.2,0.813,0.528,0,36.08,30
2/15/22,9:56:57,Ul1-1,142,142,603,603,0,0.765,0,0.765,-,0,0,20
2/15/22,9:57:27,Ul1-1,237,142,603,454,66,0.478,13.3,0.765,0.328,0,31.55,20
2/15/22,9:57:57,Ul1-1,261,142,603,425,90,0.386,14.6,0.765,0.419,0,34.74,20
2/15/22,9:58:27,Ul1-1,312,142,603,414,125,0.246,12.9,0.765,0.457,0,30.75,20
2/15/22,9:58:58,Ul1-1,356,142,603,402,190,0.114,9.1,0.765,0.5,0,21.66,20
2/15/22,9:59:28,Ul1-1,374,142,603,394,285,0.051,6.1,0.765,0.53,0,14.53,20
2/15/22,9:59:58,Ul1-1,382,142,603,386,420,0.01,1.8,0.765,0.562,0,4.2,20
2/15/22,10:00:29,Ul1-1,383,142,603,377,625,-0.016,-4.2,0.765,-,0,-10,20
2/15/22,10:00:59,Ul1-1,376,142,603,372,820,-0.011,-3.79,0.765,-,0,-9.02,20
2/15/22,10:01:31,Ul1-2,181,181,720,720,0,0.749,0,0.749,-,0,0,20
2/15/22,10:02:01,Ul1-2,269,181,720,515,66,0.478,13.3,0.749,0.398,0,31.55,20
2/15/22,10:02:32,Ul1-2,289,181,720,495,90,0.416,15.7,0.749,0.455,0,37.44,20
2/15/22,10:03:02,Ul1-2,324,181,720,484,125,0.331,17.4,0.749,0.488,0,41.38,20
2/15/22,10:03:32,Ul1-2,369,181,720,475,190,0.223,17.8,0.749,0.516,0,42.37,20
2/15/22,10:04:03,Ul1-2,409,181,720,468,285,0.126,15.1,0.749,0.538,0,35.91,20
2/15/22,10:04:33,Ul1-2,435,181,720,462,420,0.058,10.2,0.749,0.558,0,24.36,20
2/15/22,10:05:03,Ul1-2,449,181,720,453,625,0.009,2.4,0.749,0.589,0,5.62,20
2/15/22,10:05:33,Ul1-2,447,181,720,447,820,0,0,0.749,0.611,0,0,20
2/15/22,10:05:58,Ul1-3,161,161,670,670,0,0.76,0,0.76,-,0,0,20
2/15/22,10:06:28,Ul1-3,255,161,670,501,66,0.491,13.6,0.76,0.337,0,32.41,20
2/15/22,10:06:59,Ul1-3,268,161,670,479,90,0.441,16.7,0.76,0.399,0,39.69,20
2/15/22,10:07:29,Ul1-3,305,161,670,465,125,0.344,18.1,0.76,0.441,0,43,20
2/15/22,10:07:59,Ul1-3,342,161,670,454,190,0.247,19.7,0.76,0.476,0,46.93,20
2/15/22,10:08:30,Ul1-3,374,161,670,444,285,0.158,18.9,0.76,0.509,0,45.03,20
2/15/22,10:09:00,Ul1-3,398,161,670,436,420,0.087,15.3,0.76,0.537,0,36.54,20
2/15/22,10:09:30,Ul1-3,410,161,670,427,625,0.04,10.5,0.76,0.569,0,25,20
2/15/22,10:10:00,Ul1-3,409,161,670,419,820,0.024,8.3,0.76,0.599,0,19.68,20
2/15/22,10:11:17,Ul1-4,160,160,663,663,0,0.759,0,0.759,-,0,0,20
2/15/22,10:11:47,Ul1-4,288,160,663,556,66,0.482,13.4,0.759,0.192,0,31.81,20
2/15/22,10:12:18,Ul1-4,325,160,663,518,90,0.373,14.1,0.759,0.28,0,33.57,20
2/15/22,10:12:48,Ul1-4,387,160,663,495,125,0.218,11.4,0.759,0.339,0,27.25,20
2/15/22,10:13:18,Ul1-4,432,160,663,481,190,0.102,8.1,0.759,0.378,0,19.38,20
2/15/22,10:13:49,Ul1-4,454,160,663,470,285,0.034,4.1,0.759,0.411,0,9.69,20
2/15/22,10:14:19,Ul1-4,459,160,663,455,420,-0.009,-1.59,0.759,-,0,-3.78,20
2/15/22,10:14:49,Ul1-4,453,160,663,439,625,-0.032,-8.4,0.759,-,0,-20,20
2/15/22,10:15:19,Ul1-4,437,160,663,425,820,-0.028,-9.64,0.759,-,0,-22.96,20
2/11/22,8:12:59,Ul1-1,161,161,572,572,0,0.719,0,0.719,-,0,0,20
2/11/22,8:13:30,Ul1-1,222,161,572,424,66,0.476,13.2,0.719,0.349,0,31.42,20
2/11/22,8:14:00,Ul1-1,234,161,572,398,90,0.412,15.6,0.719,0.437,0,37.08,20
2/11/22,8:14:30,Ul1-1,254,161,572,383,125,0.337,17.7,0.719,0.493,0,42.12,20
2/11/22,8:15:00,Ul1-1,287,161,572,374,190,0.233,18.6,0.719,0.529,0,44.27,20
2/11/22,8:15:31,Ul1-1,321,161,572,371,285,0.135,16.2,0.719,0.542,0,38.48,20
2/11/22,8:16:01,Ul1-1,345,161,572,366,420,0.057,10.1,0.719,0.563,0,23.94,20
2/11/22,8:16:31,Ul1-1,359,161,572,363,625,0.011,2.9,0.719,0.576,0,6.88,20
2/11/22,8:17:02,Ul1-1,357,161,572,360,820,0.008,2.8,0.719,0.589,0,6.56,20
2/11/22,8:17:53,Ul1-2,172,172,753,753,0,0.772,0,0.772,-,0,0,20
2/11/22,8:18:24,Ul1-2,288,172,753,543,66,0.47,13,0.772,0.387,0,31.02,20
2/11/22,8:18:54,Ul1-2,309,172,753,514,90,0.399,15.1,0.772,0.465,0,35.91,20
2/11/22,8:19:24,Ul1-2,345,172,753,500,125,0.31,16.3,0.772,0.506,0,38.75,20
2/11/22,8:19:54,Ul1-2,383,172,753,490,190,0.218,17.4,0.772,0.537,0,41.42,20
2/11/22,8:20:25,Ul1-2,417,172,753,481,285,0.133,15.9,0.772,0.565,0,37.91,20
2/11/22,8:20:55,Ul1-2,437,172,753,471,420,0.072,12.7,0.772,0.599,0,30.24,20
2/11/22,8:21:25,Ul1-2,450,172,753,462,625,0.026,6.8,0.772,0.63,0,16.25,20
2/11/22,8:21:56,Ul1-2,447,172,753,451,820,0.009,3.1,0.772,0.67,0,7.38,20
2/11/22,8:22:49,Ul1-3,137,137,523,523,0,0.738,0,0.738,-,0,0,20
2/11/22,8:23:19,Ul1-3,166,137,523,298,66,0.443,12.3,0.738,0.755,0,29.24,20
2/11/22,8:23:50,Ul1-3,168,137,523,278,90,0.396,15,0.738,0.881,0,35.64,20
2/11/22,8:24:20,Ul1-3,179,137,523,270,125,0.337,17.7,0.738,0.937,0,42.12,20
2/11/22,8:24:50,Ul1-3,196,137,523,264,190,0.258,20.6,0.738,0.981,0,49.02,20
2/11/22,8:25:21,Ul1-3,214,137,523,258,285,0.171,20.5,0.738,1.027,0,48.74,20
2/11/22,8:25:51,Ul1-3,228,137,523,257,420,0.113,19.9,0.738,1.035,0,47.46,20
2/11/22,8:26:21,Ul1-3,242,137,523,253,625,0.043,11.3,0.738,1.067,0,26.87,20
2/11/22,8:26:51,Ul1-3,243,137,523,254,820,0.043,14.8,0.738,1.059,0,35.26,20
2/11/22,8:27:34,Ul1-4,125,125,482,482,0,0.741,0,0.741,-,0,0,20
2/11/22,8:28:04,Ul1-4,193,125,482,346,66,0.442,12.3,0.741,0.393,0,29.17,20
2/11/22,8:28:34,Ul1-4,208,125,482,328,90,0.366,13.8,0.741,0.47,0,32.94,20
2/11/22,8:29:05,Ul1-4,233,125,482,321,125,0.274,14.4,0.741,0.502,0,34.25,20
2/11/22,8:29:35,Ul1-4,257,125,482,314,190,0.182,14.5,0.741,0.535,0,34.58,20
2/11/22,8:30:05,Ul1-4,277,125,482,307,285,0.098,11.7,0.741,0.57,0,27.93,20
2/11/22,8:30:36,Ul1-4,284,125,482,298,420,0.047,8.3,0.741,0.617,0,19.74,20
2/11/22,8:31:06,Ul1-4,287,125,482,287,625,0,0,0.741,0.679,0,0,20
2/11/22,8:31:36,Ul1-4,277,125,482,275,820,-0.007,-2.41,0.741,-,0,-5.74,20
2/11/22,8:32:35,Ul2-1(5),174,174,901,901,0,0.807,0,0.807,-,0,0,20
2/11/22,8:33:06,Ul2-1(5),326,174,901,740,66,0.559,15.5,0.807,0.218,0,36.89,20
2/11/22,8:33:36,Ul2-1(5),350,174,901,702,90,0.501,18.9,0.807,0.283,0,45.09,20
2/11/22,8:34:06,Ul2-1(5),367,174,901,691,125,0.469,24.6,0.807,0.304,0,58.62,20
2/11/22,8:34:37,Ul2-1(5),392,174,901,670,190,0.415,33.1,0.807,0.345,0,78.85,20
2/11/22,8:35:07,Ul2-1(5),430,174,901,655,285,0.344,41.2,0.807,0.376,0,98.04,20
2/11/22,8:35:37,Ul2-1(5),471,174,901,635,420,0.258,45.5,0.807,0.419,0,108.36,20
2/11/22,8:36:07,Ul2-1(5),501,174,901,605,625,0.172,45.2,0.807,0.489,0,107.5,20
2/11/22,8:36:38,Ul2-1(5),497,174,901,577,820,0.139,47.9,0.807,0.562,0,113.98,20
2/11/22,8:38:04,Ul2-2(6),152,152,468,468,0,0.675,0,0.675,-,0,0,20
2/11/22,8:38:35,Ul2-2(6),180,152,468,330,66,0.455,12.6,0.675,0.418,0,30.03,20
2/11/22,8:39:05,Ul2-2(6),185,152,468,309,90,0.401,15.2,0.675,0.515,0,36.09,20
2/11/22,8:39:35,Ul2-2(6),201,152,468,301,125,0.332,17.4,0.675,0.555,0,41.5,20
2/11/22,8:40:06,Ul2-2(6),217,152,468,295,190,0.264,21.1,0.675,0.586,0,50.16,20
2/11/22,8:40:36,Ul2-2(6),235,152,468,286,285,0.178,21.3,0.675,0.636,0,50.73,20
2/11/22,8:41:06,Ul2-2(6),245,152,468,280,420,0.125,22.1,0.675,0.671,0,52.5,20
2/11/22,8:41:36,Ul2-2(6),257,152,468,274,625,0.062,16.3,0.675,0.708,0,38.75,20
2/11/22,8:42:07,Ul2-2(6),254,152,468,269,820,0.056,19.3,0.675,0.74,0,45.92,20
2/11/22,8:42:43,Ul2-3(7),167,167,681,681,0,0.755,0,0.755,-,0,0,20
2/11/22,8:43:13,Ul2-3(7),176,167,681,334,66,0.473,13.1,0.755,1.039,0,31.22,20
2/11/22,8:43:44,Ul2-3(7),178,167,681,305,90,0.416,15.7,0.755,1.233,0,37.44,20
2/11/22,8:44:14,Ul2-3(7),191,167,681,295,125,0.353,18.5,0.755,1.308,0,44.12,20
2/11/22,8:44:44,Ul2-3(7),211,167,681,287,190,0.265,21.1,0.755,1.373,0,50.35,20
2/11/22,8:45:14,Ul2-3(7),232,167,681,281,285,0.174,20.8,0.755,1.423,0,49.59,20
2/11/22,8:45:45,Ul2-3(7),246,167,681,275,420,0.105,18.5,0.755,1.476,0,44.1,20
2/11/22,8:46:15,Ul2-3(7),255,167,681,271,625,0.059,15.5,0.755,1.513,0,36.88,20
2/11/22,8:46:45,Ul2-3(7),257,167,681,265,820,0.03,10.3,0.755,1.57,0,24.6,20
2/11/22,8:47:33,Ul2-4(8),130,130,409,409,0,0.682,0,0.682,-,0,0,20
2/11/22,8:48:03,Ul2-4(8),136,130,409,228,66,0.404,11.2,0.682,0.794,0,26.66,20
2/11/22,8:48:33,Ul2-4(8),129,130,409,208,90,0.38,14.4,0.682,0.966,0,34.2,20
2/11/22,8:49:04,Ul2-4(8),137,130,409,202,125,0.322,16.9,0.682,1.025,0,40.25,20
2/11/22,8:49:34,Ul2-4(8),150,130,409,197,190,0.239,19.1,0.682,1.076,0,45.41,20
2/11/22,8:50:04,Ul2-4(8),167,130,409,196,285,0.148,17.7,0.682,1.087,0,42.18,20
2/11/22,8:50:34,Ul2-4(8),182,130,409,195,420,0.067,11.8,0.682,1.097,0,28.14,20
2/11/22,8:51:05,Ul2-4(8),189,130,409,193,625,0.021,5.5,0.682,1.119,0,13.12,20
2/11/22,8:51:35,Ul2-4(8),192,130,409,195,820,0.015,5.2,0.682,1.097,0,12.3,20
2/11/22,8:55:30,Ul3-1(9),139,139,538,538,0,0.742,0,0.742,-,0,0,27
2/11/22,8:56:01,Ul3-1(9),186,139,538,348,66,0.466,12.9,0.742,0.546,0,30.76,27
2/11/22,8:56:31,Ul3-1(9),188,139,538,322,90,0.416,15.7,0.742,0.671,0,37.44,27
2/11/22,8:57:01,Ul3-1(9),205,139,538,310,125,0.339,17.8,0.742,0.735,0,42.38,27
2/11/22,8:57:32,Ul3-1(9),227,139,538,302,190,0.248,19.8,0.742,0.781,0,47.12,27
2/11/22,8:58:02,Ul3-1(9),249,139,538,299,285,0.167,20,0.742,0.799,0,47.6,27
2/11/22,8:58:32,Ul3-1(9),267,139,538,295,420,0.095,16.8,0.742,0.824,0,39.9,27
2/11/22,8:59:02,Ul3-1(9),280,139,538,290,625,0.034,8.9,0.742,0.855,0,21.25,27
2/11/22,8:59:33,Ul3-1(9),282,139,538,288,820,0.021,7.2,0.742,0.868,0,17.22,27
2/11/22,9:01:18,Ul3-2(10),230,230,923,923,0,0.751,0,0.751,-,0,0,27
2/11/22,9:01:48,Ul3-2(10),322,230,923,619,66,0.48,13.3,0.751,0.491,0,31.68,27
2/11/22,9:02:18,Ul3-2(10),331,230,923,567,90,0.416,15.7,0.751,0.628,0,37.44,27
2/11/22,9:02:49,Ul3-2(10),361,230,923,543,125,0.335,17.6,0.751,0.7,0,41.88,27
2/11/22,9:03:19,Ul3-2(10),397,230,923,529,190,0.25,20,0.751,0.745,0,47.5,27
2/11/22,9:03:49,Ul3-2(10),434,230,923,515,285,0.157,18.8,0.751,0.792,0,44.74,27
2/11/22,9:04:19,Ul3-2(10),457,230,923,505,420,0.095,16.8,0.751,0.828,0,39.9,27
2/11/22,9:04:50,Ul3-2(10),473,230,923,496,625,0.046,12.1,0.751,0.861,0,28.75,27
2/11/22,9:05:20,Ul3-2(10),474,230,923,490,820,0.033,11.4,0.751,0.884,0,27.06,27
2/11/22,9:06:11,Ul3-3(11),193,193,756,756,0,0.745,0,0.745,-,0,0,27
2/11/22,9:06:41,Ul3-3(11),270,193,756,569,66,0.525,14.6,0.745,0.329,0,34.65,27
2/11/22,9:07:12,Ul3-3(11),282,193,756,529,90,0.467,17.7,0.745,0.429,0,42.03,27
2/11/22,9:07:42,Ul3-3(11),314,193,756,505,125,0.378,19.8,0.745,0.497,0,47.25,27
2/11/22,9:08:12,Ul3-3(11),356,193,756,489,190,0.272,21.7,0.745,0.546,0,51.68,27
2/11/22,9:08:43,Ul3-3(11),398,193,756,478,285,0.167,20,0.745,0.582,0,47.6,27
2/11/22,9:09:13,Ul3-3(11),429,193,756,469,420,0.085,15,0.745,0.612,0,35.7,27
2/11/22,9:09:43,Ul3-3(11),446,193,756,461,625,0.033,8.7,0.745,0.64,0,20.62,27
2/11/22,9:10:14,Ul3-3(11),446,193,756,455,820,0.02,6.9,0.745,0.662,0,16.4,27
2/11/22,9:10:56,Ul3-4(12),175,175,792,792,0,0.779,0,0.779,-,0,0,27
2/11/22,9:11:26,Ul3-4(12),244,175,792,480,66,0.492,13.6,0.779,0.65,0,32.47,27
2/11/22,9:11:57,Ul3-4(12),250,175,792,440,90,0.432,16.3,0.779,0.8,0,38.88,27
2/11/22,9:12:27,Ul3-4(12),272,175,792,420,125,0.352,18.5,0.779,0.886,0,44,27
2/11/22,9:12:57,Ul3-4(12),296,175,792,398,190,0.256,20.4,0.779,0.99,0,48.64,27
2/11/22,9:13:28,Ul3-4(12),319,175,792,384,285,0.169,20.2,0.779,1.063,0,48.17,27
2/11/22,9:13:58,Ul3-4(12),336,175,792,373,420,0.099,17.5,0.779,1.123,0,41.58,27
2/11/22,9:14:28,Ul3-4(12),344,175,792,361,625,0.047,12.3,0.779,1.194,0,29.38,27
2/11/22,9:14:58,Ul3-4(12),342,175,792,355,820,0.037,12.7,0.779,1.231,0,30.34,27
2/11/22,9:15:41,Ul4-1(13),164,164,726,726,0,0.774,0,0.774,-,0,0,27
2/11/22,9:16:11,Ul4-1(13),243,164,726,489,66,0.503,13.9,0.774,0.485,0,33.2,27
2/11/22,9:16:42,Ul4-1(13),254,164,726,449,90,0.434,16.4,0.774,0.617,0,39.06,27
2/11/22,9:17:12,Ul4-1(13),283,164,726,431,125,0.343,18,0.774,0.684,0,42.88,27
2/11/22,9:17:42,Ul4-1(13),320,164,726,418,190,0.234,18.7,0.774,0.737,0,44.46,27
2/11/22,9:18:12,Ul4-1(13),349,164,726,407,285,0.143,17.1,0.774,0.784,0,40.75,27
2/11/22,9:18:43,Ul4-1(13),367,164,726,398,420,0.078,13.8,0.774,0.824,0,32.76,27
2/11/22,9:19:13,Ul4-1(13),378,164,726,387,625,0.023,6,0.774,0.876,0,14.38,27
2/11/22,9:19:43,Ul4-1(13),377,164,726,384,820,0.018,6.2,0.774,0.891,0,14.76,27
2/11/22,9:20:24,Ul4-2(14),174,174,810,810,0,0.785,0,0.785,-,0,0,27
2/11/22,9:20:54,Ul4-2(14),273,174,810,527,66,0.482,13.4,0.785,0.537,0,31.81,27
2/11/22,9:21:25,Ul4-2(14),283,174,810,482,90,0.413,15.6,0.785,0.68,0,37.17,27
2/11/22,9:21:55,Ul4-2(14),314,174,810,458,125,0.314,16.5,0.785,0.769,0,39.25,27
2/11/22,9:22:25,Ul4-2(14),352,174,810,445,190,0.209,16.7,0.785,0.82,0,39.71,27
2/11/22,9:22:55,Ul4-2(14),384,174,810,436,285,0.119,14.2,0.785,0.858,0,33.91,27
2/11/22,9:23:26,Ul4-2(14),408,174,810,430,420,0.051,9,0.785,0.884,0,21.42,27
2/11/22,9:23:56,Ul4-2(14),419,174,810,422,625,0.007,1.8,0.785,0.919,0,4.38,27
2/11/22,9:24:26,Ul4-2(14),416,174,810,416,820,0,0,0.785,0.947,0,0,27
2/11/22,9:25:06,Ul4-3(15),207,207,758,758,0,0.727,0,0.727,-,0,0,27
2/11/22,9:25:36,Ul4-3(15),245,207,758,444,66,0.448,12.4,0.727,0.707,0,29.57,27
2/11/22,9:26:06,Ul4-3(15),248,207,758,414,90,0.401,15.2,0.727,0.831,0,36.09,27
2/11/22,9:26:37,Ul4-3(15),269,207,758,400,125,0.328,17.2,0.727,0.895,0,41,27
2/11/22,9:27:07,Ul4-3(15),294,207,758,388,190,0.242,19.3,0.727,0.954,0,45.98,27
2/11/22,9:27:37,Ul4-3(15),322,207,758,383,285,0.159,19,0.727,0.979,0,45.31,27
2/11/22,9:28:08,Ul4-3(15),343,207,758,374,420,0.083,14.6,0.727,1.027,0,34.86,27
2/11/22,9:28:38,Ul4-3(15),359,207,758,371,625,0.032,8.4,0.727,1.043,0,20,27
2/11/22,9:29:08,Ul4-3(15),363,207,758,372,820,0.024,8.3,0.727,1.038,0,19.68,27
2/11/22,9:30:02,Ul4-4(16),166,166,560,560,0,0.704,0,0.704,-,0,0,27
2/11/22,9:30:32,Ul4-4(16),150,166,560,259,66,0.421,11.7,0.704,1.162,0,27.79,27
2/11/22,9:31:02,Ul4-4(16),148,166,560,235,90,0.37,14,0.704,1.383,0,33.3,27
2/11/22,9:31:33,Ul4-4(16),156,166,560,227,125,0.313,16.4,0.704,1.467,0,39.12,27
2/11/22,9:32:03,Ul4-4(16),171,166,560,219,190,0.219,17.5,0.704,1.557,0,41.61,27
2/11/22,9:32:33,Ul4-4(16),188,166,560,216,285,0.13,15.6,0.704,1.593,0,37.05,27
2/11/22,9:33:04,Ul4-4(16),199,166,560,214,420,0.07,12.3,0.704,1.617,0,29.4,27
2/11/22,9:33:34,Ul4-4(16),206,166,560,213,625,0.033,8.7,0.704,1.629,0,20.62,27
2/11/22,9:34:04,Ul4-4(16),210,166,560,213,820,0.014,4.8,0.704,1.629,0,11.48,27
2/11/22,9:35:51,Ul5-1(17),168,168,689,689,0,0.756,0,0.756,-,0,0,30
2/11/22,9:36:22,Ul5-1(17),203,168,689,388,66,0.477,13.2,0.756,0.776,0,31.48,30
2/11/22,9:36:52,Ul5-1(17),197,168,689,352,90,0.44,16.6,0.756,0.957,0,39.6,30
2/11/22,9:37:22,Ul5-1(17),208,168,689,337,125,0.383,20.1,0.756,1.045,0,47.88,30
2/11/22,9:37:53,Ul5-1(17),226,168,689,325,190,0.305,24.3,0.756,1.12,0,57.95,30
2/11/22,9:38:23,Ul5-1(17),247,168,689,316,285,0.218,26.1,0.756,1.18,0,62.13,30
2/11/22,9:38:53,Ul5-1(17),266,168,689,311,420,0.145,25.6,0.756,1.215,0,60.9,30
2/11/22,9:39:24,Ul5-1(17),280,168,689,306,625,0.085,22.3,0.756,1.252,0,53.13,30
2/11/22,9:39:54,Ul5-1(17),287,168,689,307,820,0.065,22.4,0.756,1.244,0,53.3,30
2/11/22,9:42:20,Ul5-2(18),139,139,537,537,0,0.741,0,0.741,-,0,0,30
2/11/22,9:42:51,Ul5-2(18),172,139,537,309,66,0.443,12.3,0.741,0.738,0,29.24,30
2/11/22,9:43:21,Ul5-2(18),171,139,537,288,90,0.406,15.3,0.741,0.865,0,36.54,30
2/11/22,9:43:51,Ul5-2(18),184,139,537,274,125,0.328,17.2,0.741,0.96,0,41,30
2/11/22,9:44:22,Ul5-2(18),199,139,537,264,190,0.246,19.6,0.741,1.034,0,46.74,30
2/11/22,9:44:52,Ul5-2(18),218,139,537,256,285,0.148,17.7,0.741,1.098,0,42.18,30
2/11/22,9:45:22,Ul5-2(18),234,139,537,252,420,0.071,12.5,0.741,1.131,0,29.82,30
2/11/22,9:45:52,Ul5-2(18),243,139,537,251,625,0.032,8.4,0.741,1.139,0,20,30
2/11/22,9:46:23,Ul5-2(18),244,139,537,247,820,0.012,4.1,0.741,1.174,0,9.84,30
2/11/22,9:47:53,Ul5-3(19),188,188,707,707,0,0.734,0,0.734,-,0,0,30
2/11/22,9:48:23,Ul5-3(19),218,188,707,383,66,0.431,11.9,0.734,0.846,0,28.45,30
2/11/22,9:48:53,Ul5-3(19),224,188,707,358,90,0.374,14.1,0.734,0.975,0,33.66,30
2/11/22,9:49:24,Ul5-3(19),240,188,707,346,125,0.306,16.1,0.734,1.043,0,38.25,30
2/11/22,9:49:54,Ul5-3(19),261,188,707,336,190,0.223,17.8,0.734,1.104,0,42.37,30
2/11/22,9:50:24,Ul5-3(19),278,188,707,328,285,0.152,18.2,0.734,1.155,0,43.32,30
2/11/22,9:50:55,Ul5-3(19),294,188,707,319,420,0.078,13.8,0.734,1.216,0,32.76,30
2/11/22,9:51:25,Ul5-3(19),300,188,707,311,625,0.035,9.2,0.734,1.273,0,21.88,30
2/11/22,9:51:55,Ul5-3(19),298,188,707,305,820,0.023,7.9,0.734,1.318,0,18.86,30
2/11/22,9:52:42,Ul5-4(20),160,160,658,658,0,0.757,0,0.757,-,0,0,30
2/11/22,9:53:12,Ul5-4(20),228,160,658,436,66,0.477,13.2,0.757,0.509,0,31.48,30
2/11/22,9:53:43,Ul5-4(20),232,160,658,403,90,0.424,16,0.757,0.633,0,38.16,30
2/11/22,9:54:13,Ul5-4(20),246,160,658,385,125,0.361,19,0.757,0.709,0,45.12,30
2/11/22,9:54:43,Ul5-4(20),269,160,658,374,190,0.281,22.4,0.757,0.759,0,53.39,30
2/11/22,9:55:13,Ul5-4(20),290,160,658,366,285,0.208,24.9,0.757,0.798,0,59.28,30
2/11/22,9:55:44,Ul5-4(20),308,160,658,354,420,0.13,22.9,0.757,0.859,0,54.6,30
2/11/22,9:56:14,Ul5-4(20),321,160,658,343,625,0.064,16.8,0.757,0.918,0,40,30
2/11/22,9:56:44,Ul5-4(20),318,160,658,336,820,0.054,18.6,0.757,0.958,0,44.28,30
2/11/22,9:57:24,Ul6-1(21),166,166,720,720,0,0.769,0,0.769,-,0,0,30
2/11/22,9:57:55,Ul6-1(21),278,166,720,579,66,0.52,14.4,0.769,0.244,0,34.32,30
2/11/22,9:58:25,Ul6-1(21),296,166,720,538,90,0.45,17,0.769,0.338,0,40.5,30
2/11/22,9:58:55,Ul6-1(21),332,166,720,517,125,0.358,18.8,0.769,0.393,0,44.75,30
2/11/22,9:59:26,Ul6-1(21),378,166,720,502,190,0.247,19.7,0.769,0.434,0,46.93,30
2/11/22,9:59:56,Ul6-1(21),417,166,720,490,285,0.149,17.8,0.769,0.469,0,42.46,30
2/11/22,10:00:26,Ul6-1(21),445,166,720,482,420,0.077,13.6,0.769,0.494,0,32.34,30
2/11/22,10:00:56,Ul6-1(21),458,166,720,470,625,0.026,6.8,0.769,0.532,0,16.25,30
2/11/22,10:01:27,Ul6-1(21),457,166,720,461,820,0.009,3.1,0.769,0.562,0,7.38,30
2/11/22,10:02:57,Ul6-2(22),188,188,415,415,0,0.547,0,0.547,-,0,0,30
2/11/22,10:03:27,Ul6-2(22),143,188,415,203,66,0.296,8.2,0.547,1.044,0,19.54,30
2/11/22,10:03:57,Ul6-2(22),141,188,415,191,90,0.262,9.9,0.547,1.173,0,23.58,30
2/11/22,10:04:28,Ul6-2(22),146,188,415,187,125,0.219,11.5,0.547,1.219,0,27.38,30
2/11/22,10:04:58,Ul6-2(22),155,188,415,183,190,0.153,12.2,0.547,1.268,0,29.07,30
2/11/22,10:05:28,Ul6-2(22),166,188,415,185,285,0.103,12.3,0.547,1.243,0,29.35,30
2/11/22,10:05:59,Ul6-2(22),177,188,415,184,420,0.038,6.7,0.547,1.255,0,15.96,30
2/11/22,10:06:29,Ul6-2(22),182,188,415,184,625,0.011,2.9,0.547,1.255,0,6.88,30
2/11/22,10:06:59,Ul6-2(22),185,188,415,186,820,0.005,1.7,0.547,1.231,0,4.1,30
2/11/22,10:07:47,Ul6-3(23),113,113,380,380,0,0.703,0,0.703,-,0,0,30
2/11/22,10:08:17,Ul6-3(23),124,113,380,238,66,0.479,13.3,0.703,0.597,0,31.61,30
2/11/22,10:08:47,Ul6-3(23),130,113,380,223,90,0.417,15.8,0.703,0.704,0,37.53,30
2/11/22,10:09:17,Ul6-3(23),141,113,380,215,125,0.344,18.1,0.703,0.767,0,43,30
2/11/22,10:09:48,Ul6-3(23),155,113,380,210,190,0.262,20.9,0.703,0.81,0,49.78,30
2/11/22,10:10:18,Ul6-3(23),168,113,380,203,285,0.172,20.6,0.703,0.872,0,49.02,30
2/11/22,10:10:48,Ul6-3(23),178,113,380,199,420,0.106,18.7,0.703,0.91,0,44.52,30
2/11/22,10:11:19,Ul6-3(23),186,113,380,193,625,0.036,9.5,0.703,0.969,0,22.5,30
2/11/22,10:11:49,Ul6-3(23),185,113,380,190,820,0.026,9,0.703,1,0,21.32,30
2/11/22,10:12:16,Ul6-4(24),167,167,734,734,0,0.772,0,0.772,-,0,0,30
2/11/22,10:12:47,Ul6-4(24),233,167,734,446,66,0.478,13.3,0.772,0.646,0,31.55,30
2/11/22,10:13:17,Ul6-4(24),248,167,734,414,90,0.401,15.2,0.772,0.773,0,36.09,30
2/11/22,10:13:47,Ul6-4(24),283,167,734,403,125,0.298,15.6,0.772,0.821,0,37.25,30
2/11/22,10:14:18,Ul6-4(24),322,167,734,396,190,0.187,14.9,0.772,0.854,0,35.53,30
2/11/22,10:14:48,Ul6-4(24),353,167,734,392,285,0.099,11.9,0.772,0.872,0,28.21,30
2/11/22,10:15:18,Ul6-4(24),369,167,734,388,420,0.049,8.6,0.772,0.892,0,20.58,30
2/11/22,10:15:48,Ul6-4(24),375,167,734,379,625,0.011,2.9,0.772,0.937,0,6.88,30
2/11/22,10:16:19,Ul6-4(24),371,167,734,373,820,0.005,1.7,0.772,0.968,0,4.1,30
3/1/22,8:05:18,Ul4-1,205,205,663,663,0,0.691,0,0.691,-,0,0,27
3/1/22,8:05:48,Ul4-1,296,205,663,554,66,0.466,12.9,0.691,0.197,0,30.76,27
3/1/22,8:06:19,Ul4-1,322,205,663,526,90,0.388,14.7,0.691,0.26,0,34.92,27
3/1/22,8:06:49,Ul4-1,369,205,663,512,125,0.279,14.6,0.691,0.295,0,34.88,27
3/1/22,8:07:19,Ul4-1,411,205,663,505,190,0.186,14.8,0.691,0.313,0,35.34,27
3/1/22,8:07:50,Ul4-1,445,205,663,497,285,0.105,12.6,0.691,0.334,0,29.92,27
3/1/22,8:08:20,Ul4-1,465,205,663,490,420,0.051,9,0.691,0.353,0,21.42,27
3/1/22,8:08:50,Ul4-1,474,205,663,477,625,0.006,1.6,0.691,0.39,0,3.75,27
3/1/22,8:09:20,Ul4-1,469,205,663,469,820,0,0,0.691,0.414,0,0,27
3/1/22,8:09:44,Ul4-2,190,190,477,477,0,0.602,0,0.602,-,0,0,27
3/1/22,8:10:14,Ul4-2,235,190,477,347,66,0.323,9,0.602,0.375,0,21.32,27
3/1/22,8:10:45,Ul4-2,256,190,477,348,90,0.264,10,0.602,0.371,0,23.76,27
3/1/22,8:11:15,Ul4-2,286,190,477,355,125,0.194,10.2,0.602,0.344,0,24.25,27
3/1/22,8:11:45,Ul4-2,308,190,477,350,190,0.12,9.6,0.602,0.363,0,22.8,27
3/1/22,8:12:15,Ul4-2,320,190,477,341,285,0.062,7.4,0.602,0.399,0,17.67,27
3/1/22,8:12:46,Ul4-2,323,190,477,334,420,0.033,5.8,0.602,0.428,0,13.86,27
3/1/22,8:13:16,Ul4-2,321,190,477,320,625,-0.003,-0.79,0.602,-,0,-1.88,27
3/1/22,8:13:46,Ul4-2,310,190,477,310,820,0,0,0.602,0.539,0,0,27
3/1/22,8:14:38,Ul4-3,220,220,728,728,0,0.698,0,0.698,-,0,0,27
3/1/22,8:15:08,Ul4-3,340,220,728,570,66,0.404,11.2,0.698,0.277,0,26.66,27
3/1/22,8:15:39,Ul4-3,359,220,728,543,90,0.339,12.8,0.698,0.341,0,30.51,27
3/1/22,8:16:09,Ul4-3,390,220,728,523,125,0.254,13.3,0.698,0.392,0,31.75,27
3/1/22,8:16:39,Ul4-3,422,220,728,506,190,0.166,13.2,0.698,0.439,0,31.54,27
3/1/22,8:17:10,Ul4-3,445,220,728,491,285,0.094,11.3,0.698,0.483,0,26.79,27
3/1/22,8:17:40,Ul4-3,459,220,728,476,420,0.036,6.4,0.698,0.529,0,15.12,27
3/1/22,8:18:10,Ul4-3,460,220,728,459,625,-0.002,-0.53,0.698,-,0,-1.25,27
3/1/22,8:18:40,Ul4-3,446,220,728,441,820,-0.011,-3.79,0.698,-,0,-9.02,27
3/1/22,8:19:18,Ul4-4,165,165,510,510,0,0.676,0,0.676,-,0,0,27
3/1/22,8:19:48,Ul4-4,221,165,510,394,66,0.439,12.2,0.676,0.294,0,28.97,27
3/1/22,8:20:18,Ul4-4,242,165,510,384,90,0.37,14,0.676,0.328,0,33.3,27
3/1/22,8:20:49,Ul4-4,271,165,510,383,125,0.292,15.3,0.676,0.332,0,36.5,27
3/1/22,8:21:19,Ul4-4,302,165,510,380,190,0.205,16.4,0.676,0.342,0,38.95,27
3/1/22,8:21:49,Ul4-4,327,165,510,375,285,0.128,15.3,0.676,0.36,0,36.48,27
3/1/22,8:22:20,Ul4-4,342,165,510,370,420,0.076,13.4,0.676,0.378,0,31.92,27
3/1/22,8:22:50,Ul4-4,354,165,510,359,625,0.014,3.7,0.676,0.421,0,8.75,27
3/1/22,8:23:20,Ul4-4,348,165,510,353,820,0.014,4.8,0.676,0.445,0,11.48,27
3/1/22,8:24:02,Ul5-1,157,157,573,573,0,0.726,0,0.726,-,0,0,30
3/1/22,8:24:32,Ul5-1,264,157,573,418,66,0.368,10.2,0.726,0.371,0,24.29,30
3/1/22,8:25:02,Ul5-1,289,157,573,409,90,0.293,11.1,0.726,0.401,0,26.37,30
3/1/22,8:25:33,Ul5-1,321,157,573,404,125,0.205,10.8,0.726,0.418,0,25.62,30
3/1/22,8:26:03,Ul5-1,344,157,573,399,190,0.138,11,0.726,0.436,0,26.22,30
3/1/22,8:26:33,Ul5-1,359,157,573,390,285,0.079,9.5,0.726,0.469,0,22.52,30
3/1/22,8:27:03,Ul5-1,366,157,573,380,420,0.037,6.5,0.726,0.508,0,15.54,30
3/1/22,8:27:34,Ul5-1,367,157,573,367,625,0,0,0.726,0.561,0,0,30
3/1/22,8:28:04,Ul5-1,353,157,573,352,820,-0.003,-1.03,0.726,-,0,-2.46,30
3/1/22,8:29:26,Ul5-2,183,183,694,694,0,0.736,0,0.736,-,0,0,30
3/1/22,8:29:57,Ul5-2,335,183,694,594,66,0.436,12.1,0.736,0.168,0,28.78,30
3/1/22,8:30:27,Ul5-2,368,183,694,565,90,0.349,13.2,0.736,0.228,0,31.41,30
3/1/22,8:30:57,Ul5-2,412,183,694,545,125,0.244,12.8,0.736,0.273,0,30.5,30
3/1/22,8:31:27,Ul5-2,449,183,694,531,190,0.154,12.3,0.736,0.307,0,29.26,30
3/1/22,8:31:58,Ul5-2,475,183,694,516,285,0.079,9.5,0.736,0.345,0,22.52,30
3/1/22,8:32:28,Ul5-2,488,183,694,505,420,0.034,6,0.736,0.374,0,14.28,30
3/1/22,8:32:58,Ul5-2,491,183,694,490,625,-0.002,-0.53,0.736,-,0,-1.25,30
3/1/22,8:33:29,Ul5-2,481,183,694,475,820,-0.013,-4.48,0.736,-,0,-10.66,30
3/1/22,8:34:20,Ul5-3,240,240,815,815,0,0.706,0,0.706,-,0,0,30
3/1/22,8:34:50,Ul5-3,371,240,815,621,66,0.403,11.2,0.706,0.312,0,26.6,30
3/1/22,8:35:21,Ul5-3,395,240,815,598,90,0.339,12.8,0.706,0.363,0,30.51,30
3/1/22,8:35:51,Ul5-3,432,240,815,580,125,0.255,13.4,0.706,0.405,0,31.88,30
3/1/22,8:36:21,Ul5-3,470,240,815,567,190,0.171,13.6,0.706,0.437,0,32.49,30
3/1/22,8:36:52,Ul5-3,497,240,815,555,285,0.105,12.6,0.706,0.468,0,29.92,30
3/1/22,8:37:22,Ul5-3,517,240,815,544,420,0.05,8.8,0.706,0.498,0,21,30
3/1/22,8:37:52,Ul5-3,523,240,815,527,625,0.008,2.1,0.706,0.546,0,5,30
3/1/22,8:38:23,Ul5-3,515,240,815,517,820,0.004,1.4,0.706,0.576,0,3.28,30
3/1/22,8:39:09,Ul5-4,276,276,738,738,0,0.626,0,0.626,-,0,0,30
3/1/22,8:39:39,Ul5-4,426,276,738,604,66,0.295,8.2,0.626,0.222,0,19.47,30
3/1/22,8:40:09,Ul5-4,447,276,738,581,90,0.231,8.7,0.626,0.27,0,20.79,30
3/1/22,8:40:39,Ul5-4,478,276,738,565,125,0.154,8.1,0.626,0.306,0,19.25,30
3/1/22,8:41:10,Ul5-4,501,276,738,556,190,0.099,7.9,0.626,0.327,0,18.81,30
3/1/22,8:41:40,Ul5-4,517,276,738,542,285,0.046,5.5,0.626,0.362,0,13.11,30
3/1/22,8:42:10,Ul5-4,522,276,738,530,420,0.015,2.6,0.626,0.392,0,6.3,30
3/1/22,8:42:41,Ul5-4,521,276,738,513,625,-0.016,-4.2,0.626,-,0,-10,30
3/1/22,8:43:11,Ul5-4,507,276,738,501,820,-0.012,-4.13,0.626,-,0,-9.84,30
3/1/22,8:43:50,Ul6-1,186,186,681,681,0,0.727,0,0.727,-,0,0,30
3/1/22,8:44:20,Ul6-1,372,186,681,573,66,0.351,9.7,0.727,0.188,0,23.17,30
3/1/22,8:44:51,Ul6-1,405,186,681,551,90,0.265,10,0.727,0.236,0,23.85,30
3/1/22,8:45:21,Ul6-1,443,186,681,536,125,0.174,9.1,0.727,0.271,0,21.75,30
3/1/22,8:45:51,Ul6-1,471,186,681,522,190,0.098,7.8,0.727,0.305,0,18.62,30
3/1/22,8:46:21,Ul6-1,486,186,681,508,285,0.043,5.1,0.727,0.341,0,12.25,30
3/1/22,8:46:52,Ul6-1,491,186,681,491,420,0,0,0.727,0.387,0,0,30
3/1/22,8:47:22,Ul6-1,484,186,681,471,625,-0.028,-7.35,0.727,-,0,-17.5,30
3/1/22,8:47:52,Ul6-1,466,186,681,453,820,-0.029,-9.99,0.727,-,0,-23.78,30
3/1/22,8:48:06,Ul6-2,192,192,705,705,0,0.728,0,0.728,-,0,0,30
3/1/22,8:48:36,Ul6-2,295,192,705,475,66,0.379,10.5,0.728,0.484,0,25.01,30
3/1/22,8:49:07,Ul6-2,339,192,705,483,90,0.298,11.3,0.728,0.46,0,26.82,30
3/1/22,8:49:37,Ul6-2,390,192,705,495,125,0.212,11.1,0.728,0.424,0,26.5,30
3/1/22,8:50:07,Ul6-2,431,192,705,493,190,0.126,10.1,0.728,0.43,0,23.94,30
3/1/22,8:50:38,Ul6-2,458,192,705,487,285,0.06,7.2,0.728,0.448,0,17.1,30
3/1/22,8:51:08,Ul6-2,469,192,705,478,420,0.019,3.4,0.728,0.475,0,7.98,30
3/1/22,8:51:38,Ul6-2,465,192,705,459,625,-0.013,-3.41,0.728,-,0,-8.12,30
3/1/22,8:52:09,Ul6-2,450,192,705,443,820,-0.016,-5.51,0.728,-,0,-13.12,30
3/1/22,8:52:36,Ul6-3,173,173,630,630,0,0.725,0,0.725,-,0,0,30
3/1/22,8:53:07,Ul6-3,301,173,630,524,66,0.426,11.8,0.725,0.202,0,28.12,30
3/1/22,8:53:37,Ul6-3,329,173,630,506,90,0.35,13.2,0.725,0.245,0,31.5,30
3/1/22,8:54:07,Ul6-3,370,173,630,497,125,0.256,13.4,0.725,0.268,0,32,30
3/1/22,8:54:37,Ul6-3,407,173,630,488,190,0.166,13.2,0.725,0.291,0,31.54,30
3/1/22,8:55:08,Ul6-3,431,173,630,480,285,0.102,12.2,0.725,0.313,0,29.07,30
3/1/22,8:55:38,Ul6-3,446,173,630,472,420,0.055,9.7,0.725,0.335,0,23.1,30
3/1/22,8:56:08,Ul6-3,452,173,630,457,625,0.011,2.9,0.725,0.379,0,6.88,30
3/1/22,8:56:39,Ul6-3,446,173,630,447,820,0.002,0.7,0.725,0.409,0,1.64,30
3/1/22,8:57:01,Ul6-4,211,211,775,775,0,0.728,0,0.728,-,0,0,30
3/1/22,8:57:32,Ul6-4,361,211,775,595,66,0.393,10.9,0.728,0.303,0,25.94,30
3/1/22,8:58:02,Ul6-4,402,211,775,584,90,0.312,11.8,0.728,0.327,0,28.08,30
3/1/22,8:58:32,Ul6-4,455,211,775,584,125,0.221,11.6,0.728,0.327,0,27.62,30
3/1/22,8:59:03,Ul6-4,495,211,775,579,190,0.145,11.6,0.728,0.339,0,27.55,30
3/1/22,8:59:33,Ul6-4,520,211,775,566,285,0.081,9.7,0.728,0.369,0,23.09,30
3/1/22,9:00:03,Ul6-4,531,211,775,551,420,0.036,6.4,0.728,0.407,0,15.12,30
3/1/22,9:00:34,Ul6-4,533,211,775,532,625,-0.002,-0.53,0.728,-,0,-1.25,30
3/1/22,9:01:04,Ul6-4,519,211,775,515,820,-0.008,-2.76,0.728,-,0,-6.56,30
3/1/22,9:01:35,Ul1-1,204,204,550,550,0,0.629,0,0.629,-,0,0,20
3/1/22,9:02:06,Ul1-1,203,204,550,320,66,0.366,10.1,0.629,0.719,0,24.16,20
3/1/22,9:02:36,Ul1-1,216,204,550,312,90,0.308,11.6,0.629,0.763,0,27.72,20
3/1/22,9:03:06,Ul1-1,238,204,550,317,125,0.249,13.1,0.629,0.735,0,31.12,20
3/1/22,9:03:37,Ul1-1,258,204,550,315,190,0.181,14.4,0.629,0.746,0,34.39,20
3/1/22,9:04:07,Ul1-1,274,204,550,312,285,0.122,14.6,0.629,0.763,0,34.77,20
3/1/22,9:04:37,Ul1-1,283,204,550,306,420,0.075,13.2,0.629,0.797,0,31.5,20
3/1/22,9:05:07,Ul1-1,287,204,550,300,625,0.043,11.3,0.629,0.833,0,26.87,20
3/1/22,9:05:38,Ul1-1,282,204,550,292,820,0.034,11.7,0.629,0.884,0,27.88,20
3/1/22,9:06:15,Ul1-2,245,245,792,792,0,0.691,0,0.691,-,0,0,20
3/1/22,9:06:46,Ul1-2,316,245,792,504,66,0.373,10.3,0.691,0.571,0,24.62,20
3/1/22,9:07:16,Ul1-2,340,245,792,485,90,0.299,11.3,0.691,0.633,0,26.91,20
3/1/22,9:07:46,Ul1-2,384,245,792,482,125,0.203,10.7,0.691,0.643,0,25.38,20
3/1/22,9:08:17,Ul1-2,428,245,792,479,190,0.106,8.5,0.691,0.653,0,20.14,20
3/1/22,9:08:47,Ul1-2,458,245,792,477,285,0.04,4.8,0.691,0.66,0,11.4,20
3/1/22,9:09:17,Ul1-2,471,245,792,475,420,0.008,1.4,0.691,0.667,0,3.36,20
3/1/22,9:09:48,Ul1-2,471,245,792,465,625,-0.013,-3.41,0.691,-,0,-8.12,20
3/1/22,9:10:18,Ul1-2,464,245,792,458,820,-0.013,-4.48,0.691,-,0,-10.66,20
3/1/22,9:11:02,Ul1-3,250,250,693,693,0,0.639,0,0.639,-,0,0,20
3/1/22,9:11:32,Ul1-3,339,250,693,495,66,0.315,8.7,0.639,0.4,0,20.79,20
3/1/22,9:12:02,Ul1-3,369,250,693,483,90,0.236,8.9,0.639,0.435,0,21.24,20
3/1/22,9:12:33,Ul1-3,414,250,693,485,125,0.146,7.7,0.639,0.429,0,18.25,20
3/1/22,9:13:03,Ul1-3,449,250,693,481,190,0.067,5.3,0.639,0.441,0,12.73,20
3/1/22,9:13:33,Ul1-3,461,250,693,470,285,0.019,2.3,0.639,0.474,0,5.42,20
3/1/22,9:14:04,Ul1-3,459,250,693,456,420,-0.007,-1.23,0.639,-,0,-2.94,20
3/1/22,9:14:34,Ul1-3,449,250,693,441,625,-0.018,-4.72,0.639,-,0,-11.25,20
3/1/22,9:15:04,Ul1-3,438,250,693,430,820,-0.019,-6.54,0.639,-,0,-15.58,20
3/1/22,9:15:47,Ul1-4,187,187,611,611,0,0.694,0,0.694,-,0,0,20
3/1/22,9:16:18,Ul1-4,226,187,611,360,66,0.372,10.3,0.694,0.697,0,24.55,20
3/1/22,9:16:48,Ul1-4,243,187,611,347,90,0.3,11.3,0.694,0.761,0,27,20
3/1/22,9:17:18,Ul1-4,269,187,611,337,125,0.202,10.6,0.694,0.813,0,25.25,20
3/1/22,9:17:49,Ul1-4,286,187,611,326,190,0.123,9.8,0.694,0.874,0,23.37,20
3/1/22,9:18:19,Ul1-4,294,187,611,316,285,0.07,8.4,0.694,0.934,0,19.95,20
3/1/22,9:18:49,Ul1-4,293,187,611,305,420,0.039,6.9,0.694,1.003,0,16.38,20
3/1/22,9:19:19,Ul1-4,291,187,611,291,625,0,0,0.694,1.1,0,0,20
3/1/22,9:19:50,Ul1-4,281,187,611,284,820,0.011,3.8,0.694,1.151,0,9.02,20
3/1/22,9:20:19,Ul2-1,205,205,665,665,0,0.692,0,0.692,-,0,0,20
3/1/22,9:20:50,Ul2-1,323,205,665,501,66,0.355,9.8,0.692,0.327,0,23.43,20
3/1/22,9:21:20,Ul2-1,343,205,665,481,90,0.287,10.8,0.692,0.383,0,25.83,20
3/1/22,9:21:50,Ul2-1,370,205,665,467,125,0.208,10.9,0.692,0.424,0,26,20
3/1/22,9:22:20,Ul2-1,394,205,665,455,190,0.134,10.7,0.692,0.462,0,25.46,20
3/1/22,9:22:51,Ul2-1,410,205,665,438,285,0.064,7.7,0.692,0.518,0,18.24,20
3/1/22,9:23:21,Ul2-1,417,205,665,424,420,0.017,3,0.692,0.568,0,7.14,20
3/1/22,9:23:51,Ul2-1,409,205,665,407,625,-0.005,-1.31,0.692,-,0,-3.12,20
3/1/22,9:24:22,Ul2-1,392,205,665,385,820,-0.018,-6.2,0.692,-,0,-14.76,20
3/1/22,9:25:02,Ul2-2,173,173,569,569,0,0.696,0,0.696,-,0,0,20
3/1/22,9:25:32,Ul2-2,214,173,569,356,66,0.399,11.1,0.696,0.598,0,26.33,20
3/1/22,9:26:03,Ul2-2,222,173,569,339,90,0.345,13,0.696,0.678,0,31.05,20
3/1/22,9:26:33,Ul2-2,242,173,569,333,125,0.273,14.3,0.696,0.709,0,34.12,20
3/1/22,9:27:03,Ul2-2,264,173,569,322,190,0.18,14.4,0.696,0.767,0,34.2,20
3/1/22,9:27:34,Ul2-2,281,173,569,318,285,0.116,13.9,0.696,0.789,0,33.06,20
3/1/22,9:28:04,Ul2-2,293,173,569,311,420,0.058,10.2,0.696,0.83,0,24.36,20
3/1/22,9:28:34,Ul2-2,294,173,569,299,625,0.017,4.5,0.696,0.903,0,10.62,20
3/1/22,9:29:04,Ul2-2,288,173,569,293,820,0.017,5.9,0.696,0.942,0,13.94,20
3/1/22,9:30:30,Ul2-3,240,240,799,799,0,0.7,0,0.7,-,0,0,20
3/1/22,9:31:00,Ul2-3,360,240,799,564,66,0.362,10,0.7,0.417,0,23.89,20
3/1/22,9:31:31,Ul2-3,380,240,799,534,90,0.288,10.9,0.7,0.496,0,25.92,20
3/1/22,9:32:01,Ul2-3,419,240,799,519,125,0.193,10.1,0.7,0.539,0,24.12,20
3/1/22,9:32:31,Ul2-3,451,240,799,507,190,0.11,8.8,0.7,0.576,0,20.9,20
3/1/22,9:33:02,Ul2-3,467,240,799,498,285,0.062,7.4,0.7,0.604,0,17.67,20
3/1/22,9:33:32,Ul2-3,471,240,799,482,420,0.023,4.1,0.7,0.658,0,9.66,20
3/1/22,9:34:02,Ul2-3,465,240,799,460,625,-0.011,-2.89,0.7,-,0,-6.88,20
3/1/22,9:34:32,Ul2-3,447,240,799,442,820,-0.011,-3.79,0.7,-,0,-9.02,20
3/1/22,9:35:01,Ul2-4,191,191,521,521,0,0.633,0,0.633,-,0,0,20
3/1/22,9:35:32,Ul2-4,252,191,521,362,66,0.304,8.4,0.633,0.439,0,20.06,20
3/1/22,9:36:02,Ul2-4,271,191,521,362,90,0.251,9.5,0.633,0.439,0,22.59,20
3/1/22,9:36:32,Ul2-4,299,191,521,365,125,0.181,9.5,0.633,0.427,0,22.62,20
3/1/22,9:37:02,Ul2-4,319,191,521,363,190,0.121,9.7,0.633,0.435,0,22.99,20
3/1/22,9:37:33,Ul2-4,330,191,521,353,285,0.065,7.8,0.633,0.476,0,18.53,20
3/1/22,9:38:03,Ul2-4,332,191,521,342,420,0.029,5.1,0.633,0.523,0,12.18,20
3/1/22,9:38:33,Ul2-4,326,191,521,327,625,0.003,0.8,0.633,0.593,0,1.88,20
3/1/22,9:39:04,Ul2-4,313,191,521,313,820,0,0,0.633,0.665,0,0,20
3/1/22,9:39:31,Ul3-1,190,190,685,685,0,0.723,0,0.723,-,0,0,27
3/1/22,9:40:01,Ul3-1,278,190,685,502,66,0.446,12.4,0.723,0.365,0,29.44,27
3/1/22,9:40:32,Ul3-1,307,190,685,486,90,0.368,13.9,0.723,0.409,0,33.12,27
3/1/22,9:41:02,Ul3-1,345,190,685,479,125,0.28,14.7,0.723,0.43,0,35,27
3/1/22,9:41:32,Ul3-1,384,190,685,471,190,0.185,14.8,0.723,0.454,0,35.15,27
3/1/22,9:42:02,Ul3-1,415,190,685,461,285,0.1,12,0.723,0.486,0,28.5,27
3/1/22,9:42:33,Ul3-1,430,190,685,452,420,0.049,8.6,0.723,0.515,0,20.58,27
3/1/22,9:43:03,Ul3-1,436,190,685,438,625,0.005,1.3,0.723,0.564,0,3.12,27
3/1/22,9:43:33,Ul3-1,425,190,685,423,820,-0.005,-1.72,0.723,-,0,-4.1,27
3/1/22,9:44:18,Ul3-2,186,186,649,649,0,0.713,0,0.713,-,0,0,27
3/1/22,9:44:48,Ul3-2,291,186,649,517,66,0.437,12.1,0.713,0.255,0,28.84,27
3/1/22,9:45:19,Ul3-2,310,186,649,498,90,0.378,14.3,0.713,0.303,0,34.02,27
3/1/22,9:45:49,Ul3-2,346,186,649,489,125,0.292,15.3,0.713,0.327,0,36.5,27
3/1/22,9:46:19,Ul3-2,383,186,649,482,190,0.205,16.4,0.713,0.346,0,38.95,27
3/1/22,9:46:50,Ul3-2,414,186,649,474,285,0.127,15.2,0.713,0.369,0,36.2,27
3/1/22,9:47:20,Ul3-2,434,186,649,464,420,0.065,11.5,0.713,0.399,0,27.3,27
3/1/22,9:47:50,Ul3-2,444,186,649,453,625,0.02,5.3,0.713,0.433,0,12.5,27
3/1/22,9:48:21,Ul3-2,438,186,649,441,820,0.007,2.4,0.713,0.472,0,5.74,27
3/1/22,9:48:54,Ul3-3,159,159,480,480,0,0.669,0,0.669,-,0,0,27
3/1/22,9:49:24,Ul3-3,236,159,480,356,66,0.337,9.3,0.669,0.348,0,22.24,27
3/1/22,9:49:54,Ul3-3,257,159,480,348,90,0.261,9.9,0.669,0.379,0,23.49,27
3/1/22,9:50:25,Ul3-3,279,159,480,347,125,0.196,10.3,0.669,0.383,0,24.5,27
3/1/22,9:50:55,Ul3-3,297,159,480,338,190,0.121,9.7,0.669,0.42,0,22.99,27
3/1/22,9:51:25,Ul3-3,306,159,480,331,285,0.076,9.1,0.669,0.45,0,21.66,27
3/1/22,9:51:56,Ul3-3,309,159,480,318,420,0.028,4.9,0.669,0.509,0,11.76,27
3/1/22,9:52:26,Ul3-3,305,159,480,305,625,0,0,0.669,0.574,0,0,27
3/1/22,9:52:56,Ul3-3,292,159,480,291,820,-0.003,-1.03,0.669,-,0,-2.46,27
3/1/22,9:53:34,Ul3-4,190,190,680,680,0,0.721,0,0.721,-,0,0,27
3/1/22,9:54:04,Ul3-4,284,190,680,528,66,0.462,12.8,0.721,0.288,0,30.49,27
3/1/22,9:54:35,Ul3-4,312,190,680,512,90,0.391,14.8,0.721,0.328,0,35.19,27
3/1/22,9:55:05,Ul3-4,356,190,680,506,125,0.296,15.5,0.721,0.344,0,37,27
3/1/22,9:55:35,Ul3-4,400,190,680,496,190,0.194,15.5,0.721,0.371,0,36.86,27
3/1/22,9:56:05,Ul3-4,431,190,680,487,285,0.115,13.8,0.721,0.396,0,32.77,27
3/1/22,9:56:36,Ul3-4,452,190,680,479,420,0.056,9.9,0.721,0.42,0,23.52,27
3/1/22,9:57:06,Ul3-4,461,190,680,467,625,0.013,3.4,0.721,0.456,0,8.12,27
3/1/22,9:57:36,Ul3-4,452,190,680,457,820,0.011,3.8,0.721,0.488,0,9.02,27
2/21/22,8:26:25,Ul1-1,197,197,451,451,0,0.563,0,0.563,-,0,0,20
2/21/22,8:26:55,Ul1-1,165,197,451,236,66,0.301,8.3,0.563,0.911,0,19.87,20
2/21/22,8:27:25,Ul1-1,152,197,451,210,90,0.276,10.4,0.563,1.148,0,24.84,20
2/21/22,8:27:55,Ul1-1,153,197,451,204,125,0.25,13.1,0.563,1.211,0,31.25,20
2/21/22,8:28:26,Ul1-1,161,197,451,199,190,0.191,15.2,0.563,1.266,0,36.29,20
2/21/22,8:28:56,Ul1-1,172,197,451,196,285,0.122,14.6,0.563,1.301,0,34.77,20
2/21/22,8:29:26,Ul1-1,182,197,451,195,420,0.067,11.8,0.563,1.313,0,28.14,20
2/21/22,8:29:57,Ul1-1,191,197,451,193,625,0.01,2.6,0.563,1.337,0,6.25,20
2/21/22,8:30:27,Ul1-1,191,197,451,197,820,0.03,10.3,0.563,1.289,0,24.6,20
2/21/22,8:31:01,Ul1-2,159,159,377,377,0,0.578,0,0.578,-,0,0,20
2/21/22,8:31:32,Ul1-2,127,159,377,175,66,0.274,7.6,0.578,1.154,0,18.08,20
2/21/22,8:32:02,Ul1-2,123,159,377,165,90,0.255,9.6,0.578,1.285,0,22.95,20
2/21/22,8:32:32,Ul1-2,126,159,377,163,125,0.227,11.9,0.578,1.313,0,28.38,20
2/21/22,8:33:02,Ul1-2,135,159,377,161,190,0.161,12.8,0.578,1.342,0,30.59,20
2/21/22,8:33:33,Ul1-2,142,159,377,161,285,0.118,14.1,0.578,1.342,0,33.63,20
2/21/22,8:34:03,Ul1-2,152,159,377,162,420,0.062,10.9,0.578,1.327,0,26.04,20
2/21/22,8:34:33,Ul1-2,159,159,377,162,625,0.019,5,0.578,1.327,0,11.88,20
2/21/22,8:35:04,Ul1-2,159,159,377,165,820,0.036,12.4,0.578,1.285,0,29.52,20
2/21/22,8:35:51,Ul1-3,123,123,612,612,0,0.799,0,0.799,-,0,0,20
2/21/22,8:36:21,Ul1-3,219,123,612,452,66,0.515,14.3,0.799,0.354,0,33.99,20
2/21/22,8:36:51,Ul1-3,223,123,612,426,90,0.477,18,0.799,0.437,0,42.93,20
2/21/22,8:37:22,Ul1-3,238,123,612,411,125,0.421,22.1,0.799,0.489,0,52.62,20
2/21/22,8:37:52,Ul1-3,261,123,612,396,190,0.341,27.2,0.799,0.545,0,64.79,20
2/21/22,8:38:22,Ul1-3,286,123,612,386,285,0.259,31,0.799,0.585,0,73.81,20
2/21/22,8:38:53,Ul1-3,308,123,612,374,420,0.176,31,0.799,0.636,0,73.92,20
2/21/22,8:39:23,Ul1-3,328,123,612,364,625,0.099,26,0.799,0.681,0,61.88,20
2/21/22,8:39:53,Ul1-3,333,123,612,358,820,0.07,24.1,0.799,0.709,0,57.4,20
2/21/22,8:40:35,Ul1-4,144,144,656,656,0,0.78,0,0.78,-,0,0,20
2/21/22,8:41:05,Ul1-4,233,144,656,458,66,0.491,13.6,0.78,0.432,0,32.41,20
2/21/22,8:41:36,Ul1-4,248,144,656,431,90,0.425,16.1,0.78,0.522,0,38.25,20
2/21/22,8:42:06,Ul1-4,274,144,656,419,125,0.346,18.2,0.78,0.566,0,43.25,20
2/21/22,8:42:36,Ul1-4,306,144,656,411,190,0.255,20.3,0.78,0.596,0,48.45,20
2/21/22,8:43:06,Ul1-4,333,144,656,407,285,0.182,21.8,0.78,0.612,0,51.87,20
2/21/22,8:43:37,Ul1-4,351,144,656,399,420,0.12,21.2,0.78,0.644,0,50.4,20
2/21/22,8:44:07,Ul1-4,367,144,656,391,625,0.061,16,0.78,0.678,0,38.12,20
2/21/22,8:44:37,Ul1-4,369,144,656,390,820,0.054,18.6,0.78,0.682,0,44.28,20
2/21/22,8:45:24,Ul2-1,166,166,411,411,0,0.596,0,0.596,-,0,0,20
2/21/22,8:45:54,Ul2-1,131,166,411,187,66,0.299,8.3,0.596,1.198,0,19.73,20
2/21/22,8:46:25,Ul2-1,124,166,411,173,90,0.283,10.7,0.596,1.376,0,25.47,20
2/21/22,8:46:55,Ul2-1,127,166,411,167,125,0.24,12.6,0.596,1.461,0,30,20
2/21/22,8:47:25,Ul2-1,133,166,411,164,190,0.189,15.1,0.596,1.506,0,35.91,20
2/21/22,8:47:56,Ul2-1,142,166,411,163,285,0.129,15.4,0.596,1.521,0,36.77,20
2/21/22,8:48:26,Ul2-1,150,166,411,161,420,0.068,12,0.596,1.553,0,28.56,20
2/21/22,8:48:56,Ul2-1,155,166,411,161,625,0.037,9.7,0.596,1.553,0,23.12,20
2/21/22,8:49:27,Ul2-1,160,166,411,165,820,0.03,10.3,0.596,1.491,0,24.6,20
2/21/22,8:50:01,Ul2-2,155,155,437,437,0,0.645,0,0.645,-,0,0,20
2/21/22,8:50:31,Ul2-2,141,155,437,222,66,0.365,10.1,0.645,0.968,0,24.09,20
2/21/22,8:51:01,Ul2-2,137,155,437,202,90,0.322,12.2,0.645,1.163,0,28.98,20
2/21/22,8:51:32,Ul2-2,142,155,437,195,125,0.272,14.3,0.645,1.241,0,34,20
2/21/22,8:52:02,Ul2-2,153,155,437,192,190,0.203,16.2,0.645,1.276,0,38.57,20
2/21/22,8:52:32,Ul2-2,169,155,437,192,285,0.12,14.4,0.645,1.276,0,34.2,20
2/21/22,8:53:03,Ul2-2,179,155,437,193,420,0.073,12.9,0.645,1.264,0,30.66,20
2/21/22,8:53:33,Ul2-2,187,155,437,193,625,0.031,8.1,0.645,1.264,0,19.38,20
2/21/22,8:54:03,Ul2-2,190,155,437,193,820,0.016,5.5,0.645,1.264,0,13.12,20
2/21/22,8:54:35,Ul2-3,198,198,547,547,0,0.638,0,0.638,-,0,0,20
2/21/22,8:55:05,Ul2-3,145,198,547,226,66,0.358,9.9,0.638,1.42,0,23.63,20
2/21/22,8:55:35,Ul2-3,148,198,547,211,90,0.299,11.3,0.638,1.592,0,26.91,20
2/21/22,8:56:06,Ul2-3,153,198,547,205,125,0.254,13.3,0.638,1.668,0,31.75,20
2/21/22,8:56:36,Ul2-3,166,198,547,202,190,0.178,14.2,0.638,1.708,0,33.82,20
2/21/22,8:57:06,Ul2-3,178,198,547,201,285,0.114,13.6,0.638,1.721,0,32.49,20
2/21/22,8:57:37,Ul2-3,187,198,547,201,420,0.07,12.3,0.638,1.721,0,29.4,20
2/21/22,8:58:07,Ul2-3,194,198,547,198,625,0.02,5.3,0.638,1.763,0,12.5,20
2/21/22,8:58:37,Ul2-3,194,198,547,200,820,0.03,10.3,0.638,1.735,0,24.6,20
2/21/22,8:59:14,Ul2-4,139,139,362,362,0,0.616,0,0.616,-,0,0,20
2/21/22,8:59:44,Ul2-4,131,139,362,209,66,0.373,10.3,0.616,0.732,0,24.62,20
2/21/22,9:00:15,Ul2-4,128,139,362,191,90,0.33,12.5,0.616,0.895,0,29.7,20
2/21/22,9:00:45,Ul2-4,135,139,362,183,125,0.262,13.8,0.616,0.978,0,32.75,20
2/21/22,9:01:15,Ul2-4,147,139,362,181,190,0.188,15,0.616,1,0,35.72,20
2/21/22,9:01:45,Ul2-4,157,139,362,179,285,0.123,14.7,0.616,1.022,0,35.05,20
2/21/22,9:02:16,Ul2-4,169,139,362,180,420,0.061,10.8,0.616,1.011,0,25.62,20
2/21/22,9:02:46,Ul2-4,174,139,362,177,625,0.017,4.5,0.616,1.045,0,10.62,20
2/21/22,9:03:16,Ul2-4,175,139,362,178,820,0.017,5.9,0.616,1.034,0,13.94,20
2/21/22,9:03:52,Ul3-1,175,175,682,682,0,0.743,0,0.743,-,0,0,27
2/21/22,9:04:23,Ul3-1,217,175,682,430,66,0.495,13.7,0.743,0.586,0,32.67,27
2/21/22,9:04:53,Ul3-1,220,175,682,399,90,0.449,17,0.743,0.709,0,40.41,27
2/21/22,9:05:23,Ul3-1,234,175,682,385,125,0.392,20.6,0.743,0.771,0,49,27
2/21/22,9:05:53,Ul3-1,257,175,682,370,190,0.305,24.3,0.743,0.843,0,57.95,27
2/21/22,9:06:24,Ul3-1,281,175,682,363,285,0.226,27.1,0.743,0.879,0,64.41,27
2/21/22,9:06:54,Ul3-1,307,175,682,354,420,0.133,23.5,0.743,0.927,0,55.86,27
2/21/22,9:07:24,Ul3-1,324,175,682,348,625,0.069,18.1,0.743,0.96,0,43.13,27
2/21/22,9:07:55,Ul3-1,328,175,682,348,820,0.057,19.6,0.743,0.96,0,46.74,27
2/21/22,9:08:24,Ul3-2,160,160,718,718,0,0.777,0,0.777,-,0,0,27
2/21/22,9:08:54,Ul3-2,253,160,718,517,66,0.511,14.2,0.777,0.389,0,33.73,27
2/21/22,9:09:24,Ul3-2,260,160,718,486,90,0.465,17.6,0.777,0.477,0,41.85,27
2/21/22,9:09:55,Ul3-2,279,160,718,470,125,0.406,21.3,0.777,0.528,0,50.75,27
2/21/22,9:10:25,Ul3-2,307,160,718,456,190,0.327,26.1,0.777,0.575,0,62.13,27
2/21/22,9:10:55,Ul3-2,338,160,718,445,285,0.24,28.7,0.777,0.613,0,68.4,27
2/21/22,9:11:25,Ul3-2,365,160,718,434,420,0.159,28,0.777,0.654,0,66.78,27
2/21/22,9:11:56,Ul3-2,386,160,718,420,625,0.081,21.3,0.777,0.71,0,50.62,27
2/21/22,9:12:26,Ul3-2,388,160,718,414,820,0.063,21.7,0.777,0.734,0,51.66,27
2/21/22,9:12:44,Ul3-3,165,165,363,363,0,0.545,0,0.545,-,0,0,27
2/21/22,9:13:15,Ul3-3,102,165,363,148,66,0.311,8.6,0.545,1.453,0,20.53,27
2/21/22,9:13:45,Ul3-3,95,165,363,132,90,0.28,10.6,0.545,1.75,0,25.2,27
2/21/22,9:14:15,Ul3-3,96,165,363,129,125,0.256,13.4,0.545,1.814,0,32,27
2/21/22,9:14:46,Ul3-3,98,165,363,127,190,0.228,18.2,0.545,1.858,0,43.32,27
2/21/22,9:15:16,Ul3-3,102,165,363,123,285,0.171,20.5,0.545,1.951,0,48.74,27
2/21/22,9:15:46,Ul3-3,104,165,363,119,420,0.126,22.2,0.545,2.05,0,52.92,27
2/21/22,9:16:17,Ul3-3,107,165,363,116,625,0.078,20.5,0.545,2.129,0,48.75,27
2/21/22,9:16:47,Ul3-3,109,165,363,119,820,0.084,28.9,0.545,2.05,0,68.88,27
2/21/22,9:17:35,Ul3-4,172,172,640,640,0,0.731,0,0.731,-,0,0,27
2/21/22,9:18:06,Ul3-4,248,172,640,478,66,0.481,13.3,0.731,0.339,0,31.75,27
2/21/22,9:18:36,Ul3-4,256,172,640,462,90,0.446,16.9,0.731,0.385,0,40.14,27
2/21/22,9:19:06,Ul3-4,268,172,640,452,125,0.407,21.4,0.731,0.416,0,50.88,27
2/21/22,9:19:36,Ul3-4,291,172,640,434,190,0.329,26.3,0.731,0.475,0,62.51,27
2/21/22,9:20:07,Ul3-4,315,172,640,418,285,0.246,29.4,0.731,0.531,0,70.11,27
2/21/22,9:20:37,Ul3-4,339,172,640,410,420,0.173,30.5,0.731,0.561,0,72.66,27
2/21/22,9:21:07,Ul3-4,356,172,640,396,625,0.101,26.5,0.731,0.616,0,63.13,27
2/21/22,9:21:38,Ul3-4,362,172,640,391,820,0.074,25.5,0.731,0.637,0,60.68,27
2/21/22,9:22:25,Ul4-1,191,191,775,775,0,0.754,0,0.754,-,0,0,27
2/21/22,9:22:55,Ul4-1,294,191,775,575,66,0.489,13.6,0.754,0.348,0,32.27,27
2/21/22,9:23:25,Ul4-1,299,191,775,534,90,0.44,16.6,0.754,0.451,0,39.6,27
2/21/22,9:23:55,Ul4-1,321,191,775,512,125,0.373,19.6,0.754,0.514,0,46.62,27
2/21/22,9:24:26,Ul4-1,349,191,775,490,190,0.288,23,0.754,0.582,0,54.72,27
2/21/22,9:24:56,Ul4-1,378,191,775,472,285,0.199,23.8,0.754,0.642,0,56.72,27
2/21/22,9:25:26,Ul4-1,400,191,775,460,420,0.13,22.9,0.754,0.685,0,54.6,27
2/21/22,9:25:57,Ul4-1,420,191,775,447,625,0.06,15.8,0.754,0.734,0,37.5,27
2/21/22,9:26:27,Ul4-1,423,191,775,444,820,0.047,16.2,0.754,0.745,0,38.54,27
2/21/22,9:27:12,Ul4-2,154,154,456,456,0,0.662,0,0.662,-,0,0,27
2/21/22,9:27:43,Ul4-2,148,154,456,257,66,0.424,11.8,0.662,0.774,0,27.98,27
2/21/22,9:28:13,Ul4-2,149,154,456,239,90,0.377,14.3,0.662,0.908,0,33.93,27
2/21/22,9:28:43,Ul4-2,163,154,456,233,125,0.3,15.8,0.662,0.957,0,37.5,27
2/21/22,9:29:13,Ul4-2,179,154,456,231,190,0.225,18,0.662,0.974,0,42.75,27
2/21/22,9:29:44,Ul4-2,196,154,456,230,285,0.148,17.7,0.662,0.983,0,42.18,27
2/21/22,9:30:14,Ul4-2,212,154,456,229,420,0.074,13.1,0.662,0.991,0,31.08,27
2/21/22,9:30:44,Ul4-2,223,154,456,227,625,0.018,4.7,0.662,1.009,0,11.25,27
2/21/22,9:31:15,Ul4-2,223,154,456,230,820,0.03,10.3,0.662,0.983,0,24.6,27
2/21/22,9:31:41,Ul4-3,159,159,599,599,0,0.735,0,0.735,-,0,0,27
2/21/22,9:32:12,Ul4-3,205,159,599,371,66,0.447,12.4,0.735,0.615,0,29.5,27
2/21/22,9:32:42,Ul4-3,205,159,599,344,90,0.404,15.3,0.735,0.741,0,36.36,27
2/21/22,9:33:12,Ul4-3,219,159,599,335,125,0.346,18.2,0.735,0.788,0,43.25,27
2/21/22,9:33:42,Ul4-3,237,159,599,325,190,0.271,21.6,0.735,0.843,0,51.49,27
2/21/22,9:34:13,Ul4-3,259,159,599,318,285,0.186,22.3,0.735,0.884,0,53.01,27
2/21/22,9:34:43,Ul4-3,274,159,599,311,420,0.119,21,0.735,0.926,0,49.98,27
2/21/22,9:35:13,Ul4-3,289,159,599,306,625,0.056,14.7,0.735,0.958,0,35,27
2/21/22,9:35:44,Ul4-3,291,159,599,301,820,0.033,11.4,0.735,0.99,0,27.06,27
2/21/22,9:36:25,Ul4-4,150,150,417,417,0,0.64,0,0.64,-,0,0,27
2/21/22,9:36:55,Ul4-4,120,150,417,188,66,0.362,10,0.64,1.218,0,23.89,27
2/21/22,9:37:25,Ul4-4,117,150,417,175,90,0.331,12.5,0.64,1.383,0,29.79,27
2/21/22,9:37:56,Ul4-4,124,150,417,170,125,0.271,14.2,0.64,1.453,0,33.88,27
2/21/22,9:38:26,Ul4-4,131,150,417,168,190,0.22,17.6,0.64,1.482,0,41.8,27
2/21/22,9:38:56,Ul4-4,138,150,417,166,285,0.169,20.2,0.64,1.512,0,48.17,27
2/21/22,9:39:27,Ul4-4,146,150,417,164,420,0.11,19.4,0.64,1.543,0,46.2,27
2/21/22,9:39:57,Ul4-4,155,150,417,163,625,0.049,12.9,0.64,1.558,0,30.62,27
2/21/22,9:40:27,Ul4-4,158,150,417,164,820,0.037,12.7,0.64,1.543,0,30.34,27
2/21/22,9:40:55,Ul5-1,161,161,612,612,0,0.737,0,0.737,-,0,0,30
2/21/22,9:41:25,Ul5-1,212,161,612,412,66,0.485,13.4,0.737,0.485,0,32.01,30
2/21/22,9:41:55,Ul5-1,217,161,612,387,90,0.439,16.6,0.737,0.581,0,39.51,30
2/21/22,9:42:26,Ul5-1,238,161,612,372,125,0.36,18.9,0.737,0.645,0,45,30
2/21/22,9:42:56,Ul5-1,260,161,612,358,190,0.274,21.9,0.737,0.709,0,52.06,30
2/21/22,9:43:26,Ul5-1,286,161,612,348,285,0.178,21.3,0.737,0.759,0,50.73,30
2/21/22,9:43:57,Ul5-1,305,161,612,340,420,0.103,18.2,0.737,0.8,0,43.26,30
2/21/22,9:44:27,Ul5-1,316,161,612,334,625,0.054,14.2,0.737,0.832,0,33.75,30
2/21/22,9:44:57,Ul5-1,318,161,612,326,820,0.025,8.6,0.737,0.877,0,20.5,30
2/21/22,9:46:00,Ul5-2,151,151,681,681,0,0.778,0,0.778,-,0,0,30
2/21/22,9:46:31,Ul5-2,223,151,681,439,66,0.492,13.6,0.778,0.551,0,32.47,30
2/21/22,9:47:01,Ul5-2,239,151,681,406,90,0.411,15.5,0.778,0.677,0,36.99,30
2/21/22,9:47:31,Ul5-2,267,151,681,393,125,0.321,16.9,0.778,0.733,0,40.12,30
2/21/22,9:48:02,Ul5-2,306,151,681,385,190,0.205,16.4,0.778,0.769,0,38.95,30
2/21/22,9:48:32,Ul5-2,334,151,681,380,285,0.121,14.5,0.778,0.792,0,34.48,30
2/21/22,9:49:02,Ul5-2,353,151,681,376,420,0.061,10.8,0.778,0.811,0,25.62,30
2/21/22,9:49:32,Ul5-2,364,151,681,366,625,0.005,1.3,0.778,0.861,0,3.12,30
2/21/22,9:50:03,Ul5-2,361,151,681,363,820,0.006,2.1,0.778,0.876,0,4.92,30
2/21/22,9:51:17,Ul5-3,221,221,900,900,0,0.754,0,0.754,-,0,0,30
2/21/22,9:51:47,Ul5-3,339,221,900,681,66,0.502,13.9,0.754,0.322,0,33.13,30
2/21/22,9:52:18,Ul5-3,356,221,900,651,90,0.453,17.1,0.754,0.382,0,40.77,30
2/21/22,9:52:48,Ul5-3,385,221,900,630,125,0.389,20.4,0.754,0.429,0,48.62,30
2/21/22,9:53:18,Ul5-3,423,221,900,609,190,0.305,24.3,0.754,0.478,0,57.95,30
2/21/22,9:53:48,Ul5-3,467,221,900,592,285,0.211,25.3,0.754,0.52,0,60.13,30
2/21/22,9:54:19,Ul5-3,504,221,900,576,420,0.125,22.1,0.754,0.563,0,52.5,30
2/21/22,9:54:49,Ul5-3,524,221,900,561,625,0.066,17.3,0.754,0.604,0,41.25,30
2/21/22,9:55:19,Ul5-3,524,221,900,547,820,0.042,14.5,0.754,0.645,0,34.44,30
2/21/22,9:55:55,Ul5-4,189,189,376,376,0,0.497,0,0.497,-,0,0,30
2/21/22,9:56:25,Ul5-4,130,189,376,175,66,0.257,7.1,0.497,1.149,0,16.96,30
2/21/22,9:56:55,Ul5-4,123,189,376,161,90,0.236,8.9,0.497,1.335,0,21.24,30
2/21/22,9:57:25,Ul5-4,126,189,376,158,125,0.203,10.7,0.497,1.38,0,25.38,30
2/21/22,9:57:56,Ul5-4,131,189,376,155,190,0.155,12.4,0.497,1.426,0,29.45,30
2/21/22,9:58:26,Ul5-4,138,189,376,154,285,0.104,12.4,0.497,1.442,0,29.64,30
2/21/22,9:58:56,Ul5-4,145,189,376,154,420,0.058,10.2,0.497,1.442,0,24.36,30
2/21/22,9:59:27,Ul5-4,149,189,376,153,625,0.026,6.8,0.497,1.458,0,16.25,30
2/21/22,9:59:57,Ul5-4,151,189,376,157,820,0.038,13.1,0.497,1.395,0,31.16,30
2/21/22,10:00:33,Ul6-1,133,133,464,464,0,0.713,0,0.713,-,0,0,30
2/21/22,10:01:03,Ul6-1,136,133,464,226,66,0.398,11,0.713,1.053,0,26.27,30
2/21/22,10:01:33,Ul6-1,135,133,464,217,90,0.378,14.3,0.713,1.138,0,34.02,30
2/21/22,10:02:04,Ul6-1,148,133,464,214,125,0.308,16.2,0.713,1.168,0,38.5,30
2/21/22,10:02:34,Ul6-1,164,133,464,211,190,0.223,17.8,0.713,1.199,0,42.37,30
2/21/22,10:03:04,Ul6-1,179,133,464,209,285,0.144,17.2,0.713,1.22,0,41.04,30
2/21/22,10:03:35,Ul6-1,192,133,464,209,420,0.081,14.3,0.713,1.22,0,34.02,30
2/21/22,10:04:05,Ul6-1,199,133,464,206,625,0.034,8.9,0.713,1.252,0,21.25,30
2/21/22,10:04:35,Ul6-1,200,133,464,207,820,0.034,11.7,0.713,1.242,0,27.88,30
2/21/22,10:04:58,Ul6-2,197,197,385,385,0,0.488,0,0.488,-,0,0,30
2/21/22,10:05:28,Ul6-2,149,197,385,198,66,0.247,6.8,0.488,0.944,0,16.3,30
2/21/22,10:05:59,Ul6-2,146,197,385,189,90,0.228,8.6,0.488,1.037,0,20.52,30
2/21/22,10:06:29,Ul6-2,147,197,385,185,125,0.205,10.8,0.488,1.081,0,25.62,30
2/21/22,10:06:59,Ul6-2,154,197,385,182,190,0.154,12.3,0.488,1.115,0,29.26,30
2/21/22,10:07:29,Ul6-2,160,197,385,181,285,0.116,13.9,0.488,1.127,0,33.06,30
2/21/22,10:08:00,Ul6-2,168,197,385,182,420,0.077,13.6,0.488,1.115,0,32.34,30
2/21/22,10:08:30,Ul6-2,173,197,385,179,625,0.034,8.9,0.488,1.151,0,21.25,30
2/21/22,10:09:00,Ul6-2,176,197,385,182,820,0.033,11.4,0.488,1.115,0,27.06,30
2/21/22,10:09:24,Ul6-3,148,148,422,422,0,0.649,0,0.649,-,0,0,30
2/21/22,10:09:54,Ul6-3,173,148,422,263,66,0.342,9.5,0.649,0.605,0,22.57,30
2/21/22,10:10:24,Ul6-3,174,148,422,252,90,0.31,11.7,0.649,0.675,0,27.9,30
2/21/22,10:10:55,Ul6-3,184,148,422,248,125,0.258,13.5,0.649,0.702,0,32.25,30
2/21/22,10:11:25,Ul6-3,198,148,422,243,190,0.185,14.8,0.649,0.737,0,35.15,30
2/21/22,10:11:55,Ul6-3,213,148,422,241,285,0.116,13.9,0.649,0.751,0,33.06,30
2/21/22,10:12:26,Ul6-3,225,148,422,240,420,0.063,11.1,0.649,0.758,0,26.46,30
2/21/22,10:12:56,Ul6-3,232,148,422,237,625,0.021,5.5,0.649,0.781,0,13.12,30
2/21/22,10:13:26,Ul6-3,234,148,422,237,820,0.013,4.5,0.649,0.781,0,10.66,30
2/21/22,10:14:04,Ul6-4,185,185,662,662,0,0.721,0,0.721,-,0,0,30
2/21/22,10:14:34,Ul6-4,214,185,662,364,66,0.412,11.4,0.721,0.819,0,27.19,30
2/21/22,10:15:04,Ul6-4,223,185,662,352,90,0.366,13.8,0.721,0.881,0,32.94,30
2/21/22,10:15:34,Ul6-4,249,185,662,350,125,0.289,15.2,0.721,0.891,0,36.12,30
2/21/22,10:16:05,Ul6-4,276,185,662,347,190,0.205,16.4,0.721,0.908,0,38.95,30
2/21/22,10:16:35,Ul6-4,299,185,662,343,285,0.128,15.3,0.721,0.93,0,36.48,30
2/21/22,10:17:05,Ul6-4,318,185,662,340,420,0.065,11.5,0.721,0.947,0,27.3,30
2/21/22,10:17:36,Ul6-4,327,185,662,333,625,0.018,4.7,0.721,0.988,0,11.25,30
2/21/22,10:18:06,Ul6-4,324,185,662,330,820,0.018,6.2,0.721,1.006,0,14.76,30
2/25/22,8:02:51,Ul2-1,182,182,627,627,0,0.71,0,0.71,-,0,0,20
2/25/22,8:03:21,Ul2-1,278,182,627,501,66,0.445,12.3,0.71,0.251,0,29.37,20
2/25/22,8:03:51,Ul2-1,295,182,627,462,90,0.361,13.6,0.71,0.357,0,32.49,20
2/25/22,8:04:22,Ul2-1,328,182,627,439,125,0.253,13.3,0.71,0.428,0,31.62,20
2/25/22,8:04:52,Ul2-1,360,182,627,425,190,0.153,12.2,0.71,0.475,0,29.07,20
2/25/22,8:05:22,Ul2-1,386,182,627,415,285,0.07,8.4,0.71,0.511,0,19.95,20
2/25/22,8:05:52,Ul2-1,397,182,627,404,420,0.017,3,0.71,0.552,0,7.14,20
2/25/22,8:06:23,Ul2-1,400,182,627,392,625,-0.02,-5.25,0.71,-,0,-12.5,20
2/25/22,8:06:53,Ul2-1,391,182,627,384,820,-0.018,-6.2,0.71,-,0,-14.76,20
2/25/22,8:07:30,Ul2-2,169,169,520,520,0,0.675,0,0.675,-,0,0,20
2/25/22,8:08:01,Ul2-2,197,169,520,319,66,0.382,10.6,0.675,0.63,0,25.21,20
2/25/22,8:08:31,Ul2-2,200,169,520,293,90,0.317,12,0.675,0.775,0,28.53,20
2/25/22,8:09:01,Ul2-2,214,169,520,286,125,0.252,13.2,0.675,0.818,0,31.5,20
2/25/22,8:09:32,Ul2-2,232,169,520,277,190,0.162,12.9,0.675,0.877,0,30.78,20
2/25/22,8:10:02,Ul2-2,240,169,520,268,285,0.104,12.4,0.675,0.94,0,29.64,20
2/25/22,8:10:32,Ul2-2,245,169,520,258,420,0.05,8.8,0.675,1.016,0,21,20
2/25/22,8:11:03,Ul2-2,242,169,520,247,625,0.02,5.3,0.675,1.105,0,12.5,20
2/25/22,8:11:33,Ul2-2,233,169,520,238,820,0.021,7.2,0.675,1.185,0,17.22,20
2/25/22,8:11:51,Ul2-3,164,164,553,553,0,0.703,0,0.703,-,0,0,20
2/25/22,8:12:21,Ul2-3,222,164,553,359,66,0.382,10.6,0.703,0.54,0,25.21,20
2/25/22,8:12:51,Ul2-3,238,164,553,342,90,0.304,11.5,0.703,0.617,0,27.36,20
2/25/22,8:13:22,Ul2-3,263,164,553,342,125,0.231,12.1,0.703,0.617,0,28.88,20
2/25/22,8:13:52,Ul2-3,289,164,553,334,190,0.135,10.8,0.703,0.656,0,25.65,20
2/25/22,8:14:22,Ul2-3,305,164,553,329,285,0.073,8.7,0.703,0.681,0,20.8,20
2/25/22,8:14:52,Ul2-3,311,164,553,321,420,0.031,5.5,0.703,0.723,0,13.02,20
2/25/22,8:15:23,Ul2-3,313,164,553,310,625,-0.01,-2.62,0.703,-,0,-6.25,20
2/25/22,8:15:53,Ul2-3,307,164,553,303,820,-0.013,-4.48,0.703,-,0,-10.66,20
2/25/22,8:16:37,Ul2-4,170,170,538,538,0,0.684,0,0.684,-,0,0,20
2/25/22,8:17:08,Ul2-4,210,170,538,327,66,0.358,9.9,0.684,0.645,0,23.63,20
2/25/22,8:17:38,Ul2-4,223,170,538,320,90,0.303,11.5,0.684,0.681,0,27.27,20
2/25/22,8:18:08,Ul2-4,252,170,538,326,125,0.227,11.9,0.684,0.65,0,28.38,20
2/25/22,8:18:38,Ul2-4,275,170,538,327,190,0.159,12.7,0.684,0.645,0,30.21,20
2/25/22,8:19:09,Ul2-4,293,170,538,323,285,0.093,11.1,0.684,0.666,0,26.5,20
2/25/22,8:19:39,Ul2-4,304,170,538,314,420,0.032,5.6,0.684,0.713,0,13.44,20
2/25/22,8:20:09,Ul2-4,304,170,538,308,625,0.013,3.4,0.684,0.747,0,8.12,20
2/25/22,8:20:40,Ul2-4,299,170,538,300,820,0.003,1,0.684,0.793,0,2.46,20
2/25/22,8:21:11,Ul3-1,218,218,835,835,0,0.739,0,0.739,-,0,0,27
2/25/22,8:21:41,Ul3-1,361,218,835,655,66,0.449,12.4,0.739,0.275,0,29.63,27
2/25/22,8:22:11,Ul3-1,387,218,835,630,90,0.386,14.6,0.739,0.325,0,34.74,27
2/25/22,8:22:42,Ul3-1,426,218,835,613,125,0.305,16,0.739,0.362,0,38.12,27
2/25/22,8:23:12,Ul3-1,469,218,835,603,190,0.222,17.7,0.739,0.385,0,42.18,27
2/25/22,8:23:42,Ul3-1,505,218,835,585,285,0.137,16.4,0.739,0.427,0,39.05,27
2/25/22,8:24:13,Ul3-1,528,218,835,572,420,0.077,13.6,0.739,0.46,0,32.34,27
2/25/22,8:24:43,Ul3-1,537,218,835,552,625,0.027,7.1,0.739,0.513,0,16.88,27
2/25/22,8:25:13,Ul3-1,525,218,835,533,820,0.015,5.2,0.739,0.567,0,12.3,27
2/25/22,8:30:31,Ul3-3,160,160,431,431,0,0.629,0,0.629,-,0,0,27
2/25/22,8:31:01,Ul3-3,163,160,431,247,66,0.34,9.4,0.629,0.745,0,22.44,27
2/25/22,8:31:31,Ul3-3,165,160,431,232,90,0.289,10.9,0.629,0.858,0,26.01,27
2/25/22,8:32:01,Ul3-3,185,160,431,242,125,0.236,12.4,0.629,0.781,0,29.5,27
2/25/22,8:32:32,Ul3-3,202,160,431,246,190,0.179,14.3,0.629,0.752,0,34.01,27
2/25/22,8:33:02,Ul3-3,214,160,431,245,285,0.127,15.2,0.629,0.759,0,36.2,27
2/25/22,8:33:32,Ul3-3,224,160,431,243,420,0.078,13.8,0.629,0.774,0,32.76,27
2/25/22,8:34:03,Ul3-3,228,160,431,235,625,0.03,7.9,0.629,0.834,0,18.75,27
2/25/22,8:34:33,Ul3-3,225,160,431,231,820,0.026,9,0.629,0.866,0,21.32,27
2/25/22,8:38:30,Ul3-4,201,201,765,765,0,0.737,0,0.737,-,0,0,27
2/25/22,8:39:00,Ul3-4,349,201,765,660,66,0.471,13.1,0.737,0.159,0,31.09,27
2/25/22,8:39:30,Ul3-4,376,201,765,607,90,0.381,14.4,0.737,0.26,0,34.29,27
2/25/22,8:40:00,Ul3-4,424,201,765,580,125,0.269,14.1,0.737,0.319,0,33.62,27
2/25/22,8:40:31,Ul3-4,476,201,765,563,190,0.155,12.4,0.737,0.359,0,29.45,27
2/25/22,8:41:01,Ul3-4,508,201,765,553,285,0.081,9.7,0.737,0.383,0,23.09,27
2/25/22,8:41:31,Ul3-4,523,201,765,542,420,0.035,6.2,0.737,0.411,0,14.7,27
2/25/22,8:42:02,Ul3-4,528,201,765,529,625,0.002,0.5,0.737,0.446,0,1.25,27
2/25/22,8:42:32,Ul3-4,520,201,765,518,820,-0.004,-1.38,0.737,-,0,-3.28,27
2/25/22,8:44:05,Ul4-1,257,257,941,941,0,0.727,0,0.727,-,0,0,27
2/25/22,8:44:35,Ul4-1,447,257,941,785,66,0.431,11.9,0.727,0.199,0,28.45,27
2/25/22,8:45:05,Ul4-1,482,257,941,755,90,0.362,13.7,0.727,0.246,0,32.58,27
2/25/22,8:45:36,Ul4-1,530,257,941,734,125,0.278,14.6,0.727,0.282,0,34.75,27
2/25/22,8:46:06,Ul4-1,578,257,941,714,190,0.19,15.2,0.727,0.318,0,36.1,27
2/25/22,8:46:36,Ul4-1,615,257,941,696,285,0.116,13.9,0.727,0.352,0,33.06,27
2/25/22,8:47:07,Ul4-1,637,257,941,677,420,0.059,10.4,0.727,0.39,0,24.78,27
2/25/22,8:47:37,Ul4-1,644,257,941,652,625,0.012,3.2,0.727,0.443,0,7.5,27
2/25/22,8:48:07,Ul4-1,627,257,941,633,820,0.009,3.1,0.727,0.487,0,7.38,27
2/25/22,8:48:40,Ul4-2,171,171,521,521,0,0.672,0,0.672,-,0,0,27
2/25/22,8:49:11,Ul4-2,270,171,521,405,66,0.333,9.2,0.672,0.286,0,21.98,27
2/25/22,8:49:41,Ul4-2,284,171,521,388,90,0.268,10.1,0.672,0.343,0,24.12,27
2/25/22,8:50:11,Ul4-2,313,171,521,390,125,0.197,10.3,0.672,0.336,0,24.62,27
2/25/22,8:50:41,Ul4-2,335,171,521,383,190,0.125,10,0.672,0.36,0,23.75,27
2/25/22,8:51:12,Ul4-2,351,171,521,375,285,0.064,7.7,0.672,0.389,0,18.24,27
2/25/22,8:51:42,Ul4-2,357,171,521,366,420,0.025,4.4,0.672,0.423,0,10.5,27
2/25/22,8:52:12,Ul4-2,357,171,521,353,625,-0.011,-2.89,0.672,-,0,-6.88,27
2/25/22,8:52:43,Ul4-2,347,171,521,339,820,-0.024,-8.27,0.672,-,0,-19.68,27
2/25/22,8:53:16,Ul4-3,191,191,713,713,0,0.732,0,0.732,-,0,0,27
2/25/22,8:53:47,Ul4-3,343,191,713,597,66,0.425,11.8,0.732,0.194,0,28.05,27
2/25/22,8:54:17,Ul4-3,355,191,713,562,90,0.368,13.9,0.732,0.269,0,33.12,27
2/25/22,8:54:47,Ul4-3,389,191,713,545,125,0.286,15,0.732,0.308,0,35.75,27
2/25/22,8:55:18,Ul4-3,425,191,713,528,190,0.195,15.6,0.732,0.35,0,37.05,27
2/25/22,8:55:48,Ul4-3,455,191,713,514,285,0.115,13.8,0.732,0.387,0,32.77,27
2/25/22,8:56:18,Ul4-3,470,191,713,501,420,0.062,10.9,0.732,0.423,0,26.04,27
2/25/22,8:56:49,Ul4-3,478,191,713,482,625,0.008,2.1,0.732,0.479,0,5,27
2/25/22,8:57:19,Ul4-3,468,191,713,464,820,-0.009,-3.1,0.732,-,0,-7.38,27
2/25/22,8:58:10,Ul4-4,202,202,536,536,0,0.623,0,0.623,-,0,0,27
2/25/22,8:58:40,Ul4-4,193,202,536,288,66,0.33,9.1,0.623,0.861,0,21.78,27
2/25/22,8:59:11,Ul4-4,199,202,536,278,90,0.284,10.7,0.623,0.928,0,25.56,27
2/25/22,8:59:41,Ul4-4,212,202,536,276,125,0.232,12.2,0.623,0.942,0,29,27
2/25/22,9:00:11,Ul4-4,222,202,536,269,190,0.175,14,0.623,0.993,0,33.25,27
2/25/22,9:00:42,Ul4-4,235,202,536,263,285,0.106,12.7,0.623,1.038,0,30.21,27
2/25/22,9:01:12,Ul4-4,243,202,536,261,420,0.069,12.2,0.623,1.054,0,28.98,27
2/25/22,9:01:42,Ul4-4,247,202,536,253,625,0.024,6.3,0.623,1.119,0,15,27
2/25/22,9:02:12,Ul4-4,243,202,536,249,820,0.024,8.3,0.623,1.153,0,19.68,27
2/25/22,9:03:03,Ul5-1,197,197,778,778,0,0.747,0,0.747,-,0,0,30
2/25/22,9:03:33,Ul5-1,420,197,778,722,66,0.418,11.6,0.747,0.078,0,27.59,30
2/25/22,9:04:03,Ul5-1,443,197,778,681,90,0.349,13.2,0.747,0.142,0,31.41,30
2/25/22,9:04:34,Ul5-1,489,197,778,648,125,0.245,12.9,0.747,0.201,0,30.62,30
2/25/22,9:05:04,Ul5-1,541,197,778,634,190,0.147,11.7,0.747,0.227,0,27.93,30
2/25/22,9:05:34,Ul5-1,585,197,778,625,285,0.064,7.7,0.747,0.245,0,18.24,30
2/25/22,9:06:05,Ul5-1,611,197,778,614,420,0.005,0.9,0.747,0.267,0,2.1,30
2/25/22,9:06:35,Ul5-1,622,197,778,601,625,-0.035,-9.19,0.747,-,0,-21.88,30
2/25/22,9:07:05,Ul5-1,610,197,778,589,820,-0.036,-12.4,0.747,-,0,-29.52,30
2/25/22,9:07:54,Ul5-2,163,163,660,660,0,0.753,0,0.753,-,0,0,30
2/25/22,9:08:24,Ul5-2,285,163,660,565,66,0.496,13.7,0.753,0.168,0,32.74,30
2/25/22,9:08:54,Ul5-2,320,163,660,529,90,0.395,14.9,0.753,0.248,0,35.55,30
2/25/22,9:09:25,Ul5-2,373,163,660,513,125,0.273,14.3,0.753,0.287,0,34.12,30
2/25/22,9:09:55,Ul5-2,413,163,660,496,190,0.167,13.3,0.753,0.331,0,31.73,30
2/25/22,9:10:25,Ul5-2,440,163,660,483,285,0.089,10.7,0.753,0.366,0,25.36,30
2/25/22,9:10:55,Ul5-2,453,163,660,470,420,0.036,6.4,0.753,0.404,0,15.12,30
2/25/22,9:11:26,Ul5-2,455,163,660,457,625,0.004,1.1,0.753,0.444,0,2.5,30
2/25/22,9:11:56,Ul5-2,447,163,660,443,820,-0.009,-3.1,0.753,-,0,-7.38,30
2/25/22,9:12:43,Ul5-3,208,208,835,835,0,0.751,0,0.751,-,0,0,30
2/25/22,9:13:14,Ul5-3,363,208,835,718,66,0.494,13.7,0.751,0.163,0,32.6,30
2/25/22,9:13:44,Ul5-3,383,208,835,679,90,0.436,16.5,0.751,0.23,0,39.24,30
2/25/22,9:14:14,Ul5-3,418,208,835,651,125,0.358,18.8,0.751,0.283,0,44.75,30
2/25/22,9:14:45,Ul5-3,463,208,835,628,190,0.263,21,0.751,0.33,0,49.97,30
2/25/22,9:15:15,Ul5-3,505,208,835,607,285,0.168,20.1,0.751,0.376,0,47.88,30
2/25/22,9:15:45,Ul5-3,531,208,835,589,420,0.098,17.3,0.751,0.418,0,41.16,30
2/25/22,9:16:16,Ul5-3,550,208,835,571,625,0.037,9.7,0.751,0.462,0,23.12,30
2/25/22,9:16:46,Ul5-3,544,208,835,558,820,0.025,8.6,0.751,0.496,0,20.5,30
2/25/22,9:22:28,Ul6-1,200,200,833,833,0,0.76,0,0.76,-,0,0,30
2/25/22,9:22:58,Ul6-1,389,200,833,730,66,0.467,12.9,0.76,0.141,0,30.82,30
2/25/22,9:23:29,Ul6-1,427,200,833,693,90,0.384,14.5,0.76,0.202,0,34.56,30
2/25/22,9:23:59,Ul6-1,481,200,833,669,125,0.281,14.8,0.76,0.245,0,35.12,30
2/25/22,9:24:29,Ul6-1,530,200,833,645,190,0.178,14.2,0.76,0.291,0,33.82,30
2/25/22,9:25:00,Ul6-1,567,200,833,627,285,0.096,11.5,0.76,0.329,0,27.36,30
2/25/22,9:25:30,Ul6-1,588,200,833,612,420,0.039,6.9,0.76,0.361,0,16.38,30
2/25/22,9:26:00,Ul6-1,592,200,833,587,625,-0.009,-2.36,0.76,-,0,-5.62,30
2/25/22,9:26:31,Ul6-1,575,200,833,571,820,-0.007,-2.41,0.76,-,0,-5.74,30
2/25/22,9:27:09,Ul6-2,165,165,621,621,0,0.734,0,0.734,-,0,0,30
2/25/22,9:27:40,Ul6-2,247,165,621,425,66,0.419,11.6,0.734,0.461,0,27.65,30
2/25/22,9:28:10,Ul6-2,269,165,621,409,90,0.342,12.9,0.734,0.518,0,30.78,30
2/25/22,9:28:40,Ul6-2,306,165,621,403,125,0.241,12.7,0.734,0.541,0,30.12,30
2/25/22,9:29:10,Ul6-2,338,165,621,399,190,0.153,12.2,0.734,0.556,0,29.07,30
2/25/22,9:29:41,Ul6-2,362,165,621,392,285,0.077,9.2,0.734,0.584,0,21.95,30
2/25/22,9:30:11,Ul6-2,373,165,621,385,420,0.031,5.5,0.734,0.613,0,13.02,30
2/25/22,9:30:41,Ul6-2,375,165,621,370,625,-0.014,-3.68,0.734,-,0,-8.75,30
2/25/22,9:31:12,Ul6-2,361,165,621,360,820,-0.003,-1.03,0.734,-,0,-2.46,30
2/25/22,9:33:19,Ul6-3,260,260,989,989,0,0.737,0,0.737,-,0,0,30
2/25/22,9:33:49,Ul6-3,444,260,989,803,66,0.447,12.4,0.737,0.232,0,29.5,30
2/25/22,9:34:19,Ul6-3,486,260,989,768,90,0.367,13.9,0.737,0.288,0,33.03,30
2/25/22,9:34:50,Ul6-3,537,260,989,738,125,0.272,14.3,0.737,0.34,0,34,30
2/25/22,9:35:20,Ul6-3,589,260,989,715,190,0.176,14,0.737,0.383,0,33.44,30
2/25/22,9:35:50,Ul6-3,623,260,989,692,285,0.1,12,0.737,0.429,0,28.5,30
2/25/22,9:36:21,Ul6-3,642,260,989,672,420,0.045,7.9,0.737,0.472,0,18.9,30
2/25/22,9:36:51,Ul6-3,646,260,989,650,625,0.006,1.6,0.737,0.522,0,3.75,30
2/25/22,9:37:21,Ul6-3,628,260,989,631,820,0.005,1.7,0.737,0.567,0,4.1,30
2/25/22,9:37:47,Ul6-4,110,110,375,375,0,0.707,0,0.707,-,0,0,30
2/25/22,9:38:18,Ul6-4,137,110,375,273,66,0.498,13.8,0.707,0.374,0,32.87,30
2/25/22,9:38:48,Ul6-4,146,110,375,265,90,0.449,17,0.707,0.415,0,40.41,30
2/25/22,9:39:18,Ul6-4,169,110,375,263,125,0.357,18.7,0.707,0.426,0,44.62,30
2/25/22,9:39:49,Ul6-4,191,110,375,259,190,0.263,21,0.707,0.448,0,49.97,30
2/25/22,9:40:19,Ul6-4,209,110,375,256,285,0.184,22,0.707,0.465,0,52.44,30
2/25/22,9:40:49,Ul6-4,224,110,375,252,420,0.111,19.6,0.707,0.488,0,46.62,30
2/25/22,9:41:20,Ul6-4,233,110,375,248,625,0.06,15.8,0.707,0.512,0,37.5,30
2/25/22,9:41:50,Ul6-4,233,110,375,245,820,0.049,16.9,0.707,0.531,0,40.18,30
2/25/22,9:42:19,Ul1-1,191,191,571,571,0,0.665,0,0.665,-,0,0,20
2/25/22,9:42:49,Ul1-1,218,191,571,338,66,0.355,9.8,0.665,0.689,0,23.43,20
2/25/22,9:43:19,Ul1-1,227,191,571,330,90,0.312,11.8,0.665,0.73,0,28.08,20
2/25/22,9:43:50,Ul1-1,248,191,571,329,125,0.246,12.9,0.665,0.736,0,30.75,20
2/25/22,9:44:20,Ul1-1,269,191,571,328,190,0.18,14.4,0.665,0.741,0,34.2,20
2/25/22,9:44:50,Ul1-1,287,191,571,325,285,0.117,14,0.665,0.757,0,33.34,20
2/25/22,9:45:21,Ul1-1,300,191,571,321,420,0.065,11.5,0.665,0.779,0,27.3,20
2/25/22,9:45:51,Ul1-1,310,191,571,314,625,0.013,3.4,0.665,0.818,0,8.12,20
2/25/22,9:46:21,Ul1-1,303,191,571,312,820,0.029,10,0.665,0.83,0,23.78,20
2/25/22,9:47:04,Ul1-2,191,191,644,644,0,0.703,0,0.703,-,0,0,20
2/25/22,9:47:34,Ul1-2,245,191,644,409,66,0.401,11.1,0.703,0.575,0,26.47,20
2/25/22,9:48:05,Ul1-2,253,191,644,387,90,0.346,13.1,0.703,0.664,0,31.14,20
2/25/22,9:48:35,Ul1-2,285,191,644,383,125,0.256,13.4,0.703,0.681,0,32,20
2/25/22,9:49:05,Ul1-2,321,191,644,377,190,0.149,11.9,0.703,0.708,0,28.31,20
2/25/22,9:49:35,Ul1-2,347,191,644,374,285,0.072,8.6,0.703,0.722,0,20.52,20
2/25/22,9:50:06,Ul1-2,361,191,644,370,420,0.024,4.2,0.703,0.741,0,10.08,20
2/25/22,9:50:36,Ul1-2,365,191,644,364,625,-0.003,-0.79,0.703,-,0,-1.88,20
2/25/22,9:51:06,Ul1-2,362,191,644,360,820,-0.006,-2.07,0.703,-,0,-4.92,20
2/25/22,9:51:32,Ul1-3,187,187,616,616,0,0.696,0,0.696,-,0,0,20
2/25/22,9:52:02,Ul1-3,258,187,616,450,66,0.427,11.8,0.696,0.369,0,28.18,20
2/25/22,9:52:32,Ul1-3,273,187,616,425,90,0.358,13.5,0.696,0.449,0,32.22,20
2/25/22,9:53:02,Ul1-3,309,187,616,414,125,0.254,13.3,0.696,0.488,0,31.75,20
2/25/22,9:53:33,Ul1-3,344,187,616,405,190,0.151,12,0.696,0.521,0,28.69,20
2/25/22,9:54:03,Ul1-3,371,187,616,402,285,0.077,9.2,0.696,0.532,0,21.95,20
2/25/22,9:54:33,Ul1-3,384,187,616,397,420,0.033,5.8,0.696,0.552,0,13.86,20
2/25/22,9:55:04,Ul1-3,391,187,616,390,625,-0.003,-0.79,0.696,-,0,-1.88,20
2/25/22,9:55:34,Ul1-3,388,187,616,387,820,-0.003,-1.03,0.696,-,0,-2.46,20
2/25/22,9:56:02,Ul1-4,189,189,497,497,0,0.62,0,0.62,-,0,0,20
2/25/22,9:56:32,Ul1-4,168,189,497,245,66,0.314,8.7,0.62,1.029,0,20.72,20
2/25/22,9:57:03,Ul1-4,175,189,497,239,90,0.268,10.1,0.62,1.079,0,24.12,20
2/25/22,9:57:33,Ul1-4,189,189,497,241,125,0.216,11.3,0.62,1.062,0,27,20
2/25/22,9:58:03,Ul1-4,205,189,497,240,190,0.146,11.7,0.62,1.071,0,27.74,20
2/25/22,9:58:34,Ul1-4,216,189,497,239,285,0.096,11.5,0.62,1.079,0,27.36,20
2/25/22,9:59:04,Ul1-4,223,189,497,235,420,0.051,9,0.62,1.115,0,21.42,20
2/25/22,9:59:34,Ul1-4,223,189,497,231,625,0.035,9.2,0.62,1.152,0,21.88,20
2/25/22,10:00:05,Ul1-4,224,189,497,228,820,0.018,6.2,0.62,1.18,0,14.76,20
2/25/22,10:09:52,Ul3-2,153,153,388,388,0,0.606,0,0.606,-,0,0,27
2/25/22,10:10:22,Ul3-2,187,153,388,352,66,0.469,13,0.606,0.102,0,30.95,27
2/25/22,10:10:52,Ul3-2,189,153,388,298,90,0.366,13.8,0.606,0.302,0,32.94,27
2/25/22,10:11:22,Ul3-2,201,153,388,284,125,0.292,15.3,0.606,0.366,0,36.5,27
2/25/22,10:11:53,Ul3-2,217,153,388,279,190,0.222,17.7,0.606,0.391,0,42.18,27
2/25/22,10:12:23,Ul3-2,233,153,388,274,285,0.15,18,0.606,0.416,0,42.75,27
2/25/22,10:12:53,Ul3-2,245,153,388,272,420,0.099,17.5,0.606,0.426,0,41.58,27
2/25/22,10:13:24,Ul3-2,256,153,388,268,625,0.045,11.8,0.606,0.448,0,28.12,27
2/25/22,10:13:54,Ul3-2,257,153,388,266,820,0.034,11.7,0.606,0.459,0,27.88,27
2/25/22,10:14:45,Ul5-4,182,182,431,431,0,0.578,0,0.578,-,0,0,30
2/25/22,10:15:15,Ul5-4,222,182,431,317,66,0.3,8.3,0.578,0.36,0,19.8,30
2/25/22,10:15:45,Ul5-4,233,182,431,303,90,0.231,8.7,0.578,0.422,0,20.79,30
2/25/22,10:16:16,Ul5-4,246,182,431,294,125,0.163,8.6,0.578,0.466,0,20.38,30
2/25/22,10:16:46,Ul5-4,257,182,431,287,190,0.105,8.4,0.578,0.502,0,19.95,30
2/25/22,10:17:16,Ul5-4,263,182,431,278,285,0.054,6.5,0.578,0.55,0,15.39,30
2/25/22,10:17:47,Ul5-4,268,182,431,272,420,0.015,2.6,0.578,0.585,0,6.3,30
2/25/22,10:18:17,Ul5-4,265,182,431,267,625,0.007,1.8,0.578,0.614,0,4.38,30
2/25/22,10:18:47,Ul5-4,260,182,431,259,820,-0.004,-1.38,0.578,-,0,-3.28,30
2/19/22,8:17:54,Ul4-1,167,167,675,675,0,0.753,0,0.753,-,0,0,27
2/19/22,8:18:24,Ul4-1,337,167,675,617,66,0.454,12.6,0.753,0.094,0,29.96,27
2/19/22,8:18:54,Ul4-1,329,167,675,563,90,0.416,15.7,0.753,0.199,0,37.44,27
2/19/22,8:19:24,Ul4-1,345,167,675,526,125,0.344,18.1,0.753,0.283,0,43,27
2/19/22,8:19:55,Ul4-1,371,167,675,499,190,0.257,20.5,0.753,0.353,0,48.83,27
2/19/22,8:20:25,Ul4-1,393,167,675,476,285,0.174,20.8,0.753,0.418,0,49.59,27
2/19/22,8:20:55,Ul4-1,408,167,675,456,420,0.105,18.5,0.753,0.48,0,44.1,27
2/19/22,8:21:26,Ul4-1,420,167,675,439,625,0.043,11.3,0.753,0.538,0,26.87,27
2/19/22,8:21:56,Ul4-1,411,167,675,423,820,0.028,9.6,0.753,0.596,0,22.96,27
2/19/22,8:23:25,Ul4-2,178,178,685,685,0,0.74,0,0.74,-,0,0,27
2/19/22,8:23:56,Ul4-2,343,178,685,607,66,0.435,12.1,0.74,0.129,0,28.71,27
2/19/22,8:24:26,Ul4-2,364,178,685,574,90,0.366,13.8,0.74,0.193,0,32.94,27
2/19/22,8:24:56,Ul4-2,397,178,685,547,125,0.274,14.4,0.74,0.252,0,34.25,27
2/19/22,8:25:27,Ul4-2,431,178,685,529,190,0.185,14.8,0.74,0.295,0,35.15,27
2/19/22,8:25:57,Ul4-2,463,178,685,511,285,0.094,11.3,0.74,0.341,0,26.79,27
2/19/22,8:26:27,Ul4-2,479,178,685,500,420,0.042,7.4,0.74,0.37,0,17.64,27
2/19/22,8:26:58,Ul4-2,486,178,685,483,625,-0.006,-1.57,0.74,-,0,-3.75,27
2/19/22,8:27:28,Ul4-2,474,178,685,467,820,-0.015,-5.17,0.74,-,0,-12.3,27
2/19/22,8:27:54,Ul4-3,213,213,809,809,0,0.737,0,0.737,-,0,0,27
2/19/22,8:28:24,Ul4-3,338,213,809,585,66,0.422,11.7,0.737,0.383,0,27.85,27
2/19/22,8:28:55,Ul4-3,366,213,809,569,90,0.357,13.5,0.737,0.422,0,32.13,27
2/19/22,8:29:25,Ul4-3,409,213,809,561,125,0.271,14.2,0.737,0.442,0,33.88,27
2/19/22,8:29:55,Ul4-3,452,213,809,554,190,0.184,14.7,0.737,0.46,0,34.96,27
2/19/22,8:30:25,Ul4-3,486,213,809,547,285,0.112,13.4,0.737,0.479,0,31.92,27
2/19/22,8:30:56,Ul4-3,508,213,809,535,420,0.05,8.8,0.737,0.512,0,21,27
2/19/22,8:31:26,Ul4-3,516,213,809,523,625,0.013,3.4,0.737,0.547,0,8.12,27
2/19/22,8:31:56,Ul4-3,509,213,809,513,820,0.008,2.8,0.737,0.577,0,6.56,27
2/19/22,8:32:28,Ul4-4,177,177,707,707,0,0.75,0,0.75,-,0,0,27
2/19/22,8:32:58,Ul4-4,298,177,707,530,66,0.438,12.1,0.75,0.334,0,28.91,27
2/19/22,8:33:28,Ul4-4,333,177,707,519,90,0.358,13.5,0.75,0.362,0,32.22,27
2/19/22,8:33:59,Ul4-4,379,177,707,514,125,0.263,13.8,0.75,0.375,0,32.88,27
2/19/22,8:34:29,Ul4-4,416,177,707,504,190,0.175,14,0.75,0.403,0,33.25,27
2/19/22,8:34:59,Ul4-4,445,177,707,493,285,0.097,11.6,0.75,0.434,0,27.64,27
2/19/22,8:35:29,Ul4-4,464,177,707,481,420,0.035,6.2,0.75,0.47,0,14.7,27
2/19/22,8:36:00,Ul4-4,468,177,707,468,625,0,0,0.75,0.511,0,0,27
2/19/22,8:36:30,Ul4-4,457,177,707,452,820,-0.011,-3.79,0.75,-,0,-9.02,27
2/19/22,8:37:15,Ul5-1,211,211,793,793,0,0.734,0,0.734,-,0,0,30
2/19/22,8:37:45,Ul5-1,329,211,793,580,66,0.433,12,0.734,0.367,0,28.58,30
2/19/22,8:38:16,Ul5-1,344,211,793,546,90,0.37,14,0.734,0.452,0,33.3,30
2/19/22,8:38:46,Ul5-1,376,211,793,531,125,0.292,15.3,0.734,0.493,0,36.5,30
2/19/22,8:39:16,Ul5-1,417,211,793,521,190,0.2,16,0.734,0.522,0,38,30
2/19/22,8:39:47,Ul5-1,454,211,793,515,285,0.118,14.1,0.734,0.54,0,33.63,30
2/19/22,8:40:17,Ul5-1,477,211,793,510,420,0.065,11.5,0.734,0.555,0,27.3,30
2/19/22,8:40:47,Ul5-1,490,211,793,500,625,0.02,5.3,0.734,0.586,0,12.5,30
2/19/22,8:41:17,Ul5-1,485,211,793,489,820,0.008,2.8,0.734,0.622,0,6.56,30
2/19/22,8:42:19,Ul5-2,168,168,656,656,0,0.744,0,0.744,-,0,0,30
2/19/22,8:42:49,Ul5-2,407,168,656,610,66,0.333,9.2,0.744,0.075,0,21.98,30
2/19/22,8:43:20,Ul5-2,428,168,656,575,90,0.256,9.7,0.744,0.141,0,23.04,30
2/19/22,8:43:50,Ul5-2,454,168,656,548,125,0.172,9,0.744,0.197,0,21.5,30
2/19/22,8:44:20,Ul5-2,470,168,656,527,190,0.108,8.6,0.744,0.245,0,20.52,30
2/19/22,8:44:50,Ul5-2,478,168,656,505,285,0.053,6.3,0.744,0.299,0,15.11,30
2/19/22,8:45:21,Ul5-2,477,168,656,480,420,0.006,1.1,0.744,0.367,0,2.52,30
2/19/22,8:45:51,Ul5-2,468,168,656,454,625,-0.031,-8.14,0.744,-,0,-19.38,30
2/19/22,8:46:21,Ul5-2,446,168,656,434,820,-0.028,-9.64,0.744,-,0,-22.96,30
2/19/22,8:46:42,Ul5-3,146,146,582,582,0,0.749,0,0.749,-,0,0,30
2/19/22,8:47:12,Ul5-3,290,146,582,517,66,0.439,12.2,0.749,0.126,0,28.97,30
2/19/22,8:47:42,Ul5-3,308,146,582,488,90,0.369,13.9,0.749,0.193,0,33.21,30
2/19/22,8:48:12,Ul5-3,337,146,582,469,125,0.281,14.8,0.749,0.241,0,35.12,30
2/19/22,8:48:43,Ul5-3,366,146,582,453,190,0.192,15.3,0.749,0.285,0,36.48,30
2/19/22,8:49:13,Ul5-3,386,146,582,437,285,0.117,14,0.749,0.332,0,33.34,30
2/19/22,8:49:43,Ul5-3,401,146,582,425,420,0.056,9.9,0.749,0.369,0,23.52,30
2/19/22,8:50:14,Ul5-3,404,146,582,408,625,0.01,2.6,0.749,0.426,0,6.25,30
2/19/22,8:50:44,Ul5-3,394,146,582,393,820,-0.003,-1.03,0.749,-,0,-2.46,30
2/19/22,8:51:30,Ul5-4,111,111,458,458,0,0.758,0,0.758,-,0,0,30
2/19/22,8:52:00,Ul5-4,247,111,458,410,66,0.398,11,0.758,0.117,0,26.27,30
2/19/22,8:52:31,Ul5-4,260,111,458,385,90,0.325,12.3,0.758,0.19,0,29.25,30
2/19/22,8:53:01,Ul5-4,278,111,458,367,125,0.243,12.8,0.758,0.248,0,30.38,30
2/19/22,8:53:31,Ul5-4,291,111,458,351,190,0.171,13.6,0.758,0.305,0,32.49,30
2/19/22,8:54:02,Ul5-4,300,111,458,336,285,0.107,12.8,0.758,0.363,0,30.5,30
2/19/22,8:54:32,Ul5-4,302,111,458,320,420,0.056,9.9,0.758,0.431,0,23.52,30
2/19/22,8:55:02,Ul5-4,300,111,458,308,625,0.026,6.8,0.758,0.487,0,16.25,30
2/19/22,8:55:32,Ul5-4,286,111,458,291,820,0.017,5.9,0.758,0.574,0,13.94,30
2/19/22,8:56:16,Ul6-1,142,142,649,649,0,0.781,0,0.781,-,0,0,30
2/19/22,8:56:47,Ul6-1,300,142,649,600,66,0.5,13.9,0.781,0.082,0,33,30
2/19/22,8:57:17,Ul6-1,323,142,649,571,90,0.434,16.4,0.781,0.137,0,39.06,30
2/19/22,8:57:47,Ul6-1,359,142,649,544,125,0.34,17.9,0.781,0.193,0,42.5,30
2/19/22,8:58:18,Ul6-1,397,142,649,523,190,0.241,19.2,0.781,0.241,0,45.79,30
2/19/22,8:58:48,Ul6-1,430,142,649,508,285,0.154,18.4,0.781,0.278,0,43.89,30
2/19/22,8:59:18,Ul6-1,451,142,649,496,420,0.091,16.1,0.781,0.308,0,38.22,30
2/19/22,8:59:49,Ul6-1,463,142,649,476,625,0.027,7.1,0.781,0.363,0,16.88,30
2/19/22,9:00:19,Ul6-1,455,142,649,462,820,0.015,5.2,0.781,0.405,0,12.3,30
2/19/22,9:00:44,Ul6-2,161,161,635,635,0,0.746,0,0.746,-,0,0,30
2/19/22,9:01:14,Ul6-2,309,161,635,534,66,0.421,11.7,0.746,0.189,0,27.79,30
2/19/22,9:01:45,Ul6-2,338,161,635,511,90,0.339,12.8,0.746,0.243,0,30.51,30
2/19/22,9:02:15,Ul6-2,374,161,635,499,125,0.251,13.2,0.746,0.273,0,31.38,30
2/19/22,9:02:45,Ul6-2,402,161,635,485,190,0.171,13.6,0.746,0.309,0,32.49,30
2/19/22,9:03:15,Ul6-2,420,161,635,468,285,0.103,12.3,0.746,0.357,0,29.35,30
2/19/22,9:03:46,Ul6-2,432,161,635,451,420,0.042,7.4,0.746,0.408,0,17.64,30
2/19/22,9:04:16,Ul6-2,432,161,635,432,625,0,0,0.746,0.47,0,0,30
2/19/22,9:04:46,Ul6-2,420,161,635,416,820,-0.01,-3.44,0.746,-,0,-8.2,30
2/19/22,9:05:18,Ul6-3,102,102,408,408,0,0.75,0,0.75,-,0,0,30
2/19/22,9:05:48,Ul6-3,246,102,408,384,66,0.359,10,0.75,0.063,0,23.69,30
2/19/22,9:06:19,Ul6-3,258,102,408,359,90,0.281,10.6,0.75,0.136,0,25.29,30
2/19/22,9:06:49,Ul6-3,269,102,408,337,125,0.202,10.6,0.75,0.211,0,25.25,30
2/19/22,9:07:19,Ul6-3,282,102,408,321,190,0.121,9.7,0.75,0.271,0,22.99,30
2/19/22,9:07:50,Ul6-3,287,102,408,304,285,0.056,6.7,0.75,0.342,0,15.96,30
2/19/22,9:08:20,Ul6-3,285,102,408,294,420,0.031,5.5,0.75,0.388,0,13.02,30
2/19/22,9:08:50,Ul6-3,283,102,408,275,625,-0.029,-7.61,0.75,-,0,-18.12,30
2/19/22,9:09:20,Ul6-3,270,102,408,265,820,-0.019,-6.54,0.75,-,0,-15.58,30
2/19/22,9:10:00,Ul6-4,176,176,880,880,0,0.8,0,0.8,-,0,0,30
2/19/22,9:10:31,Ul6-4,346,176,880,724,66,0.522,14.5,0.8,0.215,0,34.45,30
2/19/22,9:11:01,Ul6-4,394,176,880,692,90,0.431,16.3,0.8,0.272,0,38.79,30
2/19/22,9:11:31,Ul6-4,470,176,880,673,125,0.302,15.9,0.8,0.308,0,37.75,30
2/19/22,9:12:01,Ul6-4,541,176,880,657,190,0.177,14.1,0.8,0.339,0,33.63,30
2/19/22,9:12:32,Ul6-4,592,176,880,647,285,0.085,10.2,0.8,0.36,0,24.23,30
2/19/22,9:13:02,Ul6-4,617,176,880,635,420,0.028,4.9,0.8,0.386,0,11.76,30
2/19/22,9:13:32,Ul6-4,621,176,880,615,625,-0.01,-2.62,0.8,-,0,-6.25,30
2/19/22,9:14:03,Ul6-4,608,176,880,600,820,-0.013,-4.48,0.8,-,0,-10.66,30
2/19/22,9:14:53,Ul1-1,179,179,637,637,0,0.719,0,0.719,-,0,0,20
2/19/22,9:15:23,Ul1-1,260,179,637,462,66,0.437,12.1,0.719,0.379,0,28.84,20
2/19/22,9:15:54,Ul1-1,285,179,637,441,90,0.354,13.4,0.719,0.444,0,31.86,20
2/19/22,9:16:24,Ul1-1,337,179,637,434,125,0.224,11.8,0.719,0.468,0,28,20
2/19/22,9:16:54,Ul1-1,385,179,637,436,190,0.117,9.3,0.719,0.461,0,22.23,20
2/19/22,9:17:24,Ul1-1,408,179,637,428,285,0.047,5.6,0.719,0.488,0,13.39,20
2/19/22,9:17:55,Ul1-1,416,179,637,421,420,0.012,2.1,0.719,0.513,0,5.04,20
2/19/22,9:18:25,Ul1-1,416,179,637,411,625,-0.012,-3.15,0.719,-,0,-7.5,20
2/19/22,9:18:55,Ul1-1,410,179,637,405,820,-0.012,-4.13,0.719,-,0,-9.84,20
2/19/22,9:19:39,Ul1-2,206,206,656,656,0,0.686,0,0.686,-,0,0,20
2/19/22,9:20:09,Ul1-2,310,206,656,553,66,0.439,12.2,0.686,0.186,0,28.97,20
2/19/22,9:20:40,Ul1-2,332,206,656,513,90,0.353,13.3,0.686,0.279,0,31.77,20
2/19/22,9:21:10,Ul1-2,363,206,656,491,125,0.261,13.7,0.686,0.336,0,32.62,20
2/19/22,9:21:40,Ul1-2,396,206,656,479,190,0.173,13.8,0.686,0.37,0,32.87,20
2/19/22,9:22:11,Ul1-2,429,206,656,473,285,0.093,11.1,0.686,0.387,0,26.5,20
2/19/22,9:22:41,Ul1-2,450,206,656,469,420,0.041,7.2,0.686,0.399,0,17.22,20
2/19/22,9:23:11,Ul1-2,463,206,656,464,625,0.002,0.5,0.686,0.414,0,1.25,20
2/19/22,9:23:41,Ul1-2,462,206,656,459,820,-0.007,-2.41,0.686,-,0,-5.74,20
2/19/22,9:24:07,Ul1-3,186,186,659,659,0,0.718,0,0.718,-,0,0,20
2/19/22,9:24:37,Ul1-3,287,186,659,533,66,0.462,12.8,0.718,0.236,0,30.49,20
2/19/22,9:25:07,Ul1-3,311,186,659,511,90,0.391,14.8,0.718,0.29,0,35.19,20
2/19/22,9:25:38,Ul1-3,357,186,659,499,125,0.285,15,0.718,0.321,0,35.62,20
2/19/22,9:26:08,Ul1-3,397,186,659,490,190,0.19,15.2,0.718,0.345,0,36.1,20
2/19/22,9:26:38,Ul1-3,436,186,659,484,285,0.099,11.9,0.718,0.362,0,28.21,20
2/19/22,9:27:08,Ul1-3,455,186,659,472,420,0.036,6.4,0.718,0.396,0,15.12,20
2/19/22,9:27:39,Ul1-3,466,186,659,465,625,-0.002,-0.53,0.718,-,0,-1.25,20
2/19/22,9:28:09,Ul1-3,458,186,659,455,820,-0.007,-2.41,0.718,-,0,-5.74,20
2/19/22,9:28:42,Ul1-4,136,136,417,417,0,0.674,0,0.674,-,0,0,20
2/19/22,9:29:13,Ul1-4,241,136,417,372,66,0.352,9.8,0.674,0.121,0,23.23,20
2/19/22,9:29:43,Ul1-4,256,136,417,353,90,0.275,10.4,0.674,0.181,0,24.75,20
2/19/22,9:30:13,Ul1-4,272,136,417,336,125,0.19,10,0.674,0.241,0,23.75,20
2/19/22,9:30:44,Ul1-4,287,136,417,324,190,0.114,9.1,0.674,0.287,0,21.66,20
2/19/22,9:31:14,Ul1-4,295,136,417,314,285,0.061,7.3,0.674,0.328,0,17.38,20
2/19/22,9:31:44,Ul1-4,299,136,417,303,420,0.013,2.3,0.674,0.376,0,5.46,20
2/19/22,9:32:14,Ul1-4,292,136,417,286,625,-0.021,-5.51,0.674,-,0,-13.12,20
2/19/22,9:32:45,Ul1-4,281,136,417,278,820,-0.011,-3.79,0.674,-,0,-9.02,20
2/19/22,9:33:21,Ul2-1,244,244,1061,1061,0,0.77,0,0.77,-,0,0,20
2/19/22,9:33:52,Ul2-1,468,244,1061,907,66,0.484,13.4,0.77,0.17,0,31.94,20
2/19/22,9:34:22,Ul2-1,480,244,1061,867,90,0.446,16.9,0.77,0.224,0,40.14,20
2/19/22,9:34:52,Ul2-1,509,244,1061,839,125,0.393,20.6,0.77,0.265,0,49.12,20
2/19/22,9:35:22,Ul2-1,550,244,1061,808,190,0.319,25.5,0.77,0.313,0,60.61,20
2/19/22,9:35:53,Ul2-1,595,244,1061,778,285,0.235,28.1,0.77,0.364,0,66.97,20
2/19/22,9:36:23,Ul2-1,633,244,1061,752,420,0.158,27.9,0.77,0.411,0,66.36,20
2/19/22,9:36:53,Ul2-1,663,244,1061,723,625,0.083,21.8,0.77,0.467,0,51.88,20
2/19/22,9:37:24,Ul2-1,654,244,1061,697,820,0.062,21.4,0.77,0.522,0,50.84,20
2/19/22,9:37:59,Ul2-2,222,222,611,611,0,0.637,0,0.637,-,0,0,20
2/19/22,9:38:29,Ul2-2,329,222,611,527,66,0.376,10.4,0.637,0.159,0,24.82,20
2/19/22,9:39:00,Ul2-2,355,222,611,512,90,0.307,11.6,0.637,0.193,0,27.63,20
2/19/22,9:39:30,Ul2-2,390,222,611,505,125,0.228,12,0.637,0.21,0,28.5,20
2/19/22,9:40:00,Ul2-2,429,222,611,498,190,0.139,11.1,0.637,0.227,0,26.41,20
2/19/22,9:40:31,Ul2-2,459,222,611,495,285,0.073,8.7,0.637,0.234,0,20.8,20
2/19/22,9:41:01,Ul2-2,478,222,611,490,420,0.024,4.2,0.637,0.247,0,10.08,20
2/19/22,9:41:31,Ul2-2,489,222,611,487,625,-0.004,-1.05,0.637,-,0,-2.5,20
2/19/22,9:42:02,Ul2-2,484,222,611,479,820,-0.01,-3.44,0.637,-,0,-8.2,20
2/19/22,9:42:35,Ul2-3,175,175,667,667,0,0.738,0,0.738,-,0,0,20
2/19/22,9:43:05,Ul2-3,239,175,667,461,66,0.482,13.4,0.738,0.447,0,31.81,20
2/19/22,9:43:35,Ul2-3,249,175,667,435,90,0.428,16.2,0.738,0.533,0,38.52,20
2/19/22,9:44:06,Ul2-3,277,175,667,422,125,0.344,18.1,0.738,0.581,0,43,20
2/19/22,9:44:36,Ul2-3,313,175,667,413,190,0.242,19.3,0.738,0.615,0,45.98,20
2/19/22,9:45:06,Ul2-3,345,175,667,402,285,0.142,17,0.738,0.659,0,40.47,20
2/19/22,9:45:36,Ul2-3,366,175,667,395,420,0.073,12.9,0.738,0.689,0,30.66,20
2/19/22,9:46:07,Ul2-3,374,175,667,385,625,0.029,7.6,0.738,0.732,0,18.12,20
2/19/22,9:46:37,Ul2-3,371,175,667,380,820,0.024,8.3,0.738,0.755,0,19.68,20
2/19/22,9:47:10,Ul2-4,203,203,612,612,0,0.668,0,0.668,-,0,0,20
2/19/22,9:47:40,Ul2-4,257,203,612,403,66,0.362,10,0.668,0.519,0,23.89,20
2/19/22,9:48:10,Ul2-4,275,203,612,401,90,0.314,11.9,0.668,0.526,0,28.26,20
2/19/22,9:48:40,Ul2-4,306,203,612,399,125,0.233,12.2,0.668,0.534,0,29.12,20
2/19/22,9:49:11,Ul2-4,331,203,612,394,190,0.16,12.8,0.668,0.553,0,30.4,20
2/19/22,9:49:41,Ul2-4,351,203,612,387,285,0.093,11.1,0.668,0.581,0,26.5,20
2/19/22,9:50:11,Ul2-4,363,203,612,380,420,0.045,7.9,0.668,0.611,0,18.9,20
2/19/22,9:50:42,Ul2-4,369,203,612,370,625,0.003,0.8,0.668,0.654,0,1.88,20
2/19/22,9:51:12,Ul2-4,358,203,612,361,820,0.008,2.8,0.668,0.695,0,6.56,20
2/19/22,9:51:44,Ul3-1,200,200,762,762,0,0.738,0,0.738,-,0,0,27
2/19/22,9:52:15,Ul3-1,352,200,762,586,66,0.399,11.1,0.738,0.3,0,26.33,27
2/19/22,9:52:45,Ul3-1,386,200,762,563,90,0.314,11.9,0.738,0.353,0,28.26,27
2/19/22,9:53:15,Ul3-1,430,200,762,554,125,0.224,11.8,0.738,0.375,0,28,27
2/19/22,9:53:46,Ul3-1,471,200,762,543,190,0.133,10.6,0.738,0.403,0,25.27,27
2/19/22,9:54:16,Ul3-1,496,200,762,530,285,0.064,7.7,0.738,0.438,0,18.24,27
2/19/22,9:54:46,Ul3-1,506,200,762,516,420,0.019,3.4,0.738,0.477,0,7.98,27
2/19/22,9:55:16,Ul3-1,508,200,762,501,625,-0.014,-3.68,0.738,-,0,-8.75,27
2/19/22,9:55:47,Ul3-1,491,200,762,486,820,-0.01,-3.44,0.738,-,0,-8.2,27
2/19/22,9:56:29,Ul3-2,268,268,1120,1120,0,0.761,0,0.761,-,0,0,27
2/19/22,9:56:59,Ul3-2,479,268,1120,892,66,0.463,12.8,0.761,0.256,0,30.56,27
2/19/22,9:57:30,Ul3-2,510,268,1120,855,90,0.404,15.3,0.761,0.31,0,36.36,27
2/19/22,9:58:00,Ul3-2,567,268,1120,833,125,0.319,16.7,0.761,0.345,0,39.88,27
2/19/22,9:58:30,Ul3-2,630,268,1120,816,190,0.228,18.2,0.761,0.373,0,43.32,27
2/19/22,9:59:00,Ul3-2,684,268,1120,803,285,0.148,17.7,0.761,0.395,0,42.18,27
2/19/22,9:59:31,Ul3-2,720,268,1120,787,420,0.085,15,0.761,0.423,0,35.7,27
2/19/22,10:00:01,Ul3-2,738,268,1120,763,625,0.033,8.7,0.761,0.468,0,20.62,27
2/19/22,10:00:31,Ul3-2,724,268,1120,738,820,0.019,6.5,0.761,0.518,0,15.58,27
2/19/22,10:00:50,Ul3-3,207,207,807,807,0,0.743,0,0.743,-,0,0,27
2/19/22,10:01:20,Ul3-3,384,207,807,659,66,0.417,11.6,0.743,0.225,0,27.52,27
2/19/22,10:01:50,Ul3-3,430,207,807,626,90,0.313,11.8,0.743,0.289,0,28.17,27
2/19/22,10:02:21,Ul3-3,483,207,807,602,125,0.198,10.4,0.743,0.341,0,24.75,27
2/19/22,10:02:51,Ul3-3,521,207,807,587,190,0.112,8.9,0.743,0.375,0,21.28,27
2/19/22,10:03:21,Ul3-3,543,207,807,569,285,0.046,5.5,0.743,0.418,0,13.11,27
2/19/22,10:03:52,Ul3-3,551,207,807,556,420,0.009,1.6,0.743,0.451,0,3.78,27
2/19/22,10:04:22,Ul3-3,547,207,807,534,625,-0.024,-6.3,0.743,-,0,-15,27
2/19/22,10:04:52,Ul3-3,528,207,807,520,820,-0.015,-5.17,0.743,-,0,-12.3,27
2/19/22,10:05:17,Ul3-4,206,206,836,836,0,0.754,0,0.754,-,0,0,27
2/19/22,10:05:47,Ul3-4,342,206,836,639,66,0.465,12.9,0.754,0.308,0,30.69,27
2/19/22,10:06:17,Ul3-4,379,206,836,616,90,0.385,14.6,0.754,0.357,0,34.65,27
2/19/22,10:06:48,Ul3-4,427,206,836,603,125,0.292,15.3,0.754,0.386,0,36.5,27
2/19/22,10:07:18,Ul3-4,476,206,836,590,190,0.193,15.4,0.754,0.417,0,36.67,27
2/19/22,10:07:48,Ul3-4,515,206,836,576,285,0.106,12.7,0.754,0.451,0,30.21,27
2/19/22,10:08:19,Ul3-4,541,206,836,567,420,0.046,8.1,0.754,0.474,0,19.32,27
2/19/22,10:08:49,Ul3-4,550,206,836,550,625,0,0,0.754,0.52,0,0,27
2/19/22,10:09:19,Ul3-4,542,206,836,540,820,-0.004,-1.38,0.754,-,0,-3.28,27