"2022-07-26";"12:29:55";"WinControl (rev 1178) report file"
"Datetime";"Date";"Time";"Type";"No.";"1:F";"1:Fm'";"1:PAR";"1:Y (II)";"1:ETR";"1:Fo'";"1:NPQ";"1:Fo";"1:Fm";"1:Fv/Fm"
"";"";"";"D";"";"Device Nr: #1, JUNIOR-PAM-II (CFMG0360A) ";""
"2022-07-26 08:32:13.232";"2022-07-26";"08:32:13";"SLCS";"";"Light Curve start ";"hm4-1"
"2022-07-26 08:32:13.232";"2022-07-26";"08:32:13";"REG1";"";"#1: alpha: - , ETRm: - , Ik: -   ( beta: - 0.043, ETRmPot: 22.376 ) ";""
"2022-07-26 08:32:13.232";"2022-07-26";"08:32:13";"REG2";"";"#1: alpha: 0.129, ETRm: 486.034, Ik: 3769.109 ";""
"2022-07-26 08:32:14.891";"2022-07-26";"08:32:14";"FO";"1";"43";"127";"0";"0.661";"0.0";"-";"-";"43";"127";"0.661"
"2022-07-26 08:32:45.179";"2022-07-26";"08:32:45";"F";"2";"61";"117";"66";"0.479";"13.3";"42";"0.085";"43";"127";"0.661"
"2022-07-26 08:33:15.476";"2022-07-26";"08:33:15";"F";"3";"59";"121";"90";"0.512";"19.4";"42";"0.050";"43";"127";"0.661"
"2022-07-26 08:33:45.774";"2022-07-26";"08:33:45";"F";"4";"62";"106";"125";"0.415";"21.8";"40";"0.198";"43";"127";"0.661"
"2022-07-26 08:34:16.071";"2022-07-26";"08:34:16";"F";"5";"63";"107";"190";"0.411";"32.8";"40";"0.187";"43";"127";"0.661"
"2022-07-26 08:34:46.359";"2022-07-26";"08:34:46";"F";"6";"75";"100";"285";"0.250";"29.9";"39";"0.270";"43";"127";"0.661"
"2022-07-26 08:35:16.662";"2022-07-26";"08:35:16";"F";"7";"70";"105";"420";"0.333";"58.7";"40";"0.210";"43";"127";"0.661"
"2022-07-26 08:35:46.952";"2022-07-26";"08:35:46";"F";"8";"77";"104";"625";"0.260";"68.3";"40";"0.221";"43";"127";"0.661"
"2022-07-26 08:36:17.249";"2022-07-26";"08:36:17";"F";"9";"65";"95";"820";"0.316";"108.8";"39";"0.337";"43";"127";"0.661"
"2022-07-26 08:36:19.938";"2022-07-26";"08:36:19";"SLCE";"";"Light Curve end ";""
"2022-07-26 08:37:03.328";"2022-07-26";"08:37:03";"SLCS";"";"Light Curve start ";"hm4-2"
"2022-07-26 08:37:03.328";"2022-07-26";"08:37:03";"REG1";"";"#1: alpha: - , ETRm: - , Ik: -   ( beta: - 0.023, ETRmPot: 24.910 ) ";""
"2022-07-26 08:37:03.328";"2022-07-26";"08:37:03";"REG2";"";"#1: alpha: 0.169, ETRm: 47.592, Ik: 281.527 ";""
"2022-07-26 08:37:05.042";"2022-07-26";"08:37:05";"FO";"10";"81";"296";"0";"0.726";"0.0";"-";"-";"81";"296";"0.726"
"2022-07-26 08:37:35.336";"2022-07-26";"08:37:35";"F";"11";"81";"229";"66";"0.646";"17.9";"75";"0.293";"81";"296";"0.726"
"2022-07-26 08:38:05.637";"2022-07-26";"08:38:05";"F";"12";"98";"211";"90";"0.536";"20.3";"73";"0.403";"81";"296";"0.726"
"2022-07-26 08:38:35.928";"2022-07-26";"08:38:35";"F";"13";"107";"188";"125";"0.431";"22.6";"70";"0.574";"81";"296";"0.726"
"2022-07-26 08:39:06.222";"2022-07-26";"08:39:06";"F";"14";"108";"165";"190";"0.345";"27.5";"67";"0.794";"81";"296";"0.726"
"2022-07-26 08:39:36.515";"2022-07-26";"08:39:36";"F";"15";"119";"156";"285";"0.237";"28.4";"65";"0.897";"81";"296";"0.726"
"2022-07-26 08:40:06.810";"2022-07-26";"08:40:06";"F";"16";"114";"148";"420";"0.230";"40.6";"64";"1.000";"81";"296";"0.726"
"2022-07-26 08:40:37.114";"2022-07-26";"08:40:37";"F";"17";"123";"149";"625";"0.174";"45.7";"64";"0.987";"81";"296";"0.726"
"2022-07-26 08:41:07.404";"2022-07-26";"08:41:07";"F";"18";"123";"145";"820";"0.152";"52.3";"63";"1.041";"81";"296";"0.726"
"2022-07-26 08:41:10.190";"2022-07-26";"08:41:10";"SLCE";"";"Light Curve end ";""
"2022-07-26 08:42:56.506";"2022-07-26";"08:42:56";"SLCS";"";"Light Curve start ";"hm4-3"
"2022-07-26 08:42:56.506";"2022-07-26";"08:42:56";"REG1";"";"#1: alpha: - , ETRm: - , Ik: -   ( beta: - 0.022, ETRmPot: 23.592 ) ";""
"2022-07-26 08:42:56.506";"2022-07-26";"08:42:56";"REG2";"";"#1: alpha: 0.190, ETRm: 41.975, Ik: 220.584 ";""
"2022-07-26 08:42:58.185";"2022-07-26";"08:42:58";"FO";"19";"50";"209";"0";"0.761";"0.0";"-";"-";"50";"209";"0.761"
"2022-07-26 08:43:28.486";"2022-07-26";"08:43:28";"F";"20";"79";"150";"66";"0.473";"13.1";"46";"0.393";"50";"209";"0.761"
"2022-07-26 08:43:58.779";"2022-07-26";"08:43:58";"F";"21";"67";"148";"90";"0.547";"20.7";"46";"0.412";"50";"209";"0.761"
"2022-07-26 08:44:29.077";"2022-07-26";"08:44:29";"F";"22";"72";"128";"125";"0.438";"23.0";"43";"0.633";"50";"209";"0.761"
"2022-07-26 08:44:59.371";"2022-07-26";"08:44:59";"F";"23";"78";"119";"190";"0.345";"27.5";"42";"0.756";"50";"209";"0.761"
"2022-07-26 08:45:29.667";"2022-07-26";"08:45:29";"F";"24";"81";"113";"285";"0.283";"33.9";"42";"0.850";"50";"209";"0.761"
"2022-07-26 08:45:59.960";"2022-07-26";"08:45:59";"F";"25";"85";"107";"420";"0.206";"36.3";"41";"0.953";"50";"209";"0.761"
"2022-07-26 08:46:30.253";"2022-07-26";"08:46:30";"F";"26";"94";"107";"625";"0.121";"31.8";"41";"0.953";"50";"209";"0.761"
"2022-07-26 08:47:00.552";"2022-07-26";"08:47:00";"F";"27";"93";"111";"820";"0.162";"55.8";"41";"0.883";"50";"209";"0.761"
"2022-07-26 08:47:03.506";"2022-07-26";"08:47:03";"SLCE";"";"Light Curve end ";""
"2022-07-26 08:47:58.926";"2022-07-26";"08:47:58";"SLCS";"";"Light Curve start ";"hm4-4"
"2022-07-26 08:47:58.926";"2022-07-26";"08:47:58";"REG1";"";"#1: alpha: - , ETRm: - , Ik: -   ( beta: - 0.008, ETRmPot: 31.286 ) ";""
"2022-07-26 08:47:58.926";"2022-07-26";"08:47:58";"REG2";"";"#1: alpha: 0.174, ETRm: 36.231, Ik: 207.993 ";""
"2022-07-26 08:48:00.645";"2022-07-26";"08:48:00";"FO";"28";"82";"268";"0";"0.694";"0.0";"-";"-";"82";"268";"0.694"
"2022-07-26 08:48:30.933";"2022-07-26";"08:48:30";"F";"29";"88";"170";"66";"0.482";"13.4";"70";"0.576";"82";"268";"0.694"
"2022-07-26 08:49:01.232";"2022-07-26";"08:49:01";"F";"30";"88";"175";"90";"0.497";"18.8";"71";"0.531";"82";"268";"0.694"
"2022-07-26 08:49:31.529";"2022-07-26";"08:49:31";"F";"31";"101";"160";"125";"0.369";"19.4";"68";"0.675";"82";"268";"0.694"
"2022-07-26 08:50:01.825";"2022-07-26";"08:50:01";"F";"32";"102";"146";"190";"0.301";"24.0";"65";"0.836";"82";"268";"0.694"
"2022-07-26 08:50:32.113";"2022-07-26";"08:50:32";"F";"33";"106";"138";"285";"0.232";"27.8";"64";"0.942";"82";"268";"0.694"
"2022-07-26 08:51:02.412";"2022-07-26";"08:51:02";"F";"34";"106";"133";"420";"0.203";"35.8";"63";"1.015";"82";"268";"0.694"
"2022-07-26 08:51:32.710";"2022-07-26";"08:51:32";"F";"35";"117";"136";"625";"0.140";"36.8";"63";"0.971";"82";"268";"0.694"
"2022-07-26 08:52:02.999";"2022-07-26";"08:52:02";"F";"36";"114";"128";"820";"0.109";"37.5";"61";"1.094";"82";"268";"0.694"
"2022-07-26 08:52:05.708";"2022-07-26";"08:52:05";"SLCE";"";"Light Curve end ";""
"2022-07-26 08:53:03.626";"2022-07-26";"08:53:03";"SLCS";"";"Light Curve start ";"hul4-1"
"2022-07-26 08:53:03.626";"2022-07-26";"08:53:03";"REG1";"";"#1: Error: First 3 ETR-Values are not increasing ";""
"2022-07-26 08:53:03.626";"2022-07-26";"08:53:03";"REG2";"";"#1: Error: First 3 ETR-Values are not increasing ";""
"2022-07-26 08:53:05.290";"2022-07-26";"08:53:05";"FO";"37";"92";"312";"0";"0.705";"0.0";"-";"-";"92";"312";"0.705"
"2022-07-26 08:53:35.593";"2022-07-26";"08:53:35";"F";"38";"95";"197";"66";"0.518";"14.4";"78";"0.584";"92";"312";"0.705"
"2022-07-26 08:54:05.880";"2022-07-26";"08:54:05";"F";"39";"116";"182";"90";"0.363";"13.7";"76";"0.714";"92";"312";"0.705"
"2022-07-26 08:54:36.178";"2022-07-26";"08:54:36";"F";"40";"108";"172";"125";"0.372";"19.5";"74";"0.814";"92";"312";"0.705"
"2022-07-26 08:55:06.470";"2022-07-26";"08:55:06";"F";"41";"120";"165";"190";"0.273";"21.8";"73";"0.891";"92";"312";"0.705"
"2022-07-26 08:55:36.770";"2022-07-26";"08:55:36";"F";"42";"124";"156";"285";"0.205";"24.5";"71";"1.000";"92";"312";"0.705"
"2022-07-26 08:56:07.062";"2022-07-26";"08:56:07";"F";"43";"125";"156";"420";"0.199";"35.1";"71";"1.000";"92";"312";"0.705"
"2022-07-26 08:56:37.359";"2022-07-26";"08:56:37";"F";"44";"142";"158";"625";"0.101";"26.5";"71";"0.975";"92";"312";"0.705"
"2022-07-26 08:57:07.655";"2022-07-26";"08:57:07";"F";"45";"136";"149";"820";"0.087";"30.0";"70";"1.094";"92";"312";"0.705"
"2022-07-26 08:57:10.210";"2022-07-26";"08:57:10";"SLCE";"";"Light Curve end ";""
"2022-07-26 08:57:43.791";"2022-07-26";"08:57:43";"SLCS";"";"Light Curve start ";"hul4-2"
"2022-07-26 08:57:43.791";"2022-07-26";"08:57:43";"REG1";"";"#1: alpha: 0.244, ETRm: 38.197, Ik: 156.502   ( beta: 0.007, ETRmPot: 43.676 ) ";""
"2022-07-26 08:57:43.791";"2022-07-26";"08:57:43";"REG2";"";"#1: alpha: 0.200, ETRm: 37.386, Ik: 187.164 ";""
"2022-07-26 08:57:45.547";"2022-07-26";"08:57:45";"FO";"46";"67";"225";"0";"0.702";"0.0";"-";"-";"67";"225";"0.702"
"2022-07-26 08:58:15.841";"2022-07-26";"08:58:15";"F";"47";"82";"165";"66";"0.503";"13.9";"60";"0.364";"67";"225";"0.702"
"2022-07-26 08:58:46.139";"2022-07-26";"08:58:46";"F";"48";"81";"156";"90";"0.481";"18.2";"59";"0.442";"67";"225";"0.702"
"2022-07-26 08:59:16.434";"2022-07-26";"08:59:16";"F";"49";"80";"147";"125";"0.456";"23.9";"58";"0.531";"67";"225";"0.702"
"2022-07-26 08:59:46.734";"2022-07-26";"08:59:46";"F";"50";"86";"132";"190";"0.348";"27.8";"55";"0.705";"67";"225";"0.702"
"2022-07-26 09:00:17.028";"2022-07-26";"09:00:17";"F";"51";"91";"120";"285";"0.242";"29.0";"53";"0.875";"67";"225";"0.702"
"2022-07-26 09:00:47.318";"2022-07-26";"09:00:47";"F";"52";"100";"123";"420";"0.187";"33.0";"54";"0.829";"67";"225";"0.702"
"2022-07-26 09:01:17.614";"2022-07-26";"09:01:17";"F";"53";"98";"120";"625";"0.183";"48.0";"53";"0.875";"67";"225";"0.702"
"2022-07-26 09:01:47.917";"2022-07-26";"09:01:47";"F";"54";"103";"114";"820";"0.096";"33.1";"52";"0.974";"67";"225";"0.702"
"2022-07-26 09:01:50.699";"2022-07-26";"09:01:50";"SLCE";"";"Light Curve end ";""
"2022-07-26 09:02:23.707";"2022-07-26";"09:02:23";"SLCS";"";"Light Curve start ";"hul4-3"
"2022-07-26 09:02:23.707";"2022-07-26";"09:02:23";"REG1";"";"#1: alpha: - , ETRm: - , Ik: -   ( beta: - 0.025, ETRmPot: 18.932 ) ";""
"2022-07-26 09:02:23.707";"2022-07-26";"09:02:23";"REG2";"";"#1: alpha: 0.108, ETRm: 54.648, Ik: 504.571 ";""
"2022-07-26 09:02:25.403";"2022-07-26";"09:02:25";"FO";"55";"70";"246";"0";"0.715";"0.0";"-";"-";"70";"246";"0.715"
"2022-07-26 09:02:55.703";"2022-07-26";"09:02:55";"F";"56";"94";"158";"66";"0.405";"11.2";"60";"0.557";"70";"246";"0.715"
"2022-07-26 09:03:26.002";"2022-07-26";"09:03:26";"F";"57";"87";"141";"90";"0.383";"14.5";"58";"0.745";"70";"246";"0.715"
"2022-07-26 09:03:56.291";"2022-07-26";"09:03:56";"F";"58";"91";"138";"125";"0.341";"17.9";"57";"0.783";"70";"246";"0.715"
"2022-07-26 09:04:26.584";"2022-07-26";"09:04:26";"F";"59";"98";"131";"190";"0.252";"20.1";"56";"0.878";"70";"246";"0.715"
"2022-07-26 09:04:56.885";"2022-07-26";"09:04:56";"F";"60";"98";"124";"285";"0.210";"25.1";"55";"0.984";"70";"246";"0.715"
"2022-07-26 09:05:27.176";"2022-07-26";"09:05:27";"F";"61";"98";"124";"420";"0.210";"37.0";"55";"0.984";"70";"246";"0.715"
"2022-07-26 09:05:57.473";"2022-07-26";"09:05:57";"F";"62";"104";"122";"625";"0.148";"38.9";"54";"1.016";"70";"246";"0.715"
"2022-07-26 09:06:27.766";"2022-07-26";"09:06:27";"F";"63";"103";"123";"820";"0.163";"56.1";"54";"1.000";"70";"246";"0.715"
"2022-07-26 09:06:30.193";"2022-07-26";"09:06:30";"SLCE";"";"Light Curve end ";""
"2022-07-26 09:07:12.360";"2022-07-26";"09:07:12";"SLCS";"";"Light Curve start ";"hul4-4"
"2022-07-26 09:07:12.360";"2022-07-26";"09:07:12";"REG1";"";"#1: alpha: 0.175, ETRm: 50.545, Ik: 288.012   ( beta: 1.507, ETRmPot: 1248.152 ) ";""
"2022-07-26 09:07:12.360";"2022-07-26";"09:07:12";"REG2";"";"#1: alpha: 0.148, ETRm: 52.153, Ik: 351.945 ";""
"2022-07-26 09:07:14.162";"2022-07-26";"09:07:14";"FO";"64";"60";"226";"0";"0.735";"0.0";"-";"-";"60";"226";"0.735"
"2022-07-26 09:07:44.461";"2022-07-26";"09:07:44";"F";"65";"82";"143";"66";"0.427";"11.8";"52";"0.580";"60";"226";"0.735"
"2022-07-26 09:08:14.757";"2022-07-26";"09:08:14";"F";"66";"80";"129";"90";"0.380";"14.4";"50";"0.752";"60";"226";"0.735"
"2022-07-26 09:08:45.049";"2022-07-26";"09:08:45";"F";"67";"74";"125";"125";"0.408";"21.4";"49";"0.808";"60";"226";"0.735"
"2022-07-26 09:09:15.344";"2022-07-26";"09:09:15";"F";"68";"83";"117";"190";"0.291";"23.2";"48";"0.932";"60";"226";"0.735"
"2022-07-26 09:09:45.640";"2022-07-26";"09:09:45";"F";"69";"85";"111";"285";"0.234";"28.0";"47";"1.036";"60";"226";"0.735"
"2022-07-26 09:10:15.933";"2022-07-26";"09:10:15";"F";"70";"84";"116";"420";"0.276";"48.7";"48";"0.948";"60";"226";"0.735"
"2022-07-26 09:10:46.225";"2022-07-26";"09:10:46";"F";"71";"88";"110";"625";"0.200";"52.5";"47";"1.055";"60";"226";"0.735"
"2022-07-26 09:11:16.530";"2022-07-26";"09:11:16";"F";"72";"94";"109";"820";"0.138";"47.5";"47";"1.073";"60";"226";"0.735"
"2022-07-26 09:11:19.165";"2022-07-26";"09:11:19";"SLCE";"";"Light Curve end ";""
"2022-07-26 09:12:01.101";"2022-07-26";"09:12:01";"SLCS";"";"Light Curve start ";"hm5-1"
"2022-07-26 09:12:01.101";"2022-07-26";"09:12:01";"REG1";"";"#1: alpha: - , ETRm: - , Ik: -   ( beta: - 0.026, ETRmPot: 14.692 ) ";""
"2022-07-26 09:12:01.101";"2022-07-26";"09:12:01";"REG2";"";"#1: alpha: 0.093, ETRm: 72.371, Ik: 774.412 ";""
"2022-07-26 09:12:02.819";"2022-07-26";"09:12:02";"FO";"73";"58";"191";"0";"0.696";"0.0";"-";"-";"58";"191";"0.696"
"2022-07-26 09:12:33.111";"2022-07-26";"09:12:33";"F";"74";"83";"149";"66";"0.443";"12.3";"53";"0.282";"58";"191";"0.696"
"2022-07-26 09:13:03.409";"2022-07-26";"09:13:03";"F";"75";"77";"138";"90";"0.442";"16.7";"52";"0.384";"58";"191";"0.696"
"2022-07-26 09:13:33.701";"2022-07-26";"09:13:33";"F";"76";"81";"125";"125";"0.352";"18.5";"50";"0.528";"58";"191";"0.696"
"2022-07-26 09:14:03.999";"2022-07-26";"09:14:03";"F";"77";"88";"121";"190";"0.273";"21.8";"49";"0.579";"58";"191";"0.696"
"2022-07-26 09:14:34.295";"2022-07-26";"09:14:34";"F";"78";"91";"112";"285";"0.188";"22.5";"48";"0.705";"58";"191";"0.696"
"2022-07-26 09:15:04.587";"2022-07-26";"09:15:04";"F";"79";"87";"112";"420";"0.223";"39.3";"48";"0.705";"58";"191";"0.696"
"2022-07-26 09:15:34.887";"2022-07-26";"09:15:34";"F";"80";"99";"112";"625";"0.116";"30.5";"48";"0.705";"58";"191";"0.696"
"2022-07-26 09:16:05.180";"2022-07-26";"09:16:05";"F";"81";"96";"119";"820";"0.193";"66.5";"49";"0.605";"58";"191";"0.696"
"2022-07-26 09:16:07.920";"2022-07-26";"09:16:07";"SLCE";"";"Light Curve end ";""
"2022-07-26 09:16:19.476";"2022-07-26";"09:16:19";"SLCS";"";"Light Curve start ";"hm5-2"
"2022-07-26 09:16:19.476";"2022-07-26";"09:16:19";"REG1";"";"#1: Error: First 3 ETR-Values are not increasing ";""
"2022-07-26 09:16:19.476";"2022-07-26";"09:16:19";"REG2";"";"#1: Error: First 3 ETR-Values are not increasing ";""
"2022-07-26 09:16:21.176";"2022-07-26";"09:16:21";"FO";"82";"83";"243";"0";"0.658";"0.0";"-";"-";"83";"243";"0.658"
"2022-07-26 09:16:51.478";"2022-07-26";"09:16:51";"F";"83";"86";"163";"66";"0.472";"13.1";"71";"0.491";"83";"243";"0.658"
"2022-07-26 09:17:21.772";"2022-07-26";"09:17:21";"F";"84";"106";"151";"90";"0.298";"11.3";"69";"0.609";"83";"243";"0.658"
"2022-07-26 09:17:52.065";"2022-07-26";"09:17:52";"F";"85";"107";"147";"125";"0.272";"14.3";"68";"0.653";"83";"243";"0.658"
"2022-07-26 09:18:22.356";"2022-07-26";"09:18:22";"F";"86";"104";"135";"190";"0.230";"18.4";"65";"0.800";"83";"243";"0.658"
"2022-07-26 09:18:52.659";"2022-07-26";"09:18:52";"F";"87";"113";"132";"285";"0.144";"17.2";"64";"0.841";"83";"243";"0.658"
"2022-07-26 09:19:22.945";"2022-07-26";"09:19:22";"F";"88";"115";"137";"420";"0.161";"28.4";"66";"0.774";"83";"243";"0.658"
"2022-07-26 09:19:53.246";"2022-07-26";"09:19:53";"F";"89";"109";"129";"625";"0.155";"40.7";"64";"0.884";"83";"243";"0.658"
"2022-07-26 09:20:23.540";"2022-07-26";"09:20:23";"F";"90";"121";"132";"820";"0.083";"28.6";"64";"0.841";"83";"243";"0.658"
"2022-07-26 09:20:26.206";"2022-07-26";"09:20:26";"SLCE";"";"Light Curve end ";""
"2022-07-26 09:21:03.256";"2022-07-26";"09:21:03";"SLCS";"";"Light Curve start ";"hm5-3"
"2022-07-26 09:21:03.256";"2022-07-26";"09:21:03";"REG1";"";"#1: alpha: - , ETRm: - , Ik: -   ( beta: - 0.016, ETRmPot: 23.983 ) ";""
"2022-07-26 09:21:03.256";"2022-07-26";"09:21:03";"REG2";"";"#1: alpha: 0.169, ETRm: 36.661, Ik: 216.721 ";""
"2022-07-26 09:21:04.934";"2022-07-26";"09:21:04";"FO";"91";"71";"231";"0";"0.693";"0.0";"-";"-";"71";"231";"0.693"
"2022-07-26 09:21:35.235";"2022-07-26";"09:21:35";"F";"92";"82";"160";"66";"0.488";"13.5";"62";"0.444";"71";"231";"0.693"
"2022-07-26 09:22:05.524";"2022-07-26";"09:22:05";"F";"93";"86";"152";"90";"0.434";"16.4";"61";"0.520";"71";"231";"0.693"
"2022-07-26 09:22:35.821";"2022-07-26";"09:22:35";"F";"94";"89";"138";"125";"0.355";"18.6";"59";"0.674";"71";"231";"0.693"
"2022-07-26 09:23:06.113";"2022-07-26";"09:23:06";"F";"95";"86";"130";"190";"0.338";"27.0";"57";"0.777";"71";"231";"0.693"
"2022-07-26 09:23:36.413";"2022-07-26";"09:23:36";"F";"96";"91";"123";"285";"0.260";"31.1";"56";"0.878";"71";"231";"0.693"
"2022-07-26 09:24:06.707";"2022-07-26";"09:24:06";"F";"97";"98";"113";"420";"0.133";"23.5";"54";"1.044";"71";"231";"0.693"
"2022-07-26 09:24:37.001";"2022-07-26";"09:24:37";"F";"98";"92";"110";"625";"0.164";"43.1";"53";"1.100";"71";"231";"0.693"
"2022-07-26 09:25:07.294";"2022-07-26";"09:25:07";"F";"99";"108";"122";"820";"0.115";"39.6";"56";"0.893";"71";"231";"0.693"
"2022-07-26 09:25:10.241";"2022-07-26";"09:25:10";"SLCE";"";"Light Curve end ";""
"2022-07-26 09:25:51.998";"2022-07-26";"09:25:51";"SLCS";"";"Light Curve start ";"hm5-4"
"2022-07-26 09:25:51.998";"2022-07-26";"09:25:51";"REG1";"";"#1: alpha: - , ETRm: - , Ik: -   ( beta: - 0.024, ETRmPot: 15.069 ) ";""
"2022-07-26 09:25:51.998";"2022-07-26";"09:25:51";"REG2";"";"#1: alpha: 0.099, ETRm: 53.935, Ik: 546.405 ";""
"2022-07-26 09:25:53.689";"2022-07-26";"09:25:53";"FO";"100";"88";"241";"0";"0.635";"0.0";"-";"-";"88";"241";"0.635"
"2022-07-26 09:26:23.989";"2022-07-26";"09:26:23";"F";"101";"85";"176";"66";"0.517";"14.3";"78";"0.369";"88";"241";"0.635"
"2022-07-26 09:26:54.282";"2022-07-26";"09:26:54";"F";"102";"85";"172";"90";"0.506";"19.1";"77";"0.401";"88";"241";"0.635"
"2022-07-26 09:27:24.575";"2022-07-26";"09:27:24";"F";"103";"88";"146";"125";"0.397";"20.8";"71";"0.651";"88";"241";"0.635"
"2022-07-26 09:27:54.872";"2022-07-26";"09:27:54";"F";"104";"92";"129";"190";"0.287";"22.9";"67";"0.868";"88";"241";"0.635"
"2022-07-26 09:28:25.162";"2022-07-26";"09:28:25";"F";"105";"96";"124";"285";"0.226";"27.1";"65";"0.944";"88";"241";"0.635"
"2022-07-26 09:28:55.466";"2022-07-26";"09:28:55";"F";"106";"107";"122";"420";"0.123";"21.7";"65";"0.975";"88";"241";"0.635"
"2022-07-26 09:29:25.754";"2022-07-26";"09:29:25";"F";"107";"101";"117";"625";"0.137";"36.0";"63";"1.060";"88";"241";"0.635"
"2022-07-26 09:29:56.052";"2022-07-26";"09:29:56";"F";"108";"99";"119";"820";"0.168";"57.9";"64";"1.025";"88";"241";"0.635"
"2022-07-26 09:29:59.084";"2022-07-26";"09:29:59";"SLCE";"";"Light Curve end ";""
"2022-07-26 09:30:13.281";"2022-07-26";"09:30:13";"SLCS";"";"Light Curve start ";"hul5-1"
"2022-07-26 09:30:13.281";"2022-07-26";"09:30:13";"REG1";"";"#1: Error: First 3 ETR-Values are not increasing ";""
"2022-07-26 09:30:13.281";"2022-07-26";"09:30:13";"REG2";"";"#1: Error: First 3 ETR-Values are not increasing ";""
"2022-07-26 09:30:14.947";"2022-07-26";"09:30:14";"FO";"109";"83";"284";"0";"0.708";"0.0";"-";"-";"83";"284";"0.708"
"2022-07-26 09:30:45.242";"2022-07-26";"09:30:45";"F";"110";"113";"193";"66";"0.415";"11.5";"73";"0.472";"83";"284";"0.708"
"2022-07-26 09:31:15.535";"2022-07-26";"09:31:15";"F";"111";"126";"179";"90";"0.296";"11.2";"71";"0.587";"83";"284";"0.708"
"2022-07-26 09:31:45.831";"2022-07-26";"09:31:45";"F";"112";"121";"171";"125";"0.292";"15.3";"70";"0.661";"83";"284";"0.708"
"2022-07-26 09:32:16.131";"2022-07-26";"09:32:16";"F";"113";"125";"167";"190";"0.251";"20.0";"69";"0.701";"83";"284";"0.708"
"2022-07-26 09:32:46.422";"2022-07-26";"09:32:46";"F";"114";"120";"153";"285";"0.216";"25.9";"66";"0.856";"83";"284";"0.708"
"2022-07-26 09:33:16.720";"2022-07-26";"09:33:16";"F";"115";"128";"153";"420";"0.163";"28.8";"66";"0.856";"83";"284";"0.708"
"2022-07-26 09:33:47.020";"2022-07-26";"09:33:47";"F";"116";"141";"152";"625";"0.072";"18.9";"66";"0.868";"83";"284";"0.708"
"2022-07-26 09:34:17.313";"2022-07-26";"09:34:17";"F";"117";"140";"158";"820";"0.114";"39.3";"67";"0.797";"83";"284";"0.708"
"2022-07-26 09:34:19.978";"2022-07-26";"09:34:19";"SLCE";"";"Light Curve end ";""
"2022-07-26 09:35:07.624";"2022-07-26";"09:35:07";"SLCS";"";"Light Curve start ";"hul5-2"
"2022-07-26 09:35:07.624";"2022-07-26";"09:35:07";"REG1";"";"#1: alpha: - , ETRm: - , Ik: -   ( beta: - 0.015, ETRmPot: 25.651 ) ";""
"2022-07-26 09:35:07.624";"2022-07-26";"09:35:07";"REG2";"";"#1: alpha: 0.203, ETRm: 35.798, Ik: 176.449 ";""
"2022-07-26 09:35:09.303";"2022-07-26";"09:35:09";"FO";"118";"77";"291";"0";"0.735";"0.0";"-";"-";"77";"291";"0.735"
"2022-07-26 09:35:39.597";"2022-07-26";"09:35:39";"F";"119";"102";"207";"66";"0.507";"14.1";"70";"0.406";"77";"291";"0.735"
"2022-07-26 09:36:09.895";"2022-07-26";"09:36:09";"F";"120";"91";"196";"90";"0.536";"20.3";"68";"0.485";"77";"291";"0.735"
"2022-07-26 09:36:40.190";"2022-07-26";"09:36:40";"F";"121";"111";"178";"125";"0.376";"19.7";"66";"0.635";"77";"291";"0.735"
"2022-07-26 09:37:10.490";"2022-07-26";"09:37:10";"F";"122";"108";"166";"190";"0.349";"27.9";"64";"0.753";"77";"291";"0.735"
"2022-07-26 09:37:40.781";"2022-07-26";"09:37:40";"F";"123";"113";"156";"285";"0.276";"33.0";"63";"0.865";"77";"291";"0.735"
"2022-07-26 09:38:11.078";"2022-07-26";"09:38:11";"F";"124";"126";"148";"420";"0.149";"26.3";"61";"0.966";"77";"291";"0.735"
"2022-07-26 09:38:41.366";"2022-07-26";"09:38:41";"F";"125";"129";"152";"625";"0.151";"39.6";"62";"0.914";"77";"291";"0.735"
"2022-07-26 09:39:11.665";"2022-07-26";"09:39:11";"F";"126";"128";"145";"820";"0.117";"40.3";"61";"1.007";"77";"291";"0.735"
"2022-07-26 09:39:14.690";"2022-07-26";"09:39:14";"SLCE";"";"Light Curve end ";""
"2022-07-26 09:40:47.942";"2022-07-26";"09:40:47";"SLCS";"";"Light Curve start ";"hul5-3"
"2022-07-26 09:40:47.942";"2022-07-26";"09:40:47";"REG1";"";"#1: alpha: - , ETRm: - , Ik: -   ( beta: - 0.022, ETRmPot: 18.583 ) ";""
"2022-07-26 09:40:47.942";"2022-07-26";"09:40:47";"REG2";"";"#1: alpha: 0.110, ETRm: 45.974, Ik: 418.960 ";""
"2022-07-26 09:40:49.653";"2022-07-26";"09:40:49";"FO";"127";"76";"230";"0";"0.670";"0.0";"-";"-";"76";"230";"0.670"
"2022-07-26 09:41:19.950";"2022-07-26";"09:41:19";"F";"128";"120";"182";"66";"0.341";"9.5";"70";"0.264";"76";"230";"0.670"
"2022-07-26 09:41:50.243";"2022-07-26";"09:41:50";"F";"129";"101";"165";"90";"0.388";"14.7";"67";"0.394";"76";"230";"0.670"
"2022-07-26 09:42:20.535";"2022-07-26";"09:42:20";"F";"130";"106";"158";"125";"0.329";"17.3";"66";"0.456";"76";"230";"0.670"
"2022-07-26 09:42:50.837";"2022-07-26";"09:42:50";"F";"131";"108";"150";"190";"0.280";"22.3";"65";"0.533";"76";"230";"0.670"
"2022-07-26 09:43:21.125";"2022-07-26";"09:43:21";"F";"132";"116";"142";"285";"0.183";"21.9";"63";"0.620";"76";"230";"0.670"
"2022-07-26 09:43:51.419";"2022-07-26";"09:43:51";"F";"133";"113";"140";"420";"0.193";"34.0";"63";"0.643";"76";"230";"0.670"
"2022-07-26 09:44:21.719";"2022-07-26";"09:44:21";"F";"134";"120";"139";"625";"0.137";"36.0";"62";"0.655";"76";"230";"0.670"
"2022-07-26 09:44:52.009";"2022-07-26";"09:44:52";"F";"135";"119";"139";"820";"0.144";"49.6";"62";"0.655";"76";"230";"0.670"
"2022-07-26 09:44:54.608";"2022-07-26";"09:44:54";"SLCE";"";"Light Curve end ";""
"2022-07-26 09:45:16.105";"2022-07-26";"09:45:16";"SLCS";"";"Light Curve start ";"hul5-4"
"2022-07-26 09:45:16.105";"2022-07-26";"09:45:16";"REG1";"";"#1: alpha: 0.284, ETRm: 33.832, Ik: 119.215   ( beta: 0.071, ETRmPot: 63.106 ) ";""
"2022-07-26 09:45:16.105";"2022-07-26";"09:45:16";"REG2";"";"#1: alpha: 0.252, ETRm: 30.551, Ik: 121.199 ";""
"2022-07-26 09:45:17.814";"2022-07-26";"09:45:17";"FO";"136";"65";"228";"0";"0.715";"0.0";"-";"-";"65";"228";"0.715"
"2022-07-26 09:45:48.103";"2022-07-26";"09:45:48";"F";"137";"89";"177";"66";"0.497";"13.8";"60";"0.288";"65";"228";"0.715"
"2022-07-26 09:46:18.401";"2022-07-26";"09:46:18";"F";"138";"85";"167";"90";"0.491";"18.6";"59";"0.365";"65";"228";"0.715"
"2022-07-26 09:46:48.694";"2022-07-26";"09:46:48";"F";"139";"88";"159";"125";"0.447";"23.5";"58";"0.434";"65";"228";"0.715"
"2022-07-26 09:47:18.990";"2022-07-26";"09:47:18";"F";"140";"89";"145";"190";"0.386";"30.8";"56";"0.572";"65";"228";"0.715"
"2022-07-26 09:47:49.288";"2022-07-26";"09:47:49";"F";"141";"97";"132";"285";"0.265";"31.7";"54";"0.727";"65";"228";"0.715"
"2022-07-26 09:48:19.585";"2022-07-26";"09:48:19";"F";"142";"101";"128";"420";"0.211";"37.2";"53";"0.781";"65";"228";"0.715"
"2022-07-26 09:48:49.882";"2022-07-26";"09:48:49";"F";"143";"109";"120";"625";"0.092";"24.2";"52";"0.900";"65";"228";"0.715"
"2022-07-26 09:49:20.176";"2022-07-26";"09:49:20";"F";"144";"105";"114";"820";"0.079";"27.2";"51";"1.000";"65";"228";"0.715"
"2022-07-26 09:49:22.824";"2022-07-26";"09:49:22";"SLCE";"";"Light Curve end ";""
"2022-07-26 09:49:59.265";"2022-07-26";"09:49:59";"SLCS";"";"Light Curve start ";"hm6-1"
"2022-07-26 09:49:59.265";"2022-07-26";"09:49:59";"REG1";"";"#1: alpha: - , ETRm: - , Ik: -   ( beta: - 0.020, ETRmPot: 15.088 ) ";""
"2022-07-26 09:49:59.265";"2022-07-26";"09:49:59";"REG2";"";"#1: alpha: 0.117, ETRm: 37.538, Ik: 319.519 ";""
"2022-07-26 09:50:00.965";"2022-07-26";"09:50:00";"FO";"145";"81";"315";"0";"0.743";"0.0";"-";"-";"81";"315";"0.743"
"2022-07-26 09:50:31.263";"2022-07-26";"09:50:31";"F";"146";"116";"220";"66";"0.473";"13.1";"73";"0.432";"81";"315";"0.743"
"2022-07-26 09:51:01.559";"2022-07-26";"09:51:01";"F";"147";"117";"198";"90";"0.409";"15.5";"70";"0.591";"81";"315";"0.743"
"2022-07-26 09:51:31.855";"2022-07-26";"09:51:31";"F";"148";"120";"189";"125";"0.365";"19.2";"69";"0.667";"81";"315";"0.743"
"2022-07-26 09:52:02.148";"2022-07-26";"09:52:02";"F";"149";"131";"175";"190";"0.251";"20.0";"67";"0.800";"81";"315";"0.743"
"2022-07-26 09:52:32.442";"2022-07-26";"09:52:32";"F";"150";"128";"166";"285";"0.229";"27.4";"66";"0.898";"81";"315";"0.743"
"2022-07-26 09:53:02.739";"2022-07-26";"09:53:02";"F";"151";"142";"158";"420";"0.101";"17.8";"65";"0.994";"81";"315";"0.743"
"2022-07-26 09:53:33.034";"2022-07-26";"09:53:33";"F";"152";"142";"164";"625";"0.134";"35.2";"65";"0.921";"81";"315";"0.743"
"2022-07-26 09:54:03.330";"2022-07-26";"09:54:03";"F";"153";"143";"165";"820";"0.133";"45.8";"66";"0.909";"81";"315";"0.743"
"2022-07-26 09:54:06.229";"2022-07-26";"09:54:06";"SLCE";"";"Light Curve end ";""
"2022-07-26 09:54:36.932";"2022-07-26";"09:54:36";"SLCS";"";"Light Curve start ";"hm6-2"
"2022-07-26 09:54:36.932";"2022-07-26";"09:54:36";"REG1";"";"#1: alpha: - , ETRm: - , Ik: -   ( beta: - 0.013, ETRmPot: 24.412 ) ";""
"2022-07-26 09:54:36.932";"2022-07-26";"09:54:36";"REG2";"";"#1: alpha: 0.190, ETRm: 33.256, Ik: 175.207 ";""
"2022-07-26 09:54:38.627";"2022-07-26";"09:54:38";"FO";"154";"79";"279";"0";"0.717";"0.0";"-";"-";"79";"279";"0.717"
"2022-07-26 09:55:08.918";"2022-07-26";"09:55:08";"F";"155";"107";"194";"66";"0.448";"12.4";"70";"0.438";"79";"279";"0.717"
"2022-07-26 09:55:39.210";"2022-07-26";"09:55:39";"F";"156";"100";"191";"90";"0.476";"18.0";"70";"0.461";"79";"279";"0.717"
"2022-07-26 09:56:09.510";"2022-07-26";"09:56:09";"F";"157";"104";"174";"125";"0.402";"21.1";"67";"0.603";"79";"279";"0.717"
"2022-07-26 09:56:39.803";"2022-07-26";"09:56:39";"F";"158";"104";"153";"190";"0.320";"25.5";"64";"0.824";"79";"279";"0.717"
"2022-07-26 09:57:10.101";"2022-07-26";"09:57:10";"F";"159";"108";"139";"285";"0.223";"26.7";"61";"1.007";"79";"279";"0.717"
"2022-07-26 09:57:40.391";"2022-07-26";"09:57:40";"F";"160";"111";"136";"420";"0.184";"32.5";"61";"1.051";"79";"279";"0.717"
"2022-07-26 09:58:10.690";"2022-07-26";"09:58:10";"F";"161";"117";"132";"625";"0.114";"29.9";"60";"1.114";"79";"279";"0.717"
"2022-07-26 09:58:40.984";"2022-07-26";"09:58:40";"F";"162";"115";"130";"820";"0.115";"39.6";"60";"1.146";"79";"279";"0.717"
"2022-07-26 09:58:43.843";"2022-07-26";"09:58:43";"SLCE";"";"Light Curve end ";""
"2022-07-26 09:59:08.503";"2022-07-26";"09:59:08";"SLCS";"";"Light Curve start ";"hm6-3"
"2022-07-26 09:59:08.503";"2022-07-26";"09:59:08";"REG1";"";"#1: alpha: - , ETRm: - , Ik: -   ( beta: - 0.012, ETRmPot: 23.379 ) ";""
"2022-07-26 09:59:08.503";"2022-07-26";"09:59:08";"REG2";"";"#1: alpha: 0.161, ETRm: 32.326, Ik: 200.296 ";""
"2022-07-26 09:59:10.179";"2022-07-26";"09:59:10";"FO";"163";"98";"281";"0";"0.651";"0.0";"-";"-";"98";"281";"0.651"
"2022-07-26 09:59:40.474";"2022-07-26";"09:59:40";"F";"164";"99";"193";"66";"0.487";"13.5";"85";"0.456";"98";"281";"0.651"
"2022-07-26 10:00:10.777";"2022-07-26";"10:00:10";"F";"165";"109";"187";"90";"0.417";"15.8";"83";"0.503";"98";"281";"0.651"
"2022-07-26 10:00:41.067";"2022-07-26";"10:00:41";"F";"166";"113";"171";"125";"0.339";"17.8";"80";"0.643";"98";"281";"0.651"
"2022-07-26 10:01:11.366";"2022-07-26";"10:01:11";"F";"167";"114";"163";"190";"0.301";"24.0";"78";"0.724";"98";"281";"0.651"
"2022-07-26 10:01:41.662";"2022-07-26";"10:01:41";"F";"168";"118";"149";"285";"0.208";"24.9";"75";"0.886";"98";"281";"0.651"
"2022-07-26 10:02:11.954";"2022-07-26";"10:02:11";"F";"169";"128";"149";"420";"0.141";"24.9";"75";"0.886";"98";"281";"0.651"
"2022-07-26 10:02:42.245";"2022-07-26";"10:02:42";"F";"170";"128";"151";"625";"0.152";"39.9";"75";"0.861";"98";"281";"0.651"
"2022-07-26 10:03:12.543";"2022-07-26";"10:03:12";"F";"171";"126";"139";"820";"0.094";"32.4";"72";"1.022";"98";"281";"0.651"
"2022-07-26 10:03:15.797";"2022-07-26";"10:03:15";"SLCE";"";"Light Curve end ";""
"2022-07-26 10:03:34.633";"2022-07-26";"10:03:34";"SLCS";"";"Light Curve start ";"hm6-4"
"2022-07-26 10:03:34.633";"2022-07-26";"10:03:34";"REG1";"";"#1: alpha: - , ETRm: - , Ik: -   ( beta: - 0.023, ETRmPot: 23.425 ) ";""
"2022-07-26 10:03:34.633";"2022-07-26";"10:03:34";"REG2";"";"#1: alpha: 0.212, ETRm: 42.127, Ik: 198.673 ";""
"2022-07-26 10:03:36.337";"2022-07-26";"10:03:36";"FO";"172";"84";"281";"0";"0.701";"0.0";"-";"-";"84";"281";"0.701"
"2022-07-26 10:04:06.633";"2022-07-26";"10:04:06";"F";"173";"112";"255";"66";"0.561";"15.6";"82";"0.102";"84";"281";"0.701"
"2022-07-26 10:04:36.928";"2022-07-26";"10:04:36";"F";"174";"109";"241";"90";"0.548";"20.7";"80";"0.166";"84";"281";"0.701"
"2022-07-26 10:05:07.223";"2022-07-26";"10:05:07";"F";"175";"117";"216";"125";"0.458";"24.0";"77";"0.301";"84";"281";"0.701"
"2022-07-26 10:05:37.522";"2022-07-26";"10:05:37";"F";"176";"111";"188";"190";"0.410";"32.7";"73";"0.495";"84";"281";"0.701"
"2022-07-26 10:06:07.819";"2022-07-26";"10:06:07";"F";"177";"116";"165";"285";"0.297";"35.6";"69";"0.703";"84";"281";"0.701"
"2022-07-26 10:06:38.114";"2022-07-26";"10:06:38";"F";"178";"135";"156";"420";"0.135";"23.8";"68";"0.801";"84";"281";"0.701"
"2022-07-26 10:07:08.405";"2022-07-26";"10:07:08";"F";"179";"127";"154";"625";"0.175";"45.9";"67";"0.825";"84";"281";"0.701"
"2022-07-26 10:07:38.702";"2022-07-26";"10:07:38";"F";"180";"131";"155";"820";"0.155";"53.4";"68";"0.813";"84";"281";"0.701"
"2022-07-26 10:07:41.818";"2022-07-26";"10:07:41";"SLCE";"";"Light Curve end ";""
"2022-07-26 10:09:37.494";"2022-07-26";"10:09:37";"SLCS";"";"Light Curve start ";"hul6-1"
"2022-07-26 10:09:37.494";"2022-07-26";"10:09:37";"REG1";"";"#1: alpha: 0.281, ETRm: 42.836, Ik: 152.243   ( beta: 0.021, ETRmPot: 56.030 ) ";""
"2022-07-26 10:09:37.494";"2022-07-26";"10:09:37";"REG2";"";"#1: alpha: 0.231, ETRm: 42.067, Ik: 182.496 ";""
"2022-07-26 10:09:39.187";"2022-07-26";"10:09:39";"FO";"181";"77";"242";"0";"0.682";"0.0";"-";"-";"77";"242";"0.682"
"2022-07-26 10:10:09.477";"2022-07-26";"10:10:09";"F";"182";"104";"209";"66";"0.502";"13.9";"73";"0.158";"77";"242";"0.682"
"2022-07-26 10:10:39.776";"2022-07-26";"10:10:39";"F";"183";"94";"205";"90";"0.541";"20.4";"73";"0.180";"77";"242";"0.682"
"2022-07-26 10:11:10.073";"2022-07-26";"10:11:10";"F";"184";"96";"181";"125";"0.470";"24.7";"70";"0.337";"77";"242";"0.682"
"2022-07-26 10:11:40.370";"2022-07-26";"10:11:40";"F";"185";"96";"162";"190";"0.407";"32.5";"67";"0.494";"77";"242";"0.682"
"2022-07-26 10:12:10.659";"2022-07-26";"10:12:10";"F";"186";"103";"148";"285";"0.304";"36.4";"64";"0.635";"77";"242";"0.682"
"2022-07-26 10:12:40.953";"2022-07-26";"10:12:40";"F";"187";"99";"136";"420";"0.272";"48.0";"62";"0.779";"77";"242";"0.682"
"2022-07-26 10:13:11.249";"2022-07-26";"10:13:11";"F";"188";"113";"131";"625";"0.137";"36.0";"61";"0.847";"77";"242";"0.682"
"2022-07-26 10:13:41.552";"2022-07-26";"10:13:41";"F";"189";"111";"127";"820";"0.126";"43.4";"60";"0.906";"77";"242";"0.682"
"2022-07-26 10:13:44.785";"2022-07-26";"10:13:44";"SLCE";"";"Light Curve end ";""
"2022-07-26 10:14:06.631";"2022-07-26";"10:14:06";"SLCS";"";"Light Curve start ";"hul6-2"
"2022-07-26 10:14:06.631";"2022-07-26";"10:14:06";"REG1";"";"#1: alpha: - , ETRm: - , Ik: -   ( beta: - 0.024, ETRmPot: 18.674 ) ";""
"2022-07-26 10:14:06.631";"2022-07-26";"10:14:06";"REG2";"";"#1: alpha: 0.139, ETRm: 46.262, Ik: 332.320 ";""
"2022-07-26 10:14:08.344";"2022-07-26";"10:14:08";"FO";"190";"74";"255";"0";"0.710";"0.0";"-";"-";"74";"255";"0.710"
"2022-07-26 10:14:38.640";"2022-07-26";"10:14:38";"F";"191";"99";"209";"66";"0.526";"14.6";"70";"0.220";"74";"255";"0.710"
"2022-07-26 10:15:08.935";"2022-07-26";"10:15:08";"F";"192";"105";"191";"90";"0.450";"17.0";"67";"0.335";"74";"255";"0.710"
"2022-07-26 10:15:39.232";"2022-07-26";"10:15:39";"F";"193";"107";"180";"125";"0.406";"21.3";"66";"0.417";"74";"255";"0.710"
"2022-07-26 10:16:09.526";"2022-07-26";"10:16:09";"F";"194";"114";"161";"190";"0.292";"23.3";"63";"0.584";"74";"255";"0.710"
"2022-07-26 10:16:39.824";"2022-07-26";"10:16:39";"F";"195";"115";"152";"285";"0.243";"29.1";"62";"0.678";"74";"255";"0.710"
"2022-07-26 10:17:10.113";"2022-07-26";"10:17:10";"F";"196";"117";"148";"420";"0.209";"36.9";"61";"0.723";"74";"255";"0.710"
"2022-07-26 10:17:40.408";"2022-07-26";"10:17:40";"F";"197";"128";"145";"625";"0.117";"30.7";"61";"0.759";"74";"255";"0.710"
"2022-07-26 10:18:10.707";"2022-07-26";"10:18:10";"F";"198";"125";"151";"820";"0.172";"59.2";"62";"0.689";"74";"255";"0.710"
"2022-07-26 10:18:13.640";"2022-07-26";"10:18:13";"SLCE";"";"Light Curve end ";""
"2022-07-26 10:19:16.067";"2022-07-26";"10:19:16";"SLCS";"";"Light Curve start ";"hul6-3"
"2022-07-26 10:19:16.067";"2022-07-26";"10:19:16";"REG1";"";"#1: alpha: - , ETRm: - , Ik: -   ( beta: - 0.024, ETRmPot: 20.037 ) ";""
"2022-07-26 10:19:16.067";"2022-07-26";"10:19:16";"REG2";"";"#1: alpha: 0.168, ETRm: 43.718, Ik: 260.959 ";""
"2022-07-26 10:19:17.799";"2022-07-26";"10:19:17";"FO";"199";"71";"272";"0";"0.739";"0.0";"-";"-";"71";"272";"0.739"
"2022-07-26 10:19:48.087";"2022-07-26";"10:19:48";"F";"200";"111";"227";"66";"0.511";"14.2";"68";"0.198";"71";"272";"0.739"
"2022-07-26 10:20:18.382";"2022-07-26";"10:20:18";"F";"201";"100";"202";"90";"0.505";"19.1";"65";"0.347";"71";"272";"0.739"
"2022-07-26 10:20:48.680";"2022-07-26";"10:20:48";"F";"202";"103";"188";"125";"0.452";"23.7";"64";"0.447";"71";"272";"0.739"
"2022-07-26 10:21:18.973";"2022-07-26";"10:21:18";"F";"203";"112";"167";"190";"0.329";"26.3";"61";"0.629";"71";"272";"0.739"
"2022-07-26 10:21:49.273";"2022-07-26";"10:21:49";"F";"204";"110";"150";"285";"0.267";"32.0";"59";"0.813";"71";"272";"0.739"
"2022-07-26 10:22:19.572";"2022-07-26";"10:22:19";"F";"205";"120";"147";"420";"0.184";"32.5";"58";"0.850";"71";"272";"0.739"
"2022-07-26 10:22:49.858";"2022-07-26";"10:22:49";"F";"206";"125";"143";"625";"0.126";"33.1";"57";"0.902";"71";"272";"0.739"
"2022-07-26 10:23:20.154";"2022-07-26";"10:23:20";"F";"207";"120";"145";"820";"0.172";"59.2";"58";"0.876";"71";"272";"0.739"
"2022-07-26 10:23:23.182";"2022-07-26";"10:23:23";"SLCE";"";"Light Curve end ";""
"2022-07-26 10:23:56.541";"2022-07-26";"10:23:56";"SLCS";"";"Light Curve start ";"hul6-4"
"2022-07-26 10:23:56.541";"2022-07-26";"10:23:56";"REG1";"";"#1: alpha: - , ETRm: - , Ik: -   ( beta: - 0.037, ETRmPot: 26.238 ) ";""
"2022-07-26 10:23:56.541";"2022-07-26";"10:23:56";"REG2";"";"#1: alpha: 0.153, ETRm: 83.158, Ik: 545.010 ";""
"2022-07-26 10:23:58.251";"2022-07-26";"10:23:58";"FO";"208";"64";"222";"0";"0.712";"0.0";"-";"-";"64";"222";"0.712"
"2022-07-26 10:24:28.551";"2022-07-26";"10:24:28";"F";"209";"86";"175";"66";"0.509";"14.1";"59";"0.269";"64";"222";"0.712"
"2022-07-26 10:24:58.843";"2022-07-26";"10:24:58";"F";"210";"70";"147";"90";"0.524";"19.8";"56";"0.510";"64";"222";"0.712"
"2022-07-26 10:25:29.135";"2022-07-26";"10:25:29";"F";"211";"76";"143";"125";"0.469";"24.6";"55";"0.552";"64";"222";"0.712"
"2022-07-26 10:25:59.429";"2022-07-26";"10:25:59";"F";"212";"79";"130";"190";"0.392";"31.3";"53";"0.708";"64";"222";"0.712"
"2022-07-26 10:26:29.730";"2022-07-26";"10:26:29";"F";"213";"81";"116";"285";"0.302";"36.1";"51";"0.914";"64";"222";"0.712"
"2022-07-26 10:27:00.024";"2022-07-26";"10:27:00";"F";"214";"75";"112";"420";"0.330";"58.2";"50";"0.982";"64";"222";"0.712"
"2022-07-26 10:27:30.318";"2022-07-26";"10:27:30";"F";"215";"89";"109";"625";"0.183";"48.0";"49";"1.037";"64";"222";"0.712"
"2022-07-26 10:28:00.614";"2022-07-26";"10:28:00";"F";"216";"82";"110";"820";"0.255";"87.8";"49";"1.018";"64";"222";"0.712"
"2022-07-26 10:28:03.558";"2022-07-26";"10:28:03";"SLCE";"";"Light Curve end ";""
"2022-07-26 10:28:30.906";"2022-07-26";"10:28:30";"SLCS";"";"Light Curve start ";"hm1-1"
"2022-07-26 10:28:30.906";"2022-07-26";"10:28:30";"REG1";"";"#1: alpha: 0.163, ETRm: 44.580, Ik: 272.802   ( beta: 0.882, ETRmPot: 713.622 ) ";""
"2022-07-26 10:28:30.906";"2022-07-26";"10:28:30";"REG2";"";"#1: alpha: 0.132, ETRm: 46.897, Ik: 355.940 ";""
"2022-07-26 10:28:32.611";"2022-07-26";"10:28:32";"FO";"217";"66";"243";"0";"0.728";"0.0";"-";"-";"66";"243";"0.728"
"2022-07-26 10:29:02.908";"2022-07-26";"10:29:02";"F";"218";"86";"152";"66";"0.434";"12.0";"57";"0.599";"66";"243";"0.728"
"2022-07-26 10:29:33.202";"2022-07-26";"10:29:33";"F";"219";"89";"138";"90";"0.355";"13.4";"55";"0.761";"66";"243";"0.728"
"2022-07-26 10:30:03.499";"2022-07-26";"10:30:03";"F";"220";"88";"130";"125";"0.323";"17.0";"53";"0.869";"66";"243";"0.728"
"2022-07-26 10:30:33.794";"2022-07-26";"10:30:33";"F";"221";"86";"130";"190";"0.338";"27.0";"53";"0.869";"66";"243";"0.728"
"2022-07-26 10:31:04.082";"2022-07-26";"10:31:04";"F";"222";"93";"122";"285";"0.238";"28.5";"52";"0.992";"66";"243";"0.728"
"2022-07-26 10:31:34.382";"2022-07-26";"10:31:34";"F";"223";"103";"117";"420";"0.120";"21.2";"51";"1.077";"66";"243";"0.728"
"2022-07-26 10:32:04.673";"2022-07-26";"10:32:04";"F";"224";"99";"139";"625";"0.288";"75.6";"55";"0.748";"66";"243";"0.728"
"2022-07-26 10:32:34.976";"2022-07-26";"10:32:34";"F";"225";"109";"119";"820";"0.084";"28.9";"51";"1.042";"66";"243";"0.728"
"2022-07-26 10:32:37.680";"2022-07-26";"10:32:37";"SLCE";"";"Light Curve end ";""
"2022-07-26 10:33:20.361";"2022-07-26";"10:33:20";"SLCS";"";"Light Curve start ";"hm1-2"
"2022-07-26 10:33:20.361";"2022-07-26";"10:33:20";"REG1";"";"#1: alpha: - , ETRm: - , Ik: -   ( beta: - 0.022, ETRmPot: 25.633 ) ";""
"2022-07-26 10:33:20.361";"2022-07-26";"10:33:20";"REG2";"";"#1: alpha: 0.199, ETRm: 43.766, Ik: 220.390 ";""
"2022-07-26 10:33:22.068";"2022-07-26";"10:33:22";"FO";"226";"74";"250";"0";"0.704";"0.0";"-";"-";"74";"250";"0.704"
"2022-07-26 10:33:52.361";"2022-07-26";"10:33:52";"F";"227";"92";"204";"66";"0.549";"15.2";"69";"0.225";"74";"250";"0.704"
"2022-07-26 10:34:22.651";"2022-07-26";"10:34:22";"F";"228";"84";"191";"90";"0.560";"21.2";"68";"0.309";"74";"250";"0.704"
"2022-07-26 10:34:52.949";"2022-07-26";"10:34:52";"F";"229";"98";"176";"125";"0.443";"23.3";"66";"0.420";"74";"250";"0.704"
"2022-07-26 10:35:23.246";"2022-07-26";"10:35:23";"F";"230";"98";"163";"190";"0.399";"31.8";"64";"0.534";"74";"250";"0.704"
"2022-07-26 10:35:53.539";"2022-07-26";"10:35:53";"F";"231";"108";"148";"285";"0.270";"32.3";"61";"0.689";"74";"250";"0.704"
"2022-07-26 10:36:23.838";"2022-07-26";"10:36:23";"F";"232";"116";"143";"420";"0.189";"33.3";"61";"0.748";"74";"250";"0.704"
"2022-07-26 10:36:54.135";"2022-07-26";"10:36:54";"F";"233";"117";"141";"625";"0.170";"44.6";"60";"0.773";"74";"250";"0.704"
"2022-07-26 10:37:24.424";"2022-07-26";"10:37:24";"F";"234";"119";"140";"820";"0.150";"51.7";"60";"0.786";"74";"250";"0.704"
"2022-07-26 10:37:27.290";"2022-07-26";"10:37:27";"SLCE";"";"Light Curve end ";""
"2022-07-26 10:37:52.240";"2022-07-26";"10:37:52";"SLCS";"";"Light Curve start ";"hm1-3"
"2022-07-26 10:37:52.240";"2022-07-26";"10:37:52";"REG1";"";"#1: alpha: - , ETRm: - , Ik: -   ( beta: - 0.027, ETRmPot: 20.942 ) ";""
"2022-07-26 10:37:52.240";"2022-07-26";"10:37:52";"REG2";"";"#1: alpha: 0.141, ETRm: 53.116, Ik: 375.500 ";""
"2022-07-26 10:37:53.927";"2022-07-26";"10:37:53";"FO";"235";"95";"295";"0";"0.678";"0.0";"-";"-";"95";"295";"0.678"
"2022-07-26 10:38:24.220";"2022-07-26";"10:38:24";"F";"236";"110";"216";"66";"0.491";"13.6";"85";"0.366";"95";"295";"0.678"
"2022-07-26 10:38:54.508";"2022-07-26";"10:38:54";"F";"237";"101";"197";"90";"0.487";"18.4";"82";"0.497";"95";"295";"0.678"
"2022-07-26 10:39:24.808";"2022-07-26";"10:39:24";"F";"238";"108";"183";"125";"0.410";"21.5";"79";"0.612";"95";"295";"0.678"
"2022-07-26 10:39:55.104";"2022-07-26";"10:39:55";"F";"239";"106";"172";"190";"0.384";"30.6";"77";"0.715";"95";"295";"0.678"
"2022-07-26 10:40:25.395";"2022-07-26";"10:40:25";"F";"240";"118";"160";"285";"0.263";"31.5";"75";"0.844";"95";"295";"0.678"
"2022-07-26 10:40:55.691";"2022-07-26";"10:40:55";"F";"241";"120";"146";"420";"0.178";"31.4";"72";"1.021";"95";"295";"0.678"
"2022-07-26 10:41:25.994";"2022-07-26";"10:41:25";"F";"242";"123";"148";"625";"0.169";"44.4";"72";"0.993";"95";"295";"0.678"
"2022-07-26 10:41:56.285";"2022-07-26";"10:41:56";"F";"243";"125";"152";"820";"0.178";"61.3";"73";"0.941";"95";"295";"0.678"
"2022-07-26 10:41:58.920";"2022-07-26";"10:41:58";"SLCE";"";"Light Curve end ";""
"2022-07-26 10:43:09.730";"2022-07-26";"10:43:09";"SLCS";"";"Light Curve start ";"hm1-4"
"2022-07-26 10:43:09.730";"2022-07-26";"10:43:09";"REG1";"";"#1: alpha: 0.274, ETRm: 45.907, Ik: 167.720   ( beta: 0.014, ETRmPot: 56.532 ) ";""
"2022-07-26 10:43:09.730";"2022-07-26";"10:43:09";"REG2";"";"#1: alpha: 0.222, ETRm: 45.380, Ik: 204.088 ";""
"2022-07-26 10:43:11.473";"2022-07-26";"10:43:11";"FO";"244";"85";"308";"0";"0.724";"0.0";"-";"-";"85";"308";"0.724"
"2022-07-26 10:43:41.774";"2022-07-26";"10:43:41";"F";"245";"116";"256";"66";"0.547";"15.2";"80";"0.203";"85";"308";"0.724"
"2022-07-26 10:44:12.060";"2022-07-26";"10:44:12";"F";"246";"107";"248";"90";"0.569";"21.5";"80";"0.242";"85";"308";"0.724"
"2022-07-26 10:44:42.355";"2022-07-26";"10:44:42";"F";"247";"112";"208";"125";"0.462";"24.3";"75";"0.481";"85";"308";"0.724"
"2022-07-26 10:45:12.654";"2022-07-26";"10:45:12";"F";"248";"106";"176";"190";"0.398";"31.8";"70";"0.750";"85";"308";"0.724"
"2022-07-26 10:45:42.949";"2022-07-26";"10:45:42";"F";"249";"112";"163";"285";"0.313";"37.5";"68";"0.890";"85";"308";"0.724"
"2022-07-26 10:46:13.248";"2022-07-26";"10:46:13";"F";"250";"112";"152";"420";"0.263";"46.4";"66";"1.026";"85";"308";"0.724"
"2022-07-26 10:46:43.539";"2022-07-26";"10:46:43";"F";"251";"120";"145";"625";"0.172";"45.2";"65";"1.124";"85";"308";"0.724"
"2022-07-26 10:47:13.839";"2022-07-26";"10:47:13";"F";"252";"133";"153";"820";"0.131";"45.1";"66";"1.013";"85";"308";"0.724"
"2022-07-26 10:47:17.104";"2022-07-26";"10:47:17";"SLCE";"";"Light Curve end ";""
"2022-07-26 10:48:56.980";"2022-07-26";"10:48:56";"SLCS";"";"Light Curve start ";"hul1-1"
"2022-07-26 10:48:56.980";"2022-07-26";"10:48:56";"REG1";"";"#1: alpha: - , ETRm: - , Ik: -   ( beta: - 0.042, ETRmPot: 23.422 ) ";""
"2022-07-26 10:48:56.980";"2022-07-26";"10:48:56";"REG2";"";"#1: alpha: 0.140, ETRm: 153.250, Ik: 1093.509 ";""
"2022-07-26 10:48:58.717";"2022-07-26";"10:48:58";"FO";"253";"53";"206";"0";"0.743";"0.0";"-";"-";"53";"206";"0.743"
"2022-07-26 10:49:29.019";"2022-07-26";"10:49:29";"F";"254";"59";"160";"66";"0.631";"17.5";"49";"0.288";"53";"206";"0.743"
"2022-07-26 10:49:59.309";"2022-07-26";"10:49:59";"F";"255";"60";"148";"90";"0.595";"22.5";"48";"0.392";"53";"206";"0.743"
"2022-07-26 10:50:29.602";"2022-07-26";"10:50:29";"F";"256";"63";"134";"125";"0.530";"27.8";"47";"0.537";"53";"206";"0.743"
"2022-07-26 10:50:59.905";"2022-07-26";"10:50:59";"F";"257";"65";"118";"190";"0.449";"35.8";"44";"0.746";"53";"206";"0.743"
"2022-07-26 10:51:30.192";"2022-07-26";"10:51:30";"F";"258";"70";"109";"285";"0.358";"42.9";"43";"0.890";"53";"206";"0.743"
"2022-07-26 10:52:00.497";"2022-07-26";"10:52:00";"F";"259";"76";"103";"420";"0.262";"46.2";"42";"1.000";"53";"206";"0.743"
"2022-07-26 10:52:30.784";"2022-07-26";"10:52:30";"F";"260";"79";"106";"625";"0.255";"66.9";"43";"0.943";"53";"206";"0.743"
"2022-07-26 10:53:01.085";"2022-07-26";"10:53:01";"F";"261";"73";"105";"820";"0.305";"105.0";"42";"0.962";"53";"206";"0.743"
"2022-07-26 10:53:03.754";"2022-07-26";"10:53:03";"SLCE";"";"Light Curve end ";""
"2022-07-26 10:53:27.135";"2022-07-26";"10:53:27";"SLCS";"";"Light Curve start ";"hul1-2"
"2022-07-26 10:53:27.135";"2022-07-26";"10:53:27";"REG1";"";"#1: alpha: - , ETRm: - , Ik: -   ( beta: - 0.030, ETRmPot: 30.006 ) ";""
"2022-07-26 10:53:27.135";"2022-07-26";"10:53:27";"REG2";"";"#1: alpha: 0.217, ETRm: 58.538, Ik: 270.032 ";""
"2022-07-26 10:53:28.877";"2022-07-26";"10:53:28";"FO";"262";"70";"268";"0";"0.739";"0.0";"-";"-";"70";"268";"0.739"
"2022-07-26 10:53:59.176";"2022-07-26";"10:53:59";"F";"263";"107";"232";"66";"0.539";"14.9";"67";"0.155";"70";"268";"0.739"
"2022-07-26 10:54:29.473";"2022-07-26";"10:54:29";"F";"264";"87";"233";"90";"0.627";"23.7";"67";"0.150";"70";"268";"0.739"
"2022-07-26 10:54:59.770";"2022-07-26";"10:54:59";"F";"265";"88";"202";"125";"0.564";"29.6";"64";"0.327";"70";"268";"0.739"
"2022-07-26 10:55:30.060";"2022-07-26";"10:55:30";"F";"266";"90";"171";"190";"0.474";"37.8";"61";"0.567";"70";"268";"0.739"
"2022-07-26 10:56:00.356";"2022-07-26";"10:56:00";"F";"267";"94";"143";"285";"0.343";"41.1";"57";"0.874";"70";"268";"0.739"
"2022-07-26 10:56:30.650";"2022-07-26";"10:56:30";"F";"268";"93";"126";"420";"0.262";"46.2";"54";"1.127";"70";"268";"0.739"
"2022-07-26 10:57:00.942";"2022-07-26";"10:57:00";"F";"269";"105";"128";"625";"0.180";"47.3";"54";"1.094";"70";"268";"0.739"
"2022-07-26 10:57:31.242";"2022-07-26";"10:57:31";"F";"270";"99";"126";"820";"0.214";"73.7";"54";"1.127";"70";"268";"0.739"
"2022-07-26 10:57:33.957";"2022-07-26";"10:57:33";"SLCE";"";"Light Curve end ";""
"2022-07-26 10:58:12.753";"2022-07-26";"10:58:12";"SLCS";"";"Light Curve start ";"hul1-3"
"2022-07-26 10:58:12.753";"2022-07-26";"10:58:12";"REG1";"";"#1: alpha: 0.297, ETRm: 45.807, Ik: 154.225   ( beta: 0.035, ETRmPot: 66.536 ) ";""
"2022-07-26 10:58:12.753";"2022-07-26";"10:58:12";"REG2";"";"#1: alpha: 0.254, ETRm: 44.287, Ik: 174.701 ";""
"2022-07-26 10:58:14.437";"2022-07-26";"10:58:14";"FO";"271";"80";"270";"0";"0.704";"0.0";"-";"-";"80";"270";"0.704"
"2022-07-26 10:58:44.732";"2022-07-26";"10:58:44";"F";"272";"83";"231";"66";"0.641";"17.8";"76";"0.169";"80";"270";"0.704"
"2022-07-26 10:59:15.026";"2022-07-26";"10:59:15";"F";"273";"90";"218";"90";"0.587";"22.2";"75";"0.239";"80";"270";"0.704"
"2022-07-26 10:59:45.318";"2022-07-26";"10:59:45";"F";"274";"94";"186";"125";"0.495";"26.0";"71";"0.452";"80";"270";"0.704"
"2022-07-26 11:00:15.617";"2022-07-26";"11:00:15";"F";"275";"89";"157";"190";"0.433";"34.6";"66";"0.720";"80";"270";"0.704"
"2022-07-26 11:00:45.915";"2022-07-26";"11:00:45";"F";"276";"97";"144";"285";"0.326";"39.0";"64";"0.875";"80";"270";"0.704"
"2022-07-26 11:01:16.206";"2022-07-26";"11:01:16";"F";"277";"98";"132";"420";"0.258";"45.5";"61";"1.045";"80";"270";"0.704"
"2022-07-26 11:01:46.502";"2022-07-26";"11:01:46";"F";"278";"104";"127";"625";"0.181";"47.5";"60";"1.126";"80";"270";"0.704"
"2022-07-26 11:02:16.798";"2022-07-26";"11:02:16";"F";"279";"111";"126";"820";"0.119";"41.0";"60";"1.143";"80";"270";"0.704"
"2022-07-26 11:02:19.303";"2022-07-26";"11:02:19";"SLCE";"";"Light Curve end ";""
"2022-07-26 11:03:11.244";"2022-07-26";"11:03:11";"SLCS";"";"Light Curve start ";"hul1-4"
"2022-07-26 11:03:11.244";"2022-07-26";"11:03:11";"REG1";"";"#1: alpha: - , ETRm: - , Ik: -   ( beta: - 0.012, ETRmPot: 49.723 ) ";""
"2022-07-26 11:03:11.244";"2022-07-26";"11:03:11";"REG2";"";"#1: alpha: 0.223, ETRm: 57.095, Ik: 255.586 ";""
"2022-07-26 11:03:12.987";"2022-07-26";"11:03:12";"FO";"280";"78";"259";"0";"0.699";"0.0";"-";"-";"78";"259";"0.699"
"2022-07-26 11:03:43.283";"2022-07-26";"11:03:43";"F";"281";"90";"212";"66";"0.575";"15.9";"73";"0.222";"78";"259";"0.699"
"2022-07-26 11:04:13.583";"2022-07-26";"11:04:13";"F";"282";"93";"208";"90";"0.553";"20.9";"73";"0.245";"78";"259";"0.699"
"2022-07-26 11:04:43.869";"2022-07-26";"11:04:43";"F";"283";"92";"183";"125";"0.497";"26.1";"69";"0.415";"78";"259";"0.699"
"2022-07-26 11:05:14.166";"2022-07-26";"11:05:14";"F";"284";"85";"153";"190";"0.444";"35.4";"65";"0.693";"78";"259";"0.699"
"2022-07-26 11:05:44.464";"2022-07-26";"11:05:44";"F";"285";"86";"135";"285";"0.363";"43.5";"61";"0.919";"78";"259";"0.699"
"2022-07-26 11:06:14.756";"2022-07-26";"11:06:14";"F";"286";"87";"128";"420";"0.320";"56.4";"60";"1.023";"78";"259";"0.699"
"2022-07-26 11:06:45.053";"2022-07-26";"11:06:45";"F";"287";"93";"114";"625";"0.184";"48.3";"56";"1.272";"78";"259";"0.699"
"2022-07-26 11:07:15.354";"2022-07-26";"11:07:15";"F";"288";"94";"115";"820";"0.183";"63.0";"57";"1.252";"78";"259";"0.699"
"2022-07-26 11:07:18.271";"2022-07-26";"11:07:18";"SLCE";"";"Light Curve end ";""
"2022-07-26 11:07:43.677";"2022-07-26";"11:07:43";"SLCS";"";"Light Curve start ";"hm2-1"
"2022-07-26 11:07:43.677";"2022-07-26";"11:07:43";"REG1";"";"#1: alpha: - , ETRm: - , Ik: -   ( beta: - 0.018, ETRmPot: 32.747 ) ";""
"2022-07-26 11:07:43.677";"2022-07-26";"11:07:43";"REG2";"";"#1: alpha: 0.199, ETRm: 46.075, Ik: 230.957 ";""
"2022-07-26 11:07:45.344";"2022-07-26";"11:07:45";"FO";"289";"103";"270";"0";"0.619";"0.0";"-";"-";"103";"270";"0.619"
"2022-07-26 11:08:15.637";"2022-07-26";"11:08:15";"F";"290";"97";"216";"66";"0.551";"15.3";"94";"0.250";"103";"270";"0.619"
"2022-07-26 11:08:45.934";"2022-07-26";"11:08:45";"F";"291";"96";"204";"90";"0.529";"20.0";"92";"0.324";"103";"270";"0.619"
"2022-07-26 11:09:16.228";"2022-07-26";"11:09:16";"F";"292";"102";"178";"125";"0.427";"22.4";"86";"0.517";"103";"270";"0.619"
"2022-07-26 11:09:46.533";"2022-07-26";"11:09:46";"F";"293";"105";"165";"190";"0.364";"29.0";"83";"0.636";"103";"270";"0.619"
"2022-07-26 11:10:16.821";"2022-07-26";"11:10:16";"F";"294";"108";"160";"285";"0.325";"38.9";"82";"0.688";"103";"270";"0.619"
"2022-07-26 11:10:47.119";"2022-07-26";"11:10:47";"F";"295";"112";"147";"420";"0.238";"42.0";"78";"0.837";"103";"270";"0.619"
"2022-07-26 11:11:17.408";"2022-07-26";"11:11:17";"F";"296";"119";"140";"625";"0.150";"39.4";"76";"0.929";"103";"270";"0.619"
"2022-07-26 11:11:47.712";"2022-07-26";"11:11:47";"F";"297";"114";"135";"820";"0.156";"53.7";"75";"1.000";"103";"270";"0.619"
"2022-07-26 11:11:51.006";"2022-07-26";"11:11:51";"SLCE";"";"Light Curve end ";""
"2022-07-26 11:12:47.911";"2022-07-26";"11:12:47";"SLCS";"";"Light Curve start ";"hm2-2"
"2022-07-26 11:12:47.911";"2022-07-26";"11:12:47";"REG1";"";"#1: alpha: - , ETRm: - , Ik: -   ( beta: - 0.035, ETRmPot: 26.259 ) ";""
"2022-07-26 11:12:47.911";"2022-07-26";"11:12:47";"REG2";"";"#1: alpha: 0.166, ETRm: 72.984, Ik: 439.545 ";""
"2022-07-26 11:12:49.597";"2022-07-26";"11:12:49";"FO";"298";"55";"215";"0";"0.744";"0.0";"-";"-";"55";"215";"0.744"
"2022-07-26 11:13:19.894";"2022-07-26";"11:13:19";"F";"299";"67";"176";"66";"0.619";"17.2";"52";"0.222";"55";"215";"0.744"
"2022-07-26 11:13:50.189";"2022-07-26";"11:13:50";"F";"300";"76";"159";"90";"0.522";"19.7";"50";"0.352";"55";"215";"0.744"
"2022-07-26 11:14:20.489";"2022-07-26";"11:14:20";"F";"301";"69";"144";"125";"0.521";"27.4";"49";"0.493";"55";"215";"0.744"
"2022-07-26 11:14:50.785";"2022-07-26";"11:14:50";"F";"302";"69";"123";"190";"0.439";"35.0";"46";"0.748";"55";"215";"0.744"
"2022-07-26 11:15:21.080";"2022-07-26";"11:15:21";"F";"303";"73";"111";"285";"0.342";"40.9";"44";"0.937";"55";"215";"0.744"
"2022-07-26 11:15:51.371";"2022-07-26";"11:15:51";"F";"304";"77";"103";"420";"0.252";"44.5";"43";"1.087";"55";"215";"0.744"
"2022-07-26 11:16:21.666";"2022-07-26";"11:16:21";"F";"305";"85";"107";"625";"0.206";"54.1";"44";"1.009";"55";"215";"0.744"
"2022-07-26 11:16:51.961";"2022-07-26";"11:16:51";"F";"306";"81";"106";"820";"0.236";"81.3";"44";"1.028";"55";"215";"0.744"
"2022-07-26 11:16:54.398";"2022-07-26";"11:16:54";"SLCE";"";"Light Curve end ";""
"2022-07-26 11:18:05.399";"2022-07-26";"11:18:05";"SLCS";"";"Light Curve start ";"hm2-3"
"2022-07-26 11:18:05.399";"2022-07-26";"11:18:05";"REG1";"";"#1: alpha: - , ETRm: - , Ik: -   ( beta: - 0.012, ETRmPot: 28.319 ) ";""
"2022-07-26 11:18:05.399";"2022-07-26";"11:18:05";"REG2";"";"#1: alpha: 0.220, ETRm: 36.030, Ik: 164.111 ";""
"2022-07-26 11:18:07.152";"2022-07-26";"11:18:07";"FO";"307";"92";"295";"0";"0.688";"0.0";"-";"-";"92";"295";"0.688"
"2022-07-26 11:18:37.449";"2022-07-26";"11:18:37";"F";"308";"109";"229";"66";"0.524";"14.5";"84";"0.288";"92";"295";"0.688"
"2022-07-26 11:19:07.741";"2022-07-26";"11:19:07";"F";"309";"104";"206";"90";"0.495";"18.7";"81";"0.432";"92";"295";"0.688"
"2022-07-26 11:19:38.032";"2022-07-26";"11:19:38";"F";"310";"112";"188";"125";"0.404";"21.2";"78";"0.569";"92";"295";"0.688"
"2022-07-26 11:20:08.335";"2022-07-26";"11:20:08";"F";"311";"112";"180";"190";"0.378";"30.2";"77";"0.639";"92";"295";"0.688"
"2022-07-26 11:20:38.626";"2022-07-26";"11:20:38";"F";"312";"119";"168";"285";"0.292";"35.0";"74";"0.756";"92";"295";"0.688"
"2022-07-26 11:21:08.921";"2022-07-26";"11:21:08";"F";"313";"130";"161";"420";"0.193";"34.0";"73";"0.832";"92";"295";"0.688"
"2022-07-26 11:21:39.220";"2022-07-26";"11:21:39";"F";"314";"132";"147";"625";"0.102";"26.8";"70";"1.007";"92";"295";"0.688"
"2022-07-26 11:22:09.517";"2022-07-26";"11:22:09";"F";"315";"130";"150";"820";"0.133";"45.8";"71";"0.967";"92";"295";"0.688"
"2022-07-26 11:22:11.952";"2022-07-26";"11:22:11";"SLCE";"";"Light Curve end ";""
"2022-07-26 11:22:57.694";"2022-07-26";"11:22:57";"SLCS";"";"Light Curve start ";"hm2-4"
"2022-07-26 11:22:57.694";"2022-07-26";"11:22:57";"REG1";"";"#1: alpha: - , ETRm: - , Ik: -   ( beta: - 0.043, ETRmPot: 31.417 ) ";""
"2022-07-26 11:22:57.694";"2022-07-26";"11:22:57";"REG2";"";"#1: alpha: 0.178, ETRm: 99.110, Ik: 556.737 ";""
"2022-07-26 11:22:59.408";"2022-07-26";"11:22:59";"FO";"316";"52";"157";"0";"0.669";"0.0";"-";"-";"52";"157";"0.669"
"2022-07-26 11:23:29.700";"2022-07-26";"11:23:29";"F";"317";"41";"143";"66";"0.713";"19.8";"50";"0.098";"52";"157";"0.669"
"2022-07-26 11:23:59.996";"2022-07-26";"11:23:59";"F";"318";"58";"134";"90";"0.567";"21.4";"49";"0.172";"52";"157";"0.669"
"2022-07-26 11:24:30.295";"2022-07-26";"11:24:30";"F";"319";"59";"121";"125";"0.512";"26.9";"47";"0.298";"52";"157";"0.669"
"2022-07-26 11:25:00.582";"2022-07-26";"11:25:00";"F";"320";"60";"116";"190";"0.483";"38.5";"47";"0.353";"52";"157";"0.669"
"2022-07-26 11:25:30.880";"2022-07-26";"11:25:30";"F";"321";"59";"101";"285";"0.416";"49.8";"44";"0.554";"52";"157";"0.669"
"2022-07-26 11:26:01.181";"2022-07-26";"11:26:01";"F";"322";"69";"98";"420";"0.296";"52.2";"43";"0.602";"52";"157";"0.669"
"2022-07-26 11:26:31.471";"2022-07-26";"11:26:31";"F";"323";"67";"92";"625";"0.272";"71.4";"42";"0.707";"52";"157";"0.669"
"2022-07-26 11:27:01.765";"2022-07-26";"11:27:01";"F";"324";"68";"95";"820";"0.284";"97.8";"43";"0.653";"52";"157";"0.669"
"2022-07-26 11:27:04.173";"2022-07-26";"11:27:04";"SLCE";"";"Light Curve end ";""
"2022-07-26 11:27:59.323";"2022-07-26";"11:27:59";"SLCS";"";"Light Curve start ";"hul2-1"
"2022-07-26 11:27:59.323";"2022-07-26";"11:27:59";"REG1";"";"#1: alpha: - , ETRm: - , Ik: -   ( beta: - 0.034, ETRmPot: 29.462 ) ";""
"2022-07-26 11:27:59.323";"2022-07-26";"11:27:59";"REG2";"";"#1: alpha: 0.149, ETRm: 77.239, Ik: 516.863 ";""
"2022-07-26 11:28:01.062";"2022-07-26";"11:28:01";"FO";"325";"68";"170";"0";"0.600";"0.0";"-";"-";"68";"170";"0.600"
"2022-07-26 11:28:31.354";"2022-07-26";"11:28:31";"F";"326";"115";"165";"66";"0.303";"8.4";"67";"0.030";"68";"170";"0.600"
"2022-07-26 11:29:01.650";"2022-07-26";"11:29:01";"F";"327";"74";"153";"90";"0.516";"19.5";"65";"0.111";"68";"170";"0.600"
"2022-07-26 11:29:31.940";"2022-07-26";"11:29:31";"F";"328";"81";"139";"125";"0.417";"21.9";"62";"0.223";"68";"170";"0.600"
"2022-07-26 11:30:02.241";"2022-07-26";"11:30:02";"F";"329";"86";"138";"190";"0.377";"30.1";"62";"0.232";"68";"170";"0.600"
"2022-07-26 11:30:32.534";"2022-07-26";"11:30:32";"F";"330";"93";"133";"285";"0.301";"36.0";"61";"0.278";"68";"170";"0.600"
"2022-07-26 11:31:02.831";"2022-07-26";"11:31:02";"F";"331";"89";"130";"420";"0.315";"55.6";"61";"0.308";"68";"170";"0.600"
"2022-07-26 11:31:33.127";"2022-07-26";"11:31:33";"F";"332";"95";"117";"625";"0.188";"49.4";"58";"0.453";"68";"170";"0.600"
"2022-07-26 11:32:03.417";"2022-07-26";"11:32:03";"F";"333";"98";"128";"820";"0.234";"80.6";"60";"0.328";"68";"170";"0.600"
"2022-07-26 11:32:05.849";"2022-07-26";"11:32:05";"SLCE";"";"Light Curve end ";""
"2022-07-26 11:32:57.991";"2022-07-26";"11:32:57";"SLCS";"";"Light Curve start ";"hul2-2"
"2022-07-26 11:32:57.991";"2022-07-26";"11:32:57";"REG1";"";"#1: alpha: - , ETRm: - , Ik: -   ( beta: - 0.016, ETRmPot: 32.558 ) ";""
"2022-07-26 11:32:57.991";"2022-07-26";"11:32:57";"REG2";"";"#1: alpha: 0.238, ETRm: 43.828, Ik: 184.404 ";""
"2022-07-26 11:32:59.716";"2022-07-26";"11:32:59";"FO";"334";"68";"235";"0";"0.711";"0.0";"-";"-";"68";"235";"0.711"
"2022-07-26 11:33:30.008";"2022-07-26";"11:33:30";"F";"335";"82";"201";"66";"0.592";"16.4";"65";"0.169";"68";"235";"0.711"
"2022-07-26 11:34:00.308";"2022-07-26";"11:34:00";"F";"336";"71";"188";"90";"0.622";"23.5";"63";"0.250";"68";"235";"0.711"
"2022-07-26 11:34:30.596";"2022-07-26";"11:34:30";"F";"337";"76";"169";"125";"0.550";"28.9";"61";"0.391";"68";"235";"0.711"
"2022-07-26 11:35:00.897";"2022-07-26";"11:35:00";"F";"338";"87";"135";"190";"0.356";"28.4";"56";"0.741";"68";"235";"0.711"
"2022-07-26 11:35:31.193";"2022-07-26";"11:35:31";"F";"339";"87";"123";"285";"0.293";"35.1";"54";"0.911";"68";"235";"0.711"
"2022-07-26 11:36:01.487";"2022-07-26";"11:36:01";"F";"340";"83";"114";"420";"0.272";"48.0";"52";"1.061";"68";"235";"0.711"
"2022-07-26 11:36:31.783";"2022-07-26";"11:36:31";"F";"341";"92";"106";"625";"0.132";"34.7";"50";"1.217";"68";"235";"0.711"
"2022-07-26 11:37:02.070";"2022-07-26";"11:37:02";"F";"342";"94";"111";"820";"0.153";"52.7";"51";"1.117";"68";"235";"0.711"
"2022-07-26 11:37:04.870";"2022-07-26";"11:37:04";"SLCE";"";"Light Curve end ";""
"2022-07-26 11:37:24.913";"2022-07-26";"11:37:24";"SLCS";"";"Light Curve start ";"hul2-3"
"2022-07-26 11:37:24.913";"2022-07-26";"11:37:24";"REG1";"";"#1: alpha: - , ETRm: - , Ik: -   ( beta: - 0.021, ETRmPot: 29.838 ) ";""
"2022-07-26 11:37:24.913";"2022-07-26";"11:37:24";"REG2";"";"#1: alpha: 0.221, ETRm: 45.589, Ik: 206.415 ";""
"2022-07-26 11:37:26.571";"2022-07-26";"11:37:26";"FO";"343";"52";"219";"0";"0.763";"0.0";"-";"-";"52";"219";"0.763"
"2022-07-26 11:37:56.868";"2022-07-26";"11:37:56";"F";"344";"79";"170";"66";"0.535";"14.8";"49";"0.288";"52";"219";"0.763"
"2022-07-26 11:38:27.162";"2022-07-26";"11:38:27";"F";"345";"77";"156";"90";"0.506";"19.1";"47";"0.404";"52";"219";"0.763"
"2022-07-26 11:38:57.461";"2022-07-26";"11:38:57";"F";"346";"67";"140";"125";"0.521";"27.4";"46";"0.564";"52";"219";"0.763"
"2022-07-26 11:39:27.757";"2022-07-26";"11:39:27";"F";"347";"74";"126";"190";"0.413";"33.0";"44";"0.738";"52";"219";"0.763"
"2022-07-26 11:39:58.046";"2022-07-26";"11:39:58";"F";"348";"79";"123";"285";"0.358";"42.9";"44";"0.780";"52";"219";"0.763"
"2022-07-26 11:40:28.340";"2022-07-26";"11:40:28";"F";"349";"98";"114";"420";"0.140";"24.7";"43";"0.921";"52";"219";"0.763"
"2022-07-26 11:40:58.638";"2022-07-26";"11:40:58";"F";"350";"87";"110";"625";"0.209";"54.9";"42";"0.991";"52";"219";"0.763"
"2022-07-26 11:41:28.931";"2022-07-26";"11:41:28";"F";"351";"87";"102";"820";"0.147";"50.6";"41";"1.147";"52";"219";"0.763"
"2022-07-26 11:41:32.087";"2022-07-26";"11:41:32";"SLCE";"";"Light Curve end ";""
"2022-07-26 11:42:04.264";"2022-07-26";"11:42:04";"SLCS";"";"Light Curve start ";"hul2-4"
"2022-07-26 11:42:04.264";"2022-07-26";"11:42:04";"REG1";"";"#1: alpha: - , ETRm: - , Ik: -   ( beta: - 0.015, ETRmPot: 37.681 ) ";""
"2022-07-26 11:42:04.264";"2022-07-26";"11:42:04";"REG2";"";"#1: alpha: 0.234, ETRm: 47.978, Ik: 205.330 ";""
"2022-07-26 11:42:05.930";"2022-07-26";"11:42:05";"FO";"352";"85";"281";"0";"0.698";"0.0";"-";"-";"85";"281";"0.698"
"2022-07-26 11:42:36.219";"2022-07-26";"11:42:36";"F";"353";"116";"257";"66";"0.549";"15.2";"83";"0.093";"85";"281";"0.698"
"2022-07-26 11:43:06.514";"2022-07-26";"11:43:06";"F";"354";"96";"235";"90";"0.591";"22.3";"80";"0.196";"85";"281";"0.698"
"2022-07-26 11:43:36.815";"2022-07-26";"11:43:36";"F";"355";"105";"218";"125";"0.518";"27.2";"78";"0.289";"85";"281";"0.698"
"2022-07-26 11:44:07.114";"2022-07-26";"11:44:07";"F";"356";"103";"189";"190";"0.455";"36.3";"74";"0.487";"85";"281";"0.698"
"2022-07-26 11:44:37.408";"2022-07-26";"11:44:37";"F";"357";"116";"163";"285";"0.288";"34.5";"70";"0.724";"85";"281";"0.698"
"2022-07-26 11:45:07.702";"2022-07-26";"11:45:07";"F";"358";"114";"159";"420";"0.283";"49.9";"69";"0.767";"85";"281";"0.698"
"2022-07-26 11:45:37.991";"2022-07-26";"11:45:37";"F";"359";"127";"151";"625";"0.159";"41.7";"67";"0.861";"85";"281";"0.698"
"2022-07-26 11:46:08.295";"2022-07-26";"11:46:08";"F";"360";"127";"151";"820";"0.159";"54.8";"67";"0.861";"85";"281";"0.698"
"2022-07-26 11:46:11.545";"2022-07-26";"11:46:11";"SLCE";"";"Light Curve end ";""
"2022-07-26 11:46:58.032";"2022-07-26";"11:46:58";"SLCS";"";"Light Curve start ";"hm3-1"
"2022-07-26 11:46:58.032";"2022-07-26";"11:46:58";"REG1";"";"#1: alpha: 0.303, ETRm: 54.621, Ik: 180.357   ( beta: 0.027, ETRmPot: 74.108 ) ";""
"2022-07-26 11:46:58.032";"2022-07-26";"11:46:58";"REG2";"";"#1: alpha: 0.251, ETRm: 53.951, Ik: 214.698 ";""
"2022-07-26 11:46:59.782";"2022-07-26";"11:46:59";"FO";"361";"60";"222";"0";"0.730";"0.0";"-";"-";"60";"222";"0.730"
"2022-07-26 11:47:30.075";"2022-07-26";"11:47:30";"F";"362";"60";"196";"66";"0.694";"19.2";"58";"0.133";"60";"222";"0.730"
"2022-07-26 11:48:00.376";"2022-07-26";"11:48:00";"F";"363";"79";"178";"90";"0.556";"21.0";"56";"0.247";"60";"222";"0.730"
"2022-07-26 11:48:30.672";"2022-07-26";"11:48:30";"F";"364";"75";"157";"125";"0.522";"27.4";"54";"0.414";"60";"222";"0.730"
"2022-07-26 11:49:00.962";"2022-07-26";"11:49:00";"F";"365";"68";"138";"190";"0.507";"40.5";"52";"0.609";"60";"222";"0.730"
"2022-07-26 11:49:31.260";"2022-07-26";"11:49:31";"F";"366";"82";"125";"285";"0.344";"41.2";"50";"0.776";"60";"222";"0.730"
"2022-07-26 11:50:01.553";"2022-07-26";"11:50:01";"F";"367";"84";"122";"420";"0.311";"54.9";"49";"0.820";"60";"222";"0.730"
"2022-07-26 11:50:31.852";"2022-07-26";"11:50:31";"F";"368";"95";"120";"625";"0.208";"54.6";"49";"0.850";"60";"222";"0.730"
"2022-07-26 11:51:02.140";"2022-07-26";"11:51:02";"F";"369";"99";"117";"820";"0.154";"53.0";"48";"0.897";"60";"222";"0.730"
"2022-07-26 11:51:05.198";"2022-07-26";"11:51:05";"SLCE";"";"Light Curve end ";""
"2022-07-26 11:51:30.041";"2022-07-26";"11:51:30";"SLCS";"";"Light Curve start ";"hm3-2"
"2022-07-26 11:51:30.041";"2022-07-26";"11:51:30";"REG1";"";"#1: alpha: 0.222, ETRm: 43.857, Ik: 197.552   ( beta: 1.249, ETRmPot: 729.548 ) ";""
"2022-07-26 11:51:30.041";"2022-07-26";"11:51:30";"REG2";"";"#1: alpha: 0.197, ETRm: 42.392, Ik: 215.420 ";""
"2022-07-26 11:51:31.743";"2022-07-26";"11:51:31";"FO";"370";"74";"234";"0";"0.684";"0.0";"-";"-";"74";"234";"0.684"
"2022-07-26 11:52:02.033";"2022-07-26";"11:52:02";"F";"371";"82";"192";"66";"0.573";"15.9";"69";"0.219";"74";"234";"0.684"
"2022-07-26 11:52:32.332";"2022-07-26";"11:52:32";"F";"372";"75";"175";"90";"0.571";"21.6";"67";"0.337";"74";"234";"0.684"
"2022-07-26 11:53:02.630";"2022-07-26";"11:53:02";"F";"373";"92";"160";"125";"0.425";"22.3";"65";"0.463";"74";"234";"0.684"
"2022-07-26 11:53:32.924";"2022-07-26";"11:53:32";"F";"374";"90";"135";"190";"0.333";"26.6";"60";"0.733";"74";"234";"0.684"
"2022-07-26 11:54:03.218";"2022-07-26";"11:54:03";"F";"375";"99";"130";"285";"0.238";"28.5";"59";"0.800";"74";"234";"0.684"
"2022-07-26 11:54:33.509";"2022-07-26";"11:54:33";"F";"376";"90";"126";"420";"0.286";"50.5";"58";"0.857";"74";"234";"0.684"
"2022-07-26 11:55:03.804";"2022-07-26";"11:55:03";"F";"377";"105";"126";"625";"0.167";"43.8";"58";"0.857";"74";"234";"0.684"
"2022-07-26 11:55:34.103";"2022-07-26";"11:55:34";"F";"378";"105";"118";"820";"0.110";"37.9";"56";"0.983";"74";"234";"0.684"
"2022-07-26 11:55:37.157";"2022-07-26";"11:55:37";"SLCE";"";"Light Curve end ";""
"2022-07-26 11:56:09.176";"2022-07-26";"11:56:09";"SLCS";"";"Light Curve start ";"hm3-3"
"2022-07-26 11:56:09.176";"2022-07-26";"11:56:09";"REG1";"";"#1: alpha: - , ETRm: - , Ik: -   ( beta: - 0.021, ETRmPot: 29.716 ) ";""
"2022-07-26 11:56:09.176";"2022-07-26";"11:56:09";"REG2";"";"#1: alpha: 0.163, ETRm: 48.532, Ik: 298.272 ";""
"2022-07-26 11:56:10.900";"2022-07-26";"11:56:10";"FO";"379";"91";"207";"0";"0.560";"0.0";"-";"-";"91";"207";"0.560"
"2022-07-26 11:56:41.196";"2022-07-26";"11:56:41";"F";"380";"102";"196";"66";"0.480";"13.3";"89";"0.056";"91";"207";"0.560"
"2022-07-26 11:57:11.487";"2022-07-26";"11:57:11";"F";"381";"105";"192";"90";"0.453";"17.1";"88";"0.078";"91";"207";"0.560"
"2022-07-26 11:57:41.787";"2022-07-26";"11:57:41";"F";"382";"110";"174";"125";"0.368";"19.3";"84";"0.190";"91";"207";"0.560"
"2022-07-26 11:58:12.075";"2022-07-26";"11:58:12";"F";"383";"111";"169";"190";"0.343";"27.4";"83";"0.225";"91";"207";"0.560"
"2022-07-26 11:58:42.379";"2022-07-26";"11:58:42";"F";"384";"114";"164";"285";"0.305";"36.5";"82";"0.262";"91";"207";"0.560"
"2022-07-26 11:59:12.665";"2022-07-26";"11:59:12";"F";"385";"119";"152";"420";"0.217";"38.3";"79";"0.362";"91";"207";"0.560"
"2022-07-26 11:59:42.962";"2022-07-26";"11:59:42";"F";"386";"122";"146";"625";"0.164";"43.1";"77";"0.418";"91";"207";"0.560"
"2022-07-26 12:00:13.258";"2022-07-26";"12:00:13";"F";"387";"123";"146";"820";"0.158";"54.4";"77";"0.418";"91";"207";"0.560"
"2022-07-26 12:00:16.522";"2022-07-26";"12:00:16";"SLCE";"";"Light Curve end ";""
"2022-07-26 12:00:31.487";"2022-07-26";"12:00:31";"SLCS";"";"Light Curve start ";"hm3-4"
"2022-07-26 12:00:31.487";"2022-07-26";"12:00:31";"REG1";"";"#1: alpha: 0.274, ETRm: 42.740, Ik: 156.108   ( beta: 7.002, ETRmPot: 3029.175 ) ";""
"2022-07-26 12:00:31.487";"2022-07-26";"12:00:31";"REG2";"";"#1: alpha: 0.249, ETRm: 39.004, Ik: 156.653 ";""
"2022-07-26 12:00:33.156";"2022-07-26";"12:00:33";"FO";"388";"85";"299";"0";"0.716";"0.0";"-";"-";"85";"299";"0.716"
"2022-07-26 12:01:03.455";"2022-07-26";"12:01:03";"F";"389";"111";"251";"66";"0.558";"15.5";"81";"0.191";"85";"299";"0.716"
"2022-07-26 12:01:33.746";"2022-07-26";"12:01:33";"F";"390";"108";"233";"90";"0.536";"20.3";"79";"0.283";"85";"299";"0.716"
"2022-07-26 12:02:04.040";"2022-07-26";"12:02:04";"F";"391";"110";"206";"125";"0.466";"24.5";"75";"0.451";"85";"299";"0.716"
"2022-07-26 12:02:34.341";"2022-07-26";"12:02:34";"F";"392";"114";"193";"190";"0.409";"32.6";"74";"0.549";"85";"299";"0.716"
"2022-07-26 12:03:04.630";"2022-07-26";"12:03:04";"F";"393";"119";"176";"285";"0.324";"38.8";"71";"0.699";"85";"299";"0.716"
"2022-07-26 12:03:34.925";"2022-07-26";"12:03:34";"F";"394";"126";"168";"420";"0.250";"44.1";"70";"0.780";"85";"299";"0.716"
"2022-07-26 12:04:05.222";"2022-07-26";"12:04:05";"F";"395";"129";"154";"625";"0.162";"42.5";"67";"0.942";"85";"299";"0.716"
"2022-07-26 12:04:35.522";"2022-07-26";"12:04:35";"F";"396";"140";"153";"820";"0.085";"29.3";"67";"0.954";"85";"299";"0.716"
"2022-07-26 12:04:38.011";"2022-07-26";"12:04:38";"SLCE";"";"Light Curve end ";""
"2022-07-26 12:04:57.748";"2022-07-26";"12:04:57";"SLCS";"";"Light Curve start ";"hul3-1"
"2022-07-26 12:04:57.748";"2022-07-26";"12:04:57";"REG1";"";"#1: alpha: - , ETRm: - , Ik: -   ( beta: - 0.015, ETRmPot: 33.697 ) ";""
"2022-07-26 12:04:57.748";"2022-07-26";"12:04:57";"REG2";"";"#1: alpha: 0.191, ETRm: 45.215, Ik: 236.928 ";""
"2022-07-26 12:04:59.414";"2022-07-26";"12:04:59";"FO";"397";"87";"272";"0";"0.680";"0.0";"-";"-";"87";"272";"0.680"
"2022-07-26 12:05:29.716";"2022-07-26";"12:05:29";"F";"398";"96";"222";"66";"0.568";"15.7";"81";"0.225";"87";"272";"0.680"
"2022-07-26 12:06:00.011";"2022-07-26";"12:06:00";"F";"399";"88";"192";"90";"0.542";"20.5";"77";"0.417";"87";"272";"0.680"
"2022-07-26 12:06:30.301";"2022-07-26";"12:06:30";"F";"400";"95";"166";"125";"0.428";"22.5";"72";"0.639";"87";"272";"0.680"
"2022-07-26 12:07:00.596";"2022-07-26";"12:07:00";"F";"401";"93";"152";"190";"0.388";"31.0";"69";"0.789";"87";"272";"0.680"
"2022-07-26 12:07:30.892";"2022-07-26";"12:07:30";"F";"402";"104";"141";"285";"0.262";"31.4";"67";"0.929";"87";"272";"0.680"
"2022-07-26 12:08:01.185";"2022-07-26";"12:08:01";"F";"403";"106";"135";"420";"0.215";"37.9";"66";"1.015";"87";"272";"0.680"
"2022-07-26 12:08:31.487";"2022-07-26";"12:08:31";"F";"404";"108";"134";"625";"0.194";"50.9";"65";"1.030";"87";"272";"0.680"
"2022-07-26 12:09:01.782";"2022-07-26";"12:09:01";"F";"405";"118";"136";"820";"0.132";"45.5";"66";"1.000";"87";"272";"0.680"
"2022-07-26 12:09:04.419";"2022-07-26";"12:09:04";"SLCE";"";"Light Curve end ";""
"2022-07-26 12:09:34.397";"2022-07-26";"12:09:34";"SLCS";"";"Light Curve start ";"hul3-2"
"2022-07-26 12:09:34.397";"2022-07-26";"12:09:34";"REG1";"";"#1: alpha: - , ETRm: - , Ik: -   ( beta: - 0.027, ETRmPot: 36.191 ) ";""
"2022-07-26 12:09:34.397";"2022-07-26";"12:09:34";"REG2";"";"#1: alpha: 0.204, ETRm: 60.869, Ik: 298.017 ";""
"2022-07-26 12:09:36.070";"2022-07-26";"12:09:36";"FO";"406";"66";"194";"0";"0.660";"0.0";"-";"-";"66";"194";"0.660"
"2022-07-26 12:10:06.372";"2022-07-26";"12:10:06";"F";"407";"76";"176";"66";"0.568";"15.7";"64";"0.102";"66";"194";"0.660"
"2022-07-26 12:10:36.665";"2022-07-26";"12:10:36";"F";"408";"70";"160";"90";"0.563";"21.3";"62";"0.213";"66";"194";"0.660"
"2022-07-26 12:11:06.960";"2022-07-26";"12:11:06";"F";"409";"78";"161";"125";"0.516";"27.1";"62";"0.205";"66";"194";"0.660"
"2022-07-26 12:11:37.256";"2022-07-26";"12:11:37";"F";"410";"81";"143";"190";"0.434";"34.6";"59";"0.357";"66";"194";"0.660"
"2022-07-26 12:12:07.548";"2022-07-26";"12:12:07";"F";"411";"91";"138";"285";"0.341";"40.8";"58";"0.406";"66";"194";"0.660"
"2022-07-26 12:12:37.848";"2022-07-26";"12:12:37";"F";"412";"89";"128";"420";"0.305";"53.8";"56";"0.516";"66";"194";"0.660"
"2022-07-26 12:13:08.140";"2022-07-26";"12:13:08";"F";"413";"98";"121";"625";"0.190";"49.9";"55";"0.603";"66";"194";"0.660"
"2022-07-26 12:13:38.440";"2022-07-26";"12:13:38";"F";"414";"94";"118";"820";"0.203";"69.9";"54";"0.644";"66";"194";"0.660"
"2022-07-26 12:13:41.090";"2022-07-26";"12:13:41";"SLCE";"";"Light Curve end ";""
"2022-07-26 12:15:16.508";"2022-07-26";"12:15:16";"SLCS";"";"Light Curve start ";"hul3-3"
"2022-07-26 12:15:16.508";"2022-07-26";"12:15:16";"REG1";"";"#1: alpha: - , ETRm: - , Ik: -   ( beta: - 0.029, ETRmPot: 15.704 ) ";""
"2022-07-26 12:15:16.508";"2022-07-26";"12:15:16";"REG2";"";"#1: alpha: 0.090, ETRm: 145.855, Ik: 1619.711 ";""
"2022-07-26 12:15:18.225";"2022-07-26";"12:15:18";"FO";"415";"57";"222";"0";"0.743";"0.0";"-";"-";"57";"222";"0.743"
"2022-07-26 12:15:48.518";"2022-07-26";"12:15:48";"F";"416";"99";"170";"66";"0.418";"11.6";"53";"0.306";"57";"222";"0.743"
"2022-07-26 12:16:18.810";"2022-07-26";"12:16:18";"F";"417";"81";"151";"90";"0.464";"17.5";"51";"0.470";"57";"222";"0.743"
"2022-07-26 12:16:49.105";"2022-07-26";"12:16:49";"F";"418";"82";"135";"125";"0.393";"20.6";"49";"0.644";"57";"222";"0.743"
"2022-07-26 12:17:19.406";"2022-07-26";"12:17:19";"F";"419";"83";"124";"190";"0.331";"26.4";"47";"0.790";"57";"222";"0.743"
"2022-07-26 12:17:49.701";"2022-07-26";"12:17:49";"F";"420";"83";"114";"285";"0.272";"32.6";"46";"0.947";"57";"222";"0.743"
"2022-07-26 12:18:19.995";"2022-07-26";"12:18:19";"F";"421";"90";"114";"420";"0.211";"37.2";"46";"0.947";"57";"222";"0.743"
"2022-07-26 12:18:50.285";"2022-07-26";"12:18:50";"F";"422";"98";"110";"625";"0.109";"28.6";"45";"1.018";"57";"222";"0.743"
"2022-07-26 12:19:20.580";"2022-07-26";"12:19:20";"F";"423";"90";"117";"820";"0.231";"79.6";"46";"0.897";"57";"222";"0.743"
"2022-07-26 12:19:23.533";"2022-07-26";"12:19:23";"SLCE";"";"Light Curve end ";""
"2022-07-26 12:20:24.895";"2022-07-26";"12:20:24";"SLCS";"";"Light Curve start ";"hul3-4"
"2022-07-26 12:20:24.895";"2022-07-26";"12:20:24";"REG1";"";"#1: alpha: - , ETRm: - , Ik: -   ( beta: - 0.003, ETRmPot: 51.916 ) ";""
"2022-07-26 12:20:24.895";"2022-07-26";"12:20:24";"REG2";"";"#1: alpha: 0.235, ETRm: 52.215, Ik: 221.843 ";""
"2022-07-26 12:20:26.572";"2022-07-26";"12:20:26";"FO";"424";"70";"236";"0";"0.703";"0.0";"-";"-";"70";"236";"0.703"
"2022-07-26 12:20:56.863";"2022-07-26";"12:20:56";"F";"425";"91";"223";"66";"0.592";"16.4";"69";"0.058";"70";"236";"0.703"
"2022-07-26 12:21:27.160";"2022-07-26";"12:21:27";"F";"426";"93";"207";"90";"0.551";"20.8";"67";"0.140";"70";"236";"0.703"
"2022-07-26 12:21:57.461";"2022-07-26";"12:21:57";"F";"427";"99";"192";"125";"0.484";"25.4";"66";"0.229";"70";"236";"0.703"
"2022-07-26 12:22:27.757";"2022-07-26";"12:22:27";"F";"428";"96";"167";"190";"0.425";"33.9";"62";"0.413";"70";"236";"0.703"
"2022-07-26 12:22:58.048";"2022-07-26";"12:22:58";"F";"429";"95";"161";"285";"0.410";"49.1";"62";"0.466";"70";"236";"0.703"
"2022-07-26 12:23:28.342";"2022-07-26";"12:23:28";"F";"430";"108";"148";"420";"0.270";"47.6";"60";"0.595";"70";"236";"0.703"
"2022-07-26 12:23:58.643";"2022-07-26";"12:23:58";"F";"431";"116";"142";"625";"0.183";"48.0";"59";"0.662";"70";"236";"0.703"
"2022-07-26 12:24:28.938";"2022-07-26";"12:24:28";"F";"432";"113";"135";"820";"0.163";"56.1";"57";"0.748";"70";"236";"0.703"
"2022-07-26 12:24:31.718";"2022-07-26";"12:24:31";"SLCE";"";"Light Curve end ";""
