"2022-04-21";"12:13:04";"WinControl (rev 1142) report file"
"Datetime";"Date";"Time";"Type";"No.";"1:F";"1:Fm'";"1:PAR";"1:Y (II)";"1:ETR";"1:Fo'";"1:NPQ";"1:Fo";"1:Fm";"1:Fv/Fm"
"";"";"";"D";"";"Device Nr: #1, JUNIOR-PAM-II (CFMG0360A) ";""
"2022-04-21 08:05:58.341";"2022-04-21";"08:05:58";"SCHS";"";"Chart start ";""
"2022-04-21 08:08:27.327";"2022-04-21";"08:08:27";"SLCS";"";"Light Curve start ";"Hm1-1"
"2022-04-21 08:08:27.327";"2022-04-21";"08:08:27";"REG1";"";"#1: alpha: - , ETRm: - , Ik: -   ( beta: - 0.001, ETRmPot: 22.792 ) ";""
"2022-04-21 08:08:27.327";"2022-04-21";"08:08:27";"REG2";"";"#1: alpha: 0.280, ETRm: 23.238, Ik: 82.949 ";""
"2022-04-21 08:08:29.017";"2022-04-21";"08:08:29";"FO";"1";"84";"192";"0";"0.563";"0.0";"-";"-";"84";"192";"0.563"
"2022-04-21 08:08:59.314";"2022-04-21";"08:08:59";"F";"2";"91";"195";"66";"0.533";"14.8";"85";"- 0.015";"84";"192";"0.563"
"2022-04-21 08:09:29.605";"2022-04-21";"08:09:29";"F";"3";"89";"177";"90";"0.497";"18.8";"81";"0.085";"84";"192";"0.563"
"2022-04-21 08:09:59.897";"2022-04-21";"08:09:59";"F";"4";"86";"146";"125";"0.411";"21.6";"74";"0.315";"84";"192";"0.563"
"2022-04-21 08:10:30.192";"2022-04-21";"08:10:30";"F";"5";"89";"124";"190";"0.282";"22.5";"68";"0.548";"84";"192";"0.563"
"2022-04-21 08:11:00.494";"2022-04-21";"08:11:00";"F";"6";"89";"111";"285";"0.198";"23.7";"64";"0.730";"84";"192";"0.563"
"2022-04-21 08:11:30.790";"2022-04-21";"08:11:30";"F";"7";"90";"104";"420";"0.135";"23.8";"61";"0.846";"84";"192";"0.563"
"2022-04-21 08:12:01.079";"2022-04-21";"08:12:01";"F";"8";"93";"100";"625";"0.070";"18.4";"60";"0.920";"84";"192";"0.563"
"2022-04-21 08:12:31.384";"2022-04-21";"08:12:31";"F";"9";"95";"103";"820";"0.078";"26.9";"61";"0.864";"84";"192";"0.563"
"2022-04-21 08:12:33.939";"2022-04-21";"08:12:33";"SLCE";"";"Light Curve end ";""
"2022-04-21 08:12:52.482";"2022-04-21";"08:12:52";"SLCS";"";"Light Curve start ";"Hm1-2"
"2022-04-21 08:12:52.482";"2022-04-21";"08:12:52";"REG1";"";"#1: alpha: 0.336, ETRm: 29.135, Ik: 86.621   ( beta: 0.002, ETRmPot: 30.319 ) ";""
"2022-04-21 08:12:52.482";"2022-04-21";"08:12:52";"REG2";"";"#1: alpha: 0.255, ETRm: 28.684, Ik: 112.626 ";""
"2022-04-21 08:12:54.179";"2022-04-21";"08:12:54";"FO";"10";"93";"271";"0";"0.657";"0.0";"-";"-";"93";"271";"0.657"
"2022-04-21 08:13:24.472";"2022-04-21";"08:13:24";"F";"11";"104";"256";"66";"0.594";"16.5";"91";"0.059";"93";"271";"0.657"
"2022-04-21 08:13:54.767";"2022-04-21";"08:13:54";"F";"12";"89";"184";"90";"0.516";"19.5";"80";"0.473";"93";"271";"0.657"
"2022-04-21 08:14:25.062";"2022-04-21";"08:14:25";"F";"13";"89";"152";"125";"0.414";"21.7";"73";"0.783";"93";"271";"0.657"
"2022-04-21 08:14:55.362";"2022-04-21";"08:14:55";"F";"14";"92";"135";"190";"0.319";"25.5";"69";"1.007";"93";"271";"0.657"
"2022-04-21 08:15:25.656";"2022-04-21";"08:15:25";"F";"15";"89";"117";"285";"0.239";"28.6";"64";"1.316";"93";"271";"0.657"
"2022-04-21 08:15:55.945";"2022-04-21";"08:15:55";"F";"16";"88";"105";"420";"0.162";"28.6";"60";"1.581";"93";"271";"0.657"
"2022-04-21 08:16:26.240";"2022-04-21";"08:16:26";"F";"17";"89";"101";"625";"0.119";"31.2";"59";"1.683";"93";"271";"0.657"
"2022-04-21 08:16:56.538";"2022-04-21";"08:16:56";"F";"18";"93";"101";"820";"0.079";"27.2";"59";"1.683";"93";"271";"0.657"
"2022-04-21 08:16:59.825";"2022-04-21";"08:16:59";"SLCE";"";"Light Curve end ";""
"2022-04-21 08:17:54.823";"2022-04-21";"08:17:54";"SLCS";"";"Light Curve start ";"Hm1-3"
"2022-04-21 08:17:54.823";"2022-04-21";"08:17:54";"REG1";"";"#1: alpha: - , ETRm: - , Ik: -   ( beta: - 0.011, ETRmPot: 27.216 ) ";""
"2022-04-21 08:17:54.823";"2022-04-21";"08:17:54";"REG2";"";"#1: alpha: 0.261, ETRm: 33.593, Ik: 128.663 ";""
"2022-04-21 08:17:56.531";"2022-04-21";"08:17:56";"FO";"19";"56";"168";"0";"0.667";"0.0";"-";"-";"56";"168";"0.667"
"2022-04-21 08:18:26.830";"2022-04-21";"08:18:26";"F";"20";"63";"158";"66";"0.601";"16.7";"55";"0.063";"56";"168";"0.667"
"2022-04-21 08:18:57.127";"2022-04-21";"08:18:57";"F";"21";"66";"154";"90";"0.571";"21.6";"54";"0.091";"56";"168";"0.667"
"2022-04-21 08:19:27.415";"2022-04-21";"08:19:27";"F";"22";"65";"120";"125";"0.458";"24.0";"49";"0.400";"56";"168";"0.667"
"2022-04-21 08:19:57.709";"2022-04-21";"08:19:57";"F";"23";"66";"104";"190";"0.365";"29.1";"46";"0.615";"56";"168";"0.667"
"2022-04-21 08:20:28.009";"2022-04-21";"08:20:28";"F";"24";"66";"90";"285";"0.267";"32.0";"43";"0.867";"56";"168";"0.667"
"2022-04-21 08:20:58.301";"2022-04-21";"08:20:58";"F";"25";"68";"84";"420";"0.190";"33.5";"42";"1.000";"56";"168";"0.667"
"2022-04-21 08:21:28.601";"2022-04-21";"08:21:28";"F";"26";"72";"80";"625";"0.100";"26.3";"41";"1.100";"56";"168";"0.667"
"2022-04-21 08:21:58.891";"2022-04-21";"08:21:58";"F";"27";"71";"81";"820";"0.123";"42.4";"41";"1.074";"56";"168";"0.667"
"2022-04-21 08:22:01.760";"2022-04-21";"08:22:01";"SLCE";"";"Light Curve end ";""
"2022-04-21 08:22:25.177";"2022-04-21";"08:22:25";"SLCS";"";"Light Curve start ";"Hm1-4"
"2022-04-21 08:22:25.177";"2022-04-21";"08:22:25";"REG1";"";"#1: alpha: 0.335, ETRm: 26.436, Ik: 78.885   ( beta: 0.008, ETRmPot: 29.758 ) ";""
"2022-04-21 08:22:25.177";"2022-04-21";"08:22:25";"REG2";"";"#1: alpha: 0.259, ETRm: 25.462, Ik: 98.254 ";""
"2022-04-21 08:22:26.888";"2022-04-21";"08:22:26";"FO";"28";"87";"232";"0";"0.625";"0.0";"-";"-";"87";"232";"0.625"
"2022-04-21 08:22:57.187";"2022-04-21";"08:22:57";"F";"29";"101";"211";"66";"0.521";"14.4";"84";"0.100";"87";"232";"0.625"
"2022-04-21 08:23:27.486";"2022-04-21";"08:23:27";"F";"30";"98";"187";"90";"0.476";"18.0";"80";"0.241";"87";"232";"0.625"
"2022-04-21 08:23:57.778";"2022-04-21";"08:23:57";"F";"31";"100";"172";"125";"0.419";"22.0";"77";"0.349";"87";"232";"0.625"
"2022-04-21 08:24:28.076";"2022-04-21";"08:24:28";"F";"32";"99";"147";"190";"0.327";"26.1";"71";"0.578";"87";"232";"0.625"
"2022-04-21 08:24:58.368";"2022-04-21";"08:24:58";"F";"33";"104";"135";"285";"0.230";"27.5";"69";"0.719";"87";"232";"0.625"
"2022-04-21 08:25:28.661";"2022-04-21";"08:25:28";"F";"34";"107";"125";"420";"0.144";"25.4";"66";"0.856";"87";"232";"0.625"
"2022-04-21 08:25:58.963";"2022-04-21";"08:25:58";"F";"35";"110";"120";"625";"0.083";"21.8";"64";"0.933";"87";"232";"0.625"
"2022-04-21 08:26:29.251";"2022-04-21";"08:26:29";"F";"36";"111";"120";"820";"0.075";"25.8";"64";"0.933";"87";"232";"0.625"
"2022-04-21 08:26:32.386";"2022-04-21";"08:26:32";"SLCE";"";"Light Curve end ";""
"2022-04-21 08:27:02.796";"2022-04-21";"08:27:02";"SLCS";"";"Light Curve start ";"HUl1-1"
"2022-04-21 08:27:02.796";"2022-04-21";"08:27:02";"REG1";"";"#1: alpha: - , ETRm: - , Ik: -   ( beta: - 0.005, ETRmPot: 23.296 ) ";""
"2022-04-21 08:27:02.796";"2022-04-21";"08:27:02";"REG2";"";"#1: alpha: 0.216, ETRm: 26.263, Ik: 121.731 ";""
"2022-04-21 08:27:04.549";"2022-04-21";"08:27:04";"FO";"37";"84";"209";"0";"0.598";"0.0";"-";"-";"84";"209";"0.598"
"2022-04-21 08:27:34.846";"2022-04-21";"08:27:34";"F";"38";"93";"182";"66";"0.489";"13.6";"79";"0.148";"84";"209";"0.598"
"2022-04-21 08:28:05.142";"2022-04-21";"08:28:05";"F";"39";"92";"170";"90";"0.459";"17.4";"77";"0.229";"84";"209";"0.598"
"2022-04-21 08:28:35.439";"2022-04-21";"08:28:35";"F";"40";"94";"149";"125";"0.369";"19.4";"72";"0.403";"84";"209";"0.598"
"2022-04-21 08:29:05.729";"2022-04-21";"08:29:05";"F";"41";"94";"132";"190";"0.288";"23.0";"68";"0.583";"84";"209";"0.598"
"2022-04-21 08:29:36.026";"2022-04-21";"08:29:36";"F";"42";"95";"121";"285";"0.215";"25.7";"65";"0.727";"84";"209";"0.598"
"2022-04-21 08:30:06.327";"2022-04-21";"08:30:06";"F";"43";"99";"116";"420";"0.147";"25.9";"64";"0.802";"84";"209";"0.598"
"2022-04-21 08:30:36.619";"2022-04-21";"08:30:36";"F";"44";"102";"112";"625";"0.089";"23.4";"62";"0.866";"84";"209";"0.598"
"2022-04-21 08:31:06.915";"2022-04-21";"08:31:06";"F";"45";"103";"113";"820";"0.088";"30.3";"63";"0.850";"84";"209";"0.598"
"2022-04-21 08:31:10.049";"2022-04-21";"08:31:10";"SLCE";"";"Light Curve end ";""
"2022-04-21 08:31:37.645";"2022-04-21";"08:31:37";"SLCS";"";"Light Curve start ";"HUl1-2"
"2022-04-21 08:31:37.645";"2022-04-21";"08:31:37";"REG1";"";"#1: alpha: - , ETRm: - , Ik: -   ( beta: - 0.002, ETRmPot: 20.962 ) ";""
"2022-04-21 08:31:37.645";"2022-04-21";"08:31:37";"REG2";"";"#1: alpha: 0.240, ETRm: 21.869, Ik: 91.251 ";""
"2022-04-21 08:31:39.309";"2022-04-21";"08:31:39";"FO";"46";"70";"244";"0";"0.713";"0.0";"-";"-";"70";"244";"0.713"
"2022-04-21 08:32:09.602";"2022-04-21";"08:32:09";"F";"47";"95";"186";"66";"0.489";"13.6";"64";"0.312";"70";"244";"0.713"
"2022-04-21 08:32:39.903";"2022-04-21";"08:32:39";"F";"48";"96";"172";"90";"0.442";"16.7";"62";"0.419";"70";"244";"0.713"
"2022-04-21 08:33:10.198";"2022-04-21";"08:33:10";"F";"49";"97";"152";"125";"0.362";"19.0";"60";"0.605";"70";"244";"0.713"
"2022-04-21 08:33:40.494";"2022-04-21";"08:33:40";"F";"50";"100";"136";"190";"0.265";"21.1";"57";"0.794";"70";"244";"0.713"
"2022-04-21 08:34:10.789";"2022-04-21";"08:34:10";"F";"51";"104";"126";"285";"0.175";"20.9";"55";"0.937";"70";"244";"0.713"
"2022-04-21 08:34:41.079";"2022-04-21";"08:34:41";"F";"52";"107";"122";"420";"0.123";"21.7";"54";"1.000";"70";"244";"0.713"
"2022-04-21 08:35:11.376";"2022-04-21";"08:35:11";"F";"53";"110";"120";"625";"0.083";"21.8";"54";"1.033";"70";"244";"0.713"
"2022-04-21 08:35:41.673";"2022-04-21";"08:35:41";"F";"54";"112";"120";"820";"0.067";"23.1";"54";"1.033";"70";"244";"0.713"
"2022-04-21 08:35:44.043";"2022-04-21";"08:35:44";"SLCE";"";"Light Curve end ";""
"2022-04-21 08:36:01.866";"2022-04-21";"08:36:01";"SLCS";"";"Light Curve start ";"HUl1-3"
"2022-04-21 08:36:01.866";"2022-04-21";"08:36:01";"REG1";"";"#1: alpha: - , ETRm: - , Ik: -   ( beta: - 0.001, ETRmPot: 30.318 ) ";""
"2022-04-21 08:36:01.866";"2022-04-21";"08:36:01";"REG2";"";"#1: alpha: 0.221, ETRm: 30.621, Ik: 138.326 ";""
"2022-04-21 08:36:03.569";"2022-04-21";"08:36:03";"FO";"55";"80";"248";"0";"0.677";"0.0";"-";"-";"80";"248";"0.677"
"2022-04-21 08:36:33.869";"2022-04-21";"08:36:33";"F";"56";"88";"181";"66";"0.514";"14.2";"71";"0.370";"80";"248";"0.677"
"2022-04-21 08:37:04.165";"2022-04-21";"08:37:04";"F";"57";"91";"169";"90";"0.462";"17.5";"70";"0.467";"80";"248";"0.677"
"2022-04-21 08:37:34.459";"2022-04-21";"08:37:34";"F";"58";"92";"161";"125";"0.429";"22.5";"68";"0.540";"80";"248";"0.677"
"2022-04-21 08:38:04.755";"2022-04-21";"08:38:04";"F";"59";"97";"143";"190";"0.322";"25.7";"65";"0.734";"80";"248";"0.677"
"2022-04-21 08:38:35.053";"2022-04-21";"08:38:35";"F";"60";"99";"131";"285";"0.244";"29.2";"62";"0.893";"80";"248";"0.677"
"2022-04-21 08:39:05.348";"2022-04-21";"08:39:05";"F";"61";"102";"123";"420";"0.171";"30.2";"60";"1.016";"80";"248";"0.677"
"2022-04-21 08:39:35.641";"2022-04-21";"08:39:35";"F";"62";"106";"120";"625";"0.117";"30.7";"60";"1.067";"80";"248";"0.677"
"2022-04-21 08:40:05.938";"2022-04-21";"08:40:05";"F";"63";"109";"120";"820";"0.092";"31.7";"60";"1.067";"80";"248";"0.677"
"2022-04-21 08:40:09.088";"2022-04-21";"08:40:09";"SLCE";"";"Light Curve end ";""
"2022-04-21 08:40:54.922";"2022-04-21";"08:40:54";"SLCS";"";"Light Curve start ";"HUl1-4"
"2022-04-21 08:40:54.922";"2022-04-21";"08:40:54";"REG1";"";"#1: alpha: 0.353, ETRm: 18.293, Ik: 51.856   ( beta: 0.002, ETRmPot: 19.028 ) ";""
"2022-04-21 08:40:54.922";"2022-04-21";"08:40:54";"REG2";"";"#1: alpha: 0.256, ETRm: 17.899, Ik: 70.036 ";""
"2022-04-21 08:40:56.630";"2022-04-21";"08:40:56";"FO";"64";"96";"266";"0";"0.639";"0.0";"-";"-";"96";"266";"0.639"
"2022-04-21 08:41:26.920";"2022-04-21";"08:41:26";"F";"65";"104";"187";"66";"0.444";"12.3";"83";"0.422";"96";"266";"0.639"
"2022-04-21 08:41:57.217";"2022-04-21";"08:41:57";"F";"66";"102";"179";"90";"0.430";"16.3";"82";"0.486";"96";"266";"0.639"
"2022-04-21 08:42:27.517";"2022-04-21";"08:42:27";"F";"67";"105";"156";"125";"0.327";"17.2";"77";"0.705";"96";"266";"0.639"
"2022-04-21 08:42:57.811";"2022-04-21";"08:42:57";"F";"68";"108";"139";"190";"0.223";"17.8";"72";"0.914";"96";"266";"0.639"
"2022-04-21 08:43:28.102";"2022-04-21";"08:43:28";"F";"69";"111";"131";"285";"0.153";"18.3";"70";"1.031";"96";"266";"0.639"
"2022-04-21 08:43:58.401";"2022-04-21";"08:43:58";"F";"70";"114";"128";"420";"0.109";"19.2";"69";"1.078";"96";"266";"0.639"
"2022-04-21 08:44:28.696";"2022-04-21";"08:44:28";"F";"71";"118";"125";"625";"0.056";"14.7";"68";"1.128";"96";"266";"0.639"
"2022-04-21 08:44:58.988";"2022-04-21";"08:44:58";"F";"72";"120";"127";"820";"0.055";"18.9";"69";"1.094";"96";"266";"0.639"
"2022-04-21 08:45:02.142";"2022-04-21";"08:45:02";"SLCE";"";"Light Curve end ";""
"2022-04-21 08:45:44.291";"2022-04-21";"08:45:44";"SLCS";"";"Light Curve start ";"Hm2-1"
"2022-04-21 08:45:44.291";"2022-04-21";"08:45:44";"REG1";"";"#1: alpha: - , ETRm: - , Ik: -   ( beta: - 0.009, ETRmPot: 22.407 ) ";""
"2022-04-21 08:45:44.291";"2022-04-21";"08:45:44";"REG2";"";"#1: alpha: 0.188, ETRm: 27.849, Ik: 148.504 ";""
"2022-04-21 08:45:45.990";"2022-04-21";"08:45:45";"FO";"73";"89";"284";"0";"0.687";"0.0";"-";"-";"89";"284";"0.687"
"2022-04-21 08:46:16.277";"2022-04-21";"08:46:16";"F";"74";"106";"181";"66";"0.414";"11.5";"76";"0.569";"89";"284";"0.687"
"2022-04-21 08:46:46.580";"2022-04-21";"08:46:46";"F";"75";"102";"172";"90";"0.407";"15.4";"74";"0.651";"89";"284";"0.687"
"2022-04-21 08:47:16.875";"2022-04-21";"08:47:16";"F";"76";"104";"165";"125";"0.370";"19.4";"73";"0.721";"89";"284";"0.687"
"2022-04-21 08:47:47.167";"2022-04-21";"08:47:47";"F";"77";"108";"154";"190";"0.299";"23.9";"70";"0.844";"89";"284";"0.687"
"2022-04-21 08:48:17.466";"2022-04-21";"08:48:17";"F";"78";"113";"144";"285";"0.215";"25.7";"68";"0.972";"89";"284";"0.687"
"2022-04-21 08:48:47.754";"2022-04-21";"08:48:47";"F";"79";"116";"136";"420";"0.147";"25.9";"66";"1.088";"89";"284";"0.687"
"2022-04-21 08:49:18.050";"2022-04-21";"08:49:18";"F";"80";"119";"131";"625";"0.092";"24.2";"65";"1.168";"89";"284";"0.687"
"2022-04-21 08:49:48.352";"2022-04-21";"08:49:48";"F";"81";"119";"132";"820";"0.098";"33.8";"65";"1.152";"89";"284";"0.687"
"2022-04-21 08:49:51.308";"2022-04-21";"08:49:51";"SLCE";"";"Light Curve end ";""
"2022-04-21 08:50:32.719";"2022-04-21";"08:50:32";"SLCS";"";"Light Curve start ";"Hm2-2"
"2022-04-21 08:50:32.719";"2022-04-21";"08:50:32";"REG1";"";"#1: alpha: - , ETRm: - , Ik: -   ( beta: - 0.007, ETRmPot: 15.650 ) ";""
"2022-04-21 08:50:32.719";"2022-04-21";"08:50:32";"REG2";"";"#1: alpha: 0.157, ETRm: 19.883, Ik: 126.878 ";""
"2022-04-21 08:50:34.445";"2022-04-21";"08:50:34";"FO";"82";"88";"205";"0";"0.571";"0.0";"-";"-";"88";"205";"0.571"
"2022-04-21 08:51:04.739";"2022-04-21";"08:51:04";"F";"83";"92";"149";"66";"0.383";"10.6";"76";"0.376";"88";"205";"0.571"
"2022-04-21 08:51:35.036";"2022-04-21";"08:51:35";"F";"84";"92";"140";"90";"0.343";"13.0";"73";"0.464";"88";"205";"0.571"
"2022-04-21 08:52:05.327";"2022-04-21";"08:52:05";"F";"85";"92";"125";"125";"0.264";"13.9";"69";"0.640";"88";"205";"0.571"
"2022-04-21 08:52:35.627";"2022-04-21";"08:52:35";"F";"86";"93";"118";"190";"0.212";"16.9";"67";"0.737";"88";"205";"0.571"
"2022-04-21 08:53:05.925";"2022-04-21";"08:53:05";"F";"87";"95";"113";"285";"0.159";"19.0";"65";"0.814";"88";"205";"0.571"
"2022-04-21 08:53:36.217";"2022-04-21";"08:53:36";"F";"88";"98";"110";"420";"0.109";"19.2";"64";"0.864";"88";"205";"0.571"
"2022-04-21 08:54:06.516";"2022-04-21";"08:54:06";"F";"89";"102";"109";"625";"0.064";"16.8";"64";"0.881";"88";"205";"0.571"
"2022-04-21 08:54:36.806";"2022-04-21";"08:54:36";"F";"90";"103";"111";"820";"0.072";"24.8";"65";"0.847";"88";"205";"0.571"
"2022-04-21 08:54:39.269";"2022-04-21";"08:54:39";"SLCE";"";"Light Curve end ";""
"2022-04-21 08:55:22.545";"2022-04-21";"08:55:22";"SLCS";"";"Light Curve start ";"Hm2-3"
"2022-04-21 08:55:22.545";"2022-04-21";"08:55:22";"REG1";"";"#1: alpha: - , ETRm: - , Ik: -   ( beta: - 0.008, ETRmPot: 17.080 ) ";""
"2022-04-21 08:55:22.545";"2022-04-21";"08:55:22";"REG2";"";"#1: alpha: 0.172, ETRm: 21.724, Ik: 126.263 ";""
"2022-04-21 08:55:24.202";"2022-04-21";"08:55:24";"FO";"91";"70";"188";"0";"0.628";"0.0";"-";"-";"70";"188";"0.628"
"2022-04-21 08:55:54.496";"2022-04-21";"08:55:54";"F";"92";"81";"136";"66";"0.404";"11.2";"61";"0.382";"70";"188";"0.628"
"2022-04-21 08:56:24.789";"2022-04-21";"08:56:24";"F";"93";"80";"126";"90";"0.365";"13.8";"59";"0.492";"70";"188";"0.628"
"2022-04-21 08:56:55.086";"2022-04-21";"08:56:55";"F";"94";"80";"118";"125";"0.322";"16.9";"57";"0.593";"70";"188";"0.628"
"2022-04-21 08:57:25.380";"2022-04-21";"08:57:25";"F";"95";"85";"109";"190";"0.220";"17.6";"55";"0.725";"70";"188";"0.628"
"2022-04-21 08:57:55.673";"2022-04-21";"08:57:55";"F";"96";"87";"104";"285";"0.163";"19.5";"54";"0.808";"70";"188";"0.628"
"2022-04-21 08:58:25.972";"2022-04-21";"08:58:25";"F";"97";"89";"102";"420";"0.127";"22.4";"53";"0.843";"70";"188";"0.628"
"2022-04-21 08:58:56.273";"2022-04-21";"08:58:56";"F";"98";"93";"100";"625";"0.070";"18.4";"53";"0.880";"70";"188";"0.628"
"2022-04-21 08:59:26.568";"2022-04-21";"08:59:26";"F";"99";"94";"102";"820";"0.078";"26.9";"53";"0.843";"70";"188";"0.628"
"2022-04-21 08:59:29.010";"2022-04-21";"08:59:29";"SLCE";"";"Light Curve end ";""
"2022-04-21 09:00:00.264";"2022-04-21";"09:00:00";"SLCS";"";"Light Curve start ";"Hm2-4"
"2022-04-21 09:00:00.264";"2022-04-21";"09:00:00";"REG1";"";"#1: alpha: - , ETRm: - , Ik: -   ( beta: - 0.009, ETRmPot: 11.964 ) ";""
"2022-04-21 09:00:00.264";"2022-04-21";"09:00:00";"REG2";"";"#1: alpha: 0.245, ETRm: 16.787, Ik: 68.636 ";""
"2022-04-21 09:00:01.962";"2022-04-21";"09:00:01";"FO";"100";"94";"241";"0";"0.610";"0.0";"-";"-";"94";"241";"0.610"
"2022-04-21 09:00:32.256";"2022-04-21";"09:00:32";"F";"101";"101";"187";"66";"0.460";"12.8";"84";"0.289";"94";"241";"0.610"
"2022-04-21 09:01:02.553";"2022-04-21";"09:01:02";"F";"102";"101";"166";"90";"0.392";"14.8";"80";"0.452";"94";"241";"0.610"
"2022-04-21 09:01:32.847";"2022-04-21";"09:01:32";"F";"103";"105";"147";"125";"0.286";"15.0";"75";"0.639";"94";"241";"0.610"
"2022-04-21 09:02:03.144";"2022-04-21";"09:02:03";"F";"104";"106";"132";"190";"0.197";"15.7";"71";"0.826";"94";"241";"0.610"
"2022-04-21 09:02:33.433";"2022-04-21";"09:02:33";"F";"105";"110";"125";"285";"0.120";"14.4";"69";"0.928";"94";"241";"0.610"
"2022-04-21 09:03:03.730";"2022-04-21";"09:03:03";"F";"106";"113";"122";"420";"0.074";"13.1";"68";"0.975";"94";"241";"0.610"
"2022-04-21 09:03:34.029";"2022-04-21";"09:03:34";"F";"107";"115";"121";"625";"0.050";"13.1";"68";"0.992";"94";"241";"0.610"
"2022-04-21 09:04:04.325";"2022-04-21";"09:04:04";"F";"108";"114";"124";"820";"0.081";"27.9";"69";"0.944";"94";"241";"0.610"
"2022-04-21 09:04:06.775";"2022-04-21";"09:04:06";"SLCE";"";"Light Curve end ";""
"2022-04-21 09:06:20.217";"2022-04-21";"09:06:20";"SLCS";"";"Light Curve start ";"HUl2-1"
"2022-04-21 09:06:20.217";"2022-04-21";"09:06:20";"REG1";"";"#1: alpha: - , ETRm: - , Ik: -   ( beta: - 0.005, ETRmPot: 25.565 ) ";""
"2022-04-21 09:06:20.217";"2022-04-21";"09:06:20";"REG2";"";"#1: alpha: 0.163, ETRm: 28.263, Ik: 172.864 ";""
"2022-04-21 09:06:21.899";"2022-04-21";"09:06:21";"FO";"109";"105";"295";"0";"0.644";"0.0";"-";"-";"105";"295";"0.644"
"2022-04-21 09:06:52.195";"2022-04-21";"09:06:52";"F";"110";"117";"207";"66";"0.435";"12.1";"91";"0.425";"105";"295";"0.644"
"2022-04-21 09:07:22.496";"2022-04-21";"09:07:22";"F";"111";"120";"197";"90";"0.391";"14.8";"89";"0.497";"105";"295";"0.644"
"2022-04-21 09:07:52.793";"2022-04-21";"09:07:52";"F";"112";"120";"180";"125";"0.333";"17.5";"86";"0.639";"105";"295";"0.644"
"2022-04-21 09:08:23.086";"2022-04-21";"09:08:23";"F";"113";"126";"170";"190";"0.259";"20.7";"83";"0.735";"105";"295";"0.644"
"2022-04-21 09:08:53.382";"2022-04-21";"09:08:53";"F";"114";"130";"164";"285";"0.207";"24.8";"82";"0.799";"105";"295";"0.644"
"2022-04-21 09:09:23.674";"2022-04-21";"09:09:23";"F";"115";"132";"156";"420";"0.154";"27.2";"80";"0.891";"105";"295";"0.644"
"2022-04-21 09:09:53.972";"2022-04-21";"09:09:53";"F";"116";"135";"152";"625";"0.112";"29.4";"79";"0.941";"105";"295";"0.644"
"2022-04-21 09:10:24.266";"2022-04-21";"09:10:24";"F";"117";"140";"153";"820";"0.085";"29.3";"79";"0.928";"105";"295";"0.644"
"2022-04-21 09:10:26.767";"2022-04-21";"09:10:26";"SLCE";"";"Light Curve end ";""
"2022-04-21 09:11:42.777";"2022-04-21";"09:11:42";"SLCS";"";"Light Curve start ";"HUl2-2"
"2022-04-21 09:11:42.777";"2022-04-21";"09:11:42";"REG1";"";"#1: alpha: - , ETRm: - , Ik: -   ( beta: - 0.008, ETRmPot: 20.681 ) ";""
"2022-04-21 09:11:42.777";"2022-04-21";"09:11:42";"REG2";"";"#1: alpha: 0.235, ETRm: 25.374, Ik: 107.872 ";""
"2022-04-21 09:11:44.456";"2022-04-21";"09:11:44";"FO";"118";"109";"312";"0";"0.651";"0.0";"-";"-";"109";"312";"0.651"
"2022-04-21 09:12:14.754";"2022-04-21";"09:12:14";"F";"119";"121";"243";"66";"0.502";"13.9";"99";"0.284";"109";"312";"0.651"
"2022-04-21 09:12:45.041";"2022-04-21";"09:12:45";"F";"120";"120";"226";"90";"0.469";"17.7";"96";"0.381";"109";"312";"0.651"
"2022-04-21 09:13:15.339";"2022-04-21";"09:13:15";"F";"121";"122";"200";"125";"0.390";"20.5";"91";"0.560";"109";"312";"0.651"
"2022-04-21 09:13:45.636";"2022-04-21";"09:13:45";"F";"122";"123";"176";"190";"0.301";"24.0";"86";"0.773";"109";"312";"0.651"
"2022-04-21 09:14:15.930";"2022-04-21";"09:14:15";"F";"123";"129";"161";"285";"0.199";"23.8";"82";"0.938";"109";"312";"0.651"
"2022-04-21 09:14:46.226";"2022-04-21";"09:14:46";"F";"124";"135";"155";"420";"0.129";"22.8";"81";"1.013";"109";"312";"0.651"
"2022-04-21 09:15:16.520";"2022-04-21";"09:15:16";"F";"125";"137";"150";"625";"0.087";"22.8";"79";"1.080";"109";"312";"0.651"
"2022-04-21 09:15:46.823";"2022-04-21";"09:15:46";"F";"126";"138";"152";"820";"0.092";"31.7";"80";"1.053";"109";"312";"0.651"
"2022-04-21 09:15:49.378";"2022-04-21";"09:15:49";"SLCE";"";"Light Curve end ";""
"2022-04-21 09:16:26.759";"2022-04-21";"09:16:26";"SLCS";"";"Light Curve start ";"HUl2-3"
"2022-04-21 09:16:26.759";"2022-04-21";"09:16:26";"REG1";"";"#1: alpha: - , ETRm: - , Ik: -   ( beta: - 0.016, ETRmPot: 30.771 ) ";""
"2022-04-21 09:16:26.759";"2022-04-21";"09:16:26";"REG2";"";"#1: alpha: 0.150, ETRm: 43.858, Ik: 293.356 ";""
"2022-04-21 09:16:28.512";"2022-04-21";"09:16:28";"FO";"127";"89";"193";"0";"0.539";"0.0";"-";"-";"89";"193";"0.539"
"2022-04-21 09:16:58.808";"2022-04-21";"09:16:58";"F";"128";"97";"156";"66";"0.378";"10.5";"80";"0.237";"89";"193";"0.539"
"2022-04-21 09:17:29.100";"2022-04-21";"09:17:29";"F";"129";"95";"155";"90";"0.387";"14.6";"80";"0.245";"89";"193";"0.539"
"2022-04-21 09:17:59.403";"2022-04-21";"09:17:59";"F";"130";"96";"150";"125";"0.360";"18.9";"79";"0.287";"89";"193";"0.539"
"2022-04-21 09:18:29.698";"2022-04-21";"09:18:29";"F";"131";"98";"142";"190";"0.310";"24.7";"76";"0.359";"89";"193";"0.539"
"2022-04-21 09:18:59.995";"2022-04-21";"09:18:59";"F";"132";"99";"135";"285";"0.267";"32.0";"74";"0.430";"89";"193";"0.539"
"2022-04-21 09:19:30.281";"2022-04-21";"09:19:30";"F";"133";"100";"128";"420";"0.219";"38.6";"72";"0.508";"89";"193";"0.539"
"2022-04-21 09:20:00.576";"2022-04-21";"09:20:00";"F";"134";"103";"120";"625";"0.142";"37.3";"70";"0.608";"89";"193";"0.539"
"2022-04-21 09:20:30.881";"2022-04-21";"09:20:30";"F";"135";"103";"120";"820";"0.142";"48.9";"70";"0.608";"89";"193";"0.539"
"2022-04-21 09:20:33.596";"2022-04-21";"09:20:33";"SLCE";"";"Light Curve end ";""
"2022-04-21 09:21:34.603";"2022-04-21";"09:21:34";"SLCS";"";"Light Curve start ";"HUl2-4"
"2022-04-21 09:21:34.603";"2022-04-21";"09:21:34";"REG1";"";"#1: alpha: - , ETRm: - , Ik: -   ( beta: - 0.001, ETRmPot: 41.713 ) ";""
"2022-04-21 09:21:34.603";"2022-04-21";"09:21:34";"REG2";"";"#1: alpha: 0.201, ETRm: 41.485, Ik: 206.018 ";""
"2022-04-21 09:21:36.364";"2022-04-21";"09:21:36";"FO";"136";"77";"233";"0";"0.670";"0.0";"-";"-";"77";"233";"0.670"
"2022-04-21 09:22:06.660";"2022-04-21";"09:22:06";"F";"137";"87";"170";"66";"0.488";"13.5";"69";"0.371";"77";"233";"0.670"
"2022-04-21 09:22:36.963";"2022-04-21";"09:22:36";"F";"138";"84";"161";"90";"0.478";"18.1";"67";"0.447";"77";"233";"0.670"
"2022-04-21 09:23:07.249";"2022-04-21";"09:23:07";"F";"139";"86";"149";"125";"0.423";"22.2";"65";"0.564";"77";"233";"0.670"
"2022-04-21 09:23:37.550";"2022-04-21";"09:23:37";"F";"140";"88";"137";"190";"0.358";"28.6";"63";"0.701";"77";"233";"0.670"
"2022-04-21 09:24:07.850";"2022-04-21";"09:24:07";"F";"141";"88";"129";"285";"0.318";"38.1";"61";"0.806";"77";"233";"0.670"
"2022-04-21 09:24:38.141";"2022-04-21";"09:24:38";"F";"142";"93";"119";"420";"0.218";"38.5";"58";"0.958";"77";"233";"0.670"
"2022-04-21 09:25:08.436";"2022-04-21";"09:25:08";"F";"143";"95";"112";"625";"0.152";"39.9";"57";"1.080";"77";"233";"0.670"
"2022-04-21 09:25:38.729";"2022-04-21";"09:25:38";"F";"144";"96";"110";"820";"0.127";"43.7";"56";"1.118";"77";"233";"0.670"
"2022-04-21 09:25:41.671";"2022-04-21";"09:25:41";"SLCE";"";"Light Curve end ";""
"2022-04-21 09:27:22.329";"2022-04-21";"09:27:22";"SLCS";"";"Light Curve start ";"Hm3-1"
"2022-04-21 09:27:22.329";"2022-04-21";"09:27:22";"REG1";"";"#1: alpha: 0.227, ETRm: 19.547, Ik: 86.260   ( beta: 0.005, ETRmPot: 21.800 ) ";""
"2022-04-21 09:27:22.329";"2022-04-21";"09:27:22";"REG2";"";"#1: alpha: 0.182, ETRm: 18.818, Ik: 103.364 ";""
"2022-04-21 09:27:24.009";"2022-04-21";"09:27:24";"FO";"145";"91";"241";"0";"0.622";"0.0";"-";"-";"91";"241";"0.622"
"2022-04-21 09:27:54.316";"2022-04-21";"09:27:54";"F";"146";"100";"170";"66";"0.412";"11.4";"79";"0.418";"91";"241";"0.622"
"2022-04-21 09:28:24.611";"2022-04-21";"09:28:24";"F";"147";"101";"157";"90";"0.357";"13.5";"76";"0.535";"91";"241";"0.622"
"2022-04-21 09:28:54.905";"2022-04-21";"09:28:54";"F";"148";"104";"145";"125";"0.283";"14.9";"73";"0.662";"91";"241";"0.622"
"2022-04-21 09:29:25.196";"2022-04-21";"09:29:25";"F";"149";"106";"134";"190";"0.209";"16.7";"70";"0.799";"91";"241";"0.622"
"2022-04-21 09:29:55.494";"2022-04-21";"09:29:55";"F";"150";"108";"129";"285";"0.163";"19.5";"69";"0.868";"91";"241";"0.622"
"2022-04-21 09:30:25.793";"2022-04-21";"09:30:25";"F";"151";"110";"124";"420";"0.113";"19.9";"67";"0.944";"91";"241";"0.622"
"2022-04-21 09:30:56.080";"2022-04-21";"09:30:56";"F";"152";"111";"120";"625";"0.075";"19.7";"66";"1.008";"91";"241";"0.622"
"2022-04-21 09:31:26.382";"2022-04-21";"09:31:26";"F";"153";"115";"121";"820";"0.050";"17.2";"66";"0.992";"91";"241";"0.622"
"2022-04-21 09:31:28.929";"2022-04-21";"09:31:28";"SLCE";"";"Light Curve end ";""
"2022-04-21 09:32:32.454";"2022-04-21";"09:32:32";"SLCS";"";"Light Curve start ";"Hm3-2"
"2022-04-21 09:32:32.454";"2022-04-21";"09:32:32";"REG1";"";"#1: alpha: - , ETRm: - , Ik: -   ( beta: - 0.007, ETRmPot: 17.848 ) ";""
"2022-04-21 09:32:32.454";"2022-04-21";"09:32:32";"REG2";"";"#1: alpha: 0.131, ETRm: 22.810, Ik: 173.889 ";""
"2022-04-21 09:32:34.167";"2022-04-21";"09:32:34";"FO";"154";"85";"172";"0";"0.506";"0.0";"-";"-";"85";"172";"0.506"
"2022-04-21 09:33:04.464";"2022-04-21";"09:33:04";"F";"155";"97";"147";"66";"0.340";"9.4";"78";"0.170";"85";"172";"0.506"
"2022-04-21 09:33:34.764";"2022-04-21";"09:33:34";"F";"156";"88";"131";"90";"0.328";"12.4";"74";"0.313";"85";"172";"0.506"
"2022-04-21 09:34:05.058";"2022-04-21";"09:34:05";"F";"157";"87";"118";"125";"0.263";"13.8";"69";"0.458";"85";"172";"0.506"
"2022-04-21 09:34:35.348";"2022-04-21";"09:34:35";"F";"158";"86";"109";"190";"0.211";"16.8";"66";"0.578";"85";"172";"0.506"
"2022-04-21 09:35:05.641";"2022-04-21";"09:35:05";"F";"159";"88";"105";"285";"0.162";"19.4";"65";"0.638";"85";"172";"0.506"
"2022-04-21 09:35:35.942";"2022-04-21";"09:35:35";"F";"160";"89";"103";"420";"0.136";"24.0";"64";"0.670";"85";"172";"0.506"
"2022-04-21 09:36:06.238";"2022-04-21";"09:36:06";"F";"161";"92";"99";"625";"0.071";"18.6";"62";"0.737";"85";"172";"0.506"
"2022-04-21 09:36:36.537";"2022-04-21";"09:36:36";"F";"162";"93";"101";"820";"0.079";"27.2";"63";"0.703";"85";"172";"0.506"
"2022-04-21 09:36:39.030";"2022-04-21";"09:36:39";"SLCE";"";"Light Curve end ";""
"2022-04-21 09:37:07.567";"2022-04-21";"09:37:07";"SLCS";"";"Light Curve start ";"Hm3-3"
"2022-04-21 09:37:07.567";"2022-04-21";"09:37:07";"REG1";"";"#1: alpha: - , ETRm: - , Ik: -   ( beta: - 0.006, ETRmPot: 39.576 ) ";""
"2022-04-21 09:37:07.567";"2022-04-21";"09:37:07";"REG2";"";"#1: alpha: 0.176, ETRm: 42.459, Ik: 241.491 ";""
"2022-04-21 09:37:09.231";"2022-04-21";"09:37:09";"FO";"163";"70";"155";"0";"0.548";"0.0";"-";"-";"70";"155";"0.548"
"2022-04-21 09:37:39.522";"2022-04-21";"09:37:39";"F";"164";"77";"137";"66";"0.438";"12.1";"66";"0.131";"70";"155";"0.548"
"2022-04-21 09:38:09.817";"2022-04-21";"09:38:09";"F";"165";"78";"136";"90";"0.426";"16.1";"66";"0.140";"70";"155";"0.548"
"2022-04-21 09:38:40.113";"2022-04-21";"09:38:40";"F";"166";"77";"131";"125";"0.412";"21.6";"65";"0.183";"70";"155";"0.548"
"2022-04-21 09:39:10.413";"2022-04-21";"09:39:10";"F";"167";"82";"123";"190";"0.333";"26.6";"63";"0.260";"70";"155";"0.548"
"2022-04-21 09:39:40.705";"2022-04-21";"09:39:40";"F";"168";"82";"117";"285";"0.299";"35.8";"61";"0.325";"70";"155";"0.548"
"2022-04-21 09:40:10.999";"2022-04-21";"09:40:10";"F";"169";"87";"109";"420";"0.202";"35.6";"59";"0.422";"70";"155";"0.548"
"2022-04-21 09:40:41.295";"2022-04-21";"09:40:41";"F";"170";"85";"102";"625";"0.167";"43.8";"57";"0.520";"70";"155";"0.548"
"2022-04-21 09:41:11.599";"2022-04-21";"09:41:11";"F";"171";"89";"102";"820";"0.127";"43.7";"57";"0.520";"70";"155";"0.548"
"2022-04-21 09:41:14.874";"2022-04-21";"09:41:14";"SLCE";"";"Light Curve end ";""
"2022-04-21 09:42:42.886";"2022-04-21";"09:42:42";"SLCS";"";"Light Curve start ";"Hm3-4"
"2022-04-21 09:42:42.886";"2022-04-21";"09:42:42";"REG1";"";"#1: alpha: - , ETRm: - , Ik: -   ( beta: - 0.010, ETRmPot: 34.398 ) ";""
"2022-04-21 09:42:42.886";"2022-04-21";"09:42:42";"REG2";"";"#1: alpha: 0.202, ETRm: 41.132, Ik: 204.098 ";""
"2022-04-21 09:42:44.578";"2022-04-21";"09:42:44";"FO";"172";"85";"251";"0";"0.661";"0.0";"-";"-";"85";"251";"0.661"
"2022-04-21 09:43:14.876";"2022-04-21";"09:43:14";"F";"173";"101";"214";"66";"0.528";"14.6";"80";"0.173";"85";"251";"0.661"
"2022-04-21 09:43:45.169";"2022-04-21";"09:43:45";"F";"174";"100";"199";"90";"0.497";"18.8";"78";"0.261";"85";"251";"0.661"
"2022-04-21 09:44:15.467";"2022-04-21";"09:44:15";"F";"175";"104";"185";"125";"0.438";"23.0";"76";"0.357";"85";"251";"0.661"
"2022-04-21 09:44:45.762";"2022-04-21";"09:44:45";"F";"176";"110";"172";"190";"0.360";"28.7";"74";"0.459";"85";"251";"0.661"
"2022-04-21 09:45:16.062";"2022-04-21";"09:45:16";"F";"177";"115";"161";"285";"0.286";"34.2";"71";"0.559";"85";"251";"0.661"
"2022-04-21 09:45:46.354";"2022-04-21";"09:45:46";"F";"178";"120";"154";"420";"0.221";"39.0";"70";"0.630";"85";"251";"0.661"
"2022-04-21 09:46:16.646";"2022-04-21";"09:46:16";"F";"179";"125";"147";"625";"0.150";"39.4";"69";"0.707";"85";"251";"0.661"
"2022-04-21 09:46:46.948";"2022-04-21";"09:46:46";"F";"180";"127";"146";"820";"0.130";"44.8";"68";"0.719";"85";"251";"0.661"
"2022-04-21 09:46:50.014";"2022-04-21";"09:46:50";"SLCE";"";"Light Curve end ";""
"2022-04-21 09:48:11.765";"2022-04-21";"09:48:11";"SLCS";"";"Light Curve start ";"HUl3-1"
"2022-04-21 09:48:11.765";"2022-04-21";"09:48:11";"REG1";"";"#1: alpha: - , ETRm: - , Ik: -   ( beta: - 0.008, ETRmPot: 28.373 ) ";""
"2022-04-21 09:48:11.765";"2022-04-21";"09:48:11";"REG2";"";"#1: alpha: 0.197, ETRm: 32.988, Ik: 167.338 ";""
"2022-04-21 09:48:13.429";"2022-04-21";"09:48:13";"FO";"181";"108";"275";"0";"0.607";"0.0";"-";"-";"108";"275";"0.607"
"2022-04-21 09:48:43.730";"2022-04-21";"09:48:43";"F";"182";"118";"224";"66";"0.473";"13.1";"99";"0.228";"108";"275";"0.607"
"2022-04-21 09:49:14.019";"2022-04-21";"09:49:14";"F";"183";"117";"213";"90";"0.451";"17.0";"97";"0.291";"108";"275";"0.607"
"2022-04-21 09:49:44.317";"2022-04-21";"09:49:44";"F";"184";"118";"193";"125";"0.389";"20.4";"93";"0.425";"108";"275";"0.607"
"2022-04-21 09:50:14.609";"2022-04-21";"09:50:14";"F";"185";"119";"178";"190";"0.331";"26.4";"89";"0.545";"108";"275";"0.607"
"2022-04-21 09:50:44.913";"2022-04-21";"09:50:44";"F";"186";"122";"163";"285";"0.252";"30.2";"85";"0.687";"108";"275";"0.607"
"2022-04-21 09:51:15.201";"2022-04-21";"09:51:15";"F";"187";"125";"153";"420";"0.183";"32.3";"82";"0.797";"108";"275";"0.607"
"2022-04-21 09:51:45.498";"2022-04-21";"09:51:45";"F";"188";"129";"145";"625";"0.110";"28.9";"80";"0.897";"108";"275";"0.607"
"2022-04-21 09:52:15.797";"2022-04-21";"09:52:15";"F";"189";"130";"146";"820";"0.110";"37.9";"80";"0.884";"108";"275";"0.607"
"2022-04-21 09:52:18.643";"2022-04-21";"09:52:18";"SLCE";"";"Light Curve end ";""
"2022-04-21 09:53:25.915";"2022-04-21";"09:53:25";"SLCS";"";"Light Curve start ";"HUl3-2"
"2022-04-21 09:53:25.915";"2022-04-21";"09:53:25";"REG1";"";"#1: alpha: 0.347, ETRm: 21.624, Ik: 62.322   ( beta: 0.000, ETRmPot: 21.731 ) ";""
"2022-04-21 09:53:25.915";"2022-04-21";"09:53:25";"REG2";"";"#1: alpha: 0.245, ETRm: 21.503, Ik: 87.836 ";""
"2022-04-21 09:53:27.582";"2022-04-21";"09:53:27";"FO";"190";"99";"250";"0";"0.604";"0.0";"-";"-";"99";"250";"0.604"
"2022-04-21 09:53:57.881";"2022-04-21";"09:53:57";"F";"191";"106";"193";"66";"0.451";"12.5";"89";"0.295";"99";"250";"0.604"
"2022-04-21 09:54:28.179";"2022-04-21";"09:54:28";"F";"192";"103";"188";"90";"0.452";"17.1";"88";"0.330";"99";"250";"0.604"
"2022-04-21 09:54:58.473";"2022-04-21";"09:54:58";"F";"193";"104";"168";"125";"0.381";"20.0";"83";"0.488";"99";"250";"0.604"
"2022-04-21 09:55:28.771";"2022-04-21";"09:55:28";"F";"194";"106";"146";"190";"0.274";"21.9";"77";"0.712";"99";"250";"0.604"
"2022-04-21 09:55:59.063";"2022-04-21";"09:55:59";"F";"195";"110";"131";"285";"0.160";"19.2";"73";"0.908";"99";"250";"0.604"
"2022-04-21 09:56:29.357";"2022-04-21";"09:56:29";"F";"196";"110";"126";"420";"0.127";"22.4";"71";"0.984";"99";"250";"0.604"
"2022-04-21 09:56:59.652";"2022-04-21";"09:56:59";"F";"197";"115";"125";"625";"0.080";"21.0";"71";"1.000";"99";"250";"0.604"
"2022-04-21 09:57:29.948";"2022-04-21";"09:57:29";"F";"198";"117";"125";"820";"0.064";"22.0";"71";"1.000";"99";"250";"0.604"
"2022-04-21 09:57:32.946";"2022-04-21";"09:57:32";"SLCE";"";"Light Curve end ";""
"2022-04-21 09:58:05.449";"2022-04-21";"09:58:05";"SLCS";"";"Light Curve start ";"HUl3-3"
"2022-04-21 09:58:05.449";"2022-04-21";"09:58:05";"REG1";"";"#1: alpha: 0.231, ETRm: 22.611, Ik: 98.079   ( beta: 0.004, ETRmPot: 24.539 ) ";""
"2022-04-21 09:58:05.449";"2022-04-21";"09:58:05";"REG2";"";"#1: alpha: 0.176, ETRm: 22.280, Ik: 126.924 ";""
"2022-04-21 09:58:07.144";"2022-04-21";"09:58:07";"FO";"199";"115";"257";"0";"0.553";"0.0";"-";"-";"115";"257";"0.553"
"2022-04-21 09:58:37.442";"2022-04-21";"09:58:37";"F";"200";"129";"208";"66";"0.380";"10.5";"104";"0.236";"115";"257";"0.553"
"2022-04-21 09:59:07.734";"2022-04-21";"09:59:07";"F";"201";"127";"201";"90";"0.368";"13.9";"102";"0.279";"115";"257";"0.553"
"2022-04-21 09:59:38.029";"2022-04-21";"09:59:38";"F";"202";"130";"187";"125";"0.305";"16.0";"99";"0.374";"115";"257";"0.553"
"2022-04-21 10:00:08.323";"2022-04-21";"10:00:08";"F";"203";"131";"177";"190";"0.260";"20.7";"96";"0.452";"115";"257";"0.553"
"2022-04-21 10:00:38.618";"2022-04-21";"10:00:38";"F";"204";"136";"168";"285";"0.190";"22.7";"93";"0.530";"115";"257";"0.553"
"2022-04-21 10:01:08.918";"2022-04-21";"10:01:08";"F";"205";"138";"160";"420";"0.138";"24.3";"90";"0.606";"115";"257";"0.553"
"2022-04-21 10:01:39.212";"2022-04-21";"10:01:39";"F";"206";"143";"153";"625";"0.065";"17.1";"88";"0.680";"115";"257";"0.553"
"2022-04-21 10:02:09.510";"2022-04-21";"10:02:09";"F";"207";"144";"155";"820";"0.071";"24.5";"89";"0.658";"115";"257";"0.553"
"2022-04-21 10:02:12.693";"2022-04-21";"10:02:12";"SLCE";"";"Light Curve end ";""
"2022-04-21 10:02:44.135";"2022-04-21";"10:02:44";"SLCS";"";"Light Curve start ";"HUl3-4"
"2022-04-21 10:02:44.135";"2022-04-21";"10:02:44";"REG1";"";"#1: alpha: - , ETRm: - , Ik: -   ( beta: - 0.012, ETRmPot: 23.728 ) ";""
"2022-04-21 10:02:44.135";"2022-04-21";"10:02:44";"REG2";"";"#1: alpha: 0.212, ETRm: 31.295, Ik: 147.565 ";""
"2022-04-21 10:02:45.803";"2022-04-21";"10:02:45";"FO";"208";"83";"244";"0";"0.660";"0.0";"-";"-";"83";"244";"0.660"
"2022-04-21 10:03:16.097";"2022-04-21";"10:03:16";"F";"209";"91";"185";"66";"0.508";"14.1";"75";"0.319";"83";"244";"0.660"
"2022-04-21 10:03:46.398";"2022-04-21";"10:03:46";"F";"210";"91";"173";"90";"0.474";"17.9";"73";"0.410";"83";"244";"0.660"
"2022-04-21 10:04:16.688";"2022-04-21";"10:04:16";"F";"211";"91";"154";"125";"0.409";"21.5";"69";"0.584";"83";"244";"0.660"
"2022-04-21 10:04:46.989";"2022-04-21";"10:04:46";"F";"212";"94";"140";"190";"0.329";"26.3";"66";"0.743";"83";"244";"0.660"
"2022-04-21 10:05:17.281";"2022-04-21";"10:05:17";"F";"213";"98";"127";"285";"0.228";"27.3";"63";"0.921";"83";"244";"0.660"
"2022-04-21 10:05:47.573";"2022-04-21";"10:05:47";"F";"214";"101";"121";"420";"0.165";"29.1";"62";"1.017";"83";"244";"0.660"
"2022-04-21 10:06:17.869";"2022-04-21";"10:06:17";"F";"215";"105";"118";"625";"0.110";"28.9";"61";"1.068";"83";"244";"0.660"
"2022-04-21 10:06:48.167";"2022-04-21";"10:06:48";"F";"216";"105";"118";"820";"0.110";"37.9";"61";"1.068";"83";"244";"0.660"
"2022-04-21 10:06:51.151";"2022-04-21";"10:06:51";"SLCE";"";"Light Curve end ";""
"2022-04-21 10:07:33.313";"2022-04-21";"10:07:33";"SLCS";"";"Light Curve start ";"Hm4-1"
"2022-04-21 10:07:33.313";"2022-04-21";"10:07:33";"REG1";"";"#1: alpha: 0.200, ETRm: 29.811, Ik: 148.702   ( beta: 0.018, ETRmPot: 40.797 ) ";""
"2022-04-21 10:07:33.313";"2022-04-21";"10:07:33";"REG2";"";"#1: alpha: 0.168, ETRm: 28.950, Ik: 172.275 ";""
"2022-04-21 10:07:35.064";"2022-04-21";"10:07:35";"FO";"217";"71";"127";"0";"0.441";"0.0";"-";"-";"71";"127";"0.441"
"2022-04-21 10:08:05.352";"2022-04-21";"10:08:05";"F";"218";"73";"124";"66";"0.411";"11.4";"70";"0.024";"71";"127";"0.441"
"2022-04-21 10:08:35.654";"2022-04-21";"10:08:35";"F";"219";"73";"117";"90";"0.376";"14.2";"68";"0.085";"71";"127";"0.441"
"2022-04-21 10:09:05.948";"2022-04-21";"10:09:05";"F";"220";"71";"110";"125";"0.355";"18.6";"65";"0.155";"71";"127";"0.441"
"2022-04-21 10:09:36.239";"2022-04-21";"10:09:36";"F";"221";"73";"101";"190";"0.277";"22.1";"62";"0.257";"71";"127";"0.441"
"2022-04-21 10:10:06.535";"2022-04-21";"10:10:06";"F";"222";"74";"93";"285";"0.204";"24.4";"59";"0.366";"71";"127";"0.441"
"2022-04-21 10:10:36.832";"2022-04-21";"10:10:36";"F";"223";"74";"91";"420";"0.187";"33.0";"58";"0.396";"71";"127";"0.441"
"2022-04-21 10:11:07.125";"2022-04-21";"10:11:07";"F";"224";"77";"86";"625";"0.105";"27.6";"56";"0.477";"71";"127";"0.441"
"2022-04-21 10:11:37.424";"2022-04-21";"10:11:37";"F";"225";"78";"85";"820";"0.082";"28.2";"56";"0.494";"71";"127";"0.441"
"2022-04-21 10:11:40.200";"2022-04-21";"10:11:40";"SLCE";"";"Light Curve end ";""
"2022-04-21 10:12:09.362";"2022-04-21";"10:12:09";"SLCS";"";"Light Curve start ";"Hm4-2"
"2022-04-21 10:12:09.362";"2022-04-21";"10:12:09";"REG1";"";"#1: alpha: - , ETRm: - , Ik: -   ( beta: - 0.001, ETRmPot: 28.236 ) ";""
"2022-04-21 10:12:09.362";"2022-04-21";"10:12:09";"REG2";"";"#1: alpha: 0.197, ETRm: 28.465, Ik: 144.277 ";""
"2022-04-21 10:12:11.023";"2022-04-21";"10:12:11";"FO";"226";"97";"259";"0";"0.625";"0.0";"-";"-";"97";"259";"0.625"
"2022-04-21 10:12:41.311";"2022-04-21";"10:12:41";"F";"227";"111";"193";"66";"0.425";"11.8";"86";"0.342";"97";"259";"0.625"
"2022-04-21 10:13:11.609";"2022-04-21";"10:13:11";"F";"228";"108";"190";"90";"0.432";"16.3";"85";"0.363";"97";"259";"0.625"
"2022-04-21 10:13:41.910";"2022-04-21";"10:13:41";"F";"229";"108";"174";"125";"0.379";"19.9";"82";"0.489";"97";"259";"0.625"
"2022-04-21 10:14:12.198";"2022-04-21";"10:14:12";"F";"230";"111";"160";"190";"0.306";"24.4";"79";"0.619";"97";"259";"0.625"
"2022-04-21 10:14:42.495";"2022-04-21";"10:14:42";"F";"231";"115";"149";"285";"0.228";"27.3";"76";"0.738";"97";"259";"0.625"
"2022-04-21 10:15:12.797";"2022-04-21";"10:15:12";"F";"232";"117";"140";"420";"0.164";"28.9";"74";"0.850";"97";"259";"0.625"
"2022-04-21 10:15:43.084";"2022-04-21";"10:15:43";"F";"233";"121";"134";"625";"0.097";"25.5";"72";"0.933";"97";"259";"0.625"
"2022-04-21 10:16:13.383";"2022-04-21";"10:16:13";"F";"234";"122";"134";"820";"0.090";"31.0";"72";"0.933";"97";"259";"0.625"
"2022-04-21 10:16:16.248";"2022-04-21";"10:16:16";"SLCE";"";"Light Curve end ";""
"2022-04-21 10:16:37.461";"2022-04-21";"10:16:37";"SLCS";"";"Light Curve start ";"Hm4-3"
"2022-04-21 10:16:37.461";"2022-04-21";"10:16:37";"REG1";"";"#1: alpha: - , ETRm: - , Ik: -   ( beta: - 0.006, ETRmPot: 20.402 ) ";""
"2022-04-21 10:16:37.461";"2022-04-21";"10:16:37";"REG2";"";"#1: alpha: 0.229, ETRm: 23.501, Ik: 102.620 ";""
"2022-04-21 10:16:39.175";"2022-04-21";"10:16:39";"FO";"235";"90";"251";"0";"0.641";"0.0";"-";"-";"90";"251";"0.641"
"2022-04-21 10:17:09.471";"2022-04-21";"10:17:09";"F";"236";"100";"190";"66";"0.474";"13.1";"81";"0.321";"90";"251";"0.641"
"2022-04-21 10:17:39.768";"2022-04-21";"10:17:39";"F";"237";"99";"175";"90";"0.434";"16.4";"78";"0.434";"90";"251";"0.641"
"2022-04-21 10:18:10.068";"2022-04-21";"10:18:10";"F";"238";"100";"161";"125";"0.379";"19.9";"75";"0.559";"90";"251";"0.641"
"2022-04-21 10:18:40.364";"2022-04-21";"10:18:40";"F";"239";"105";"147";"190";"0.286";"22.8";"72";"0.707";"90";"251";"0.641"
"2022-04-21 10:19:10.658";"2022-04-21";"10:19:10";"F";"240";"109";"137";"285";"0.204";"24.4";"69";"0.832";"90";"251";"0.641"
"2022-04-21 10:19:40.952";"2022-04-21";"10:19:40";"F";"241";"114";"129";"420";"0.116";"20.5";"67";"0.946";"90";"251";"0.641"
"2022-04-21 10:20:11.251";"2022-04-21";"10:20:11";"F";"242";"117";"126";"625";"0.071";"18.6";"66";"0.992";"90";"251";"0.641"
"2022-04-21 10:20:41.549";"2022-04-21";"10:20:41";"F";"243";"116";"127";"820";"0.087";"30.0";"67";"0.976";"90";"251";"0.641"
"2022-04-21 10:20:44.723";"2022-04-21";"10:20:44";"SLCE";"";"Light Curve end ";""
"2022-04-21 10:21:13.418";"2022-04-21";"10:21:13";"SLCS";"";"Light Curve start ";"Hm4-4"
"2022-04-21 10:21:13.418";"2022-04-21";"10:21:13";"REG1";"";"#1: alpha: - , ETRm: - , Ik: -   ( beta: - 0.007, ETRmPot: 17.648 ) ";""
"2022-04-21 10:21:13.418";"2022-04-21";"10:21:13";"REG2";"";"#1: alpha: 0.159, ETRm: 21.619, Ik: 136.162 ";""
"2022-04-21 10:21:15.134";"2022-04-21";"10:21:15";"FO";"244";"93";"185";"0";"0.497";"0.0";"-";"-";"93";"185";"0.497"
"2022-04-21 10:21:45.430";"2022-04-21";"10:21:45";"F";"245";"100";"153";"66";"0.346";"9.6";"84";"0.209";"93";"185";"0.497"
"2022-04-21 10:22:15.734";"2022-04-21";"10:22:15";"F";"246";"99";"153";"90";"0.353";"13.3";"84";"0.209";"93";"185";"0.497"
"2022-04-21 10:22:46.026";"2022-04-21";"10:22:46";"F";"247";"99";"144";"125";"0.313";"16.4";"81";"0.285";"93";"185";"0.497"
"2022-04-21 10:23:16.317";"2022-04-21";"10:23:16";"F";"248";"103";"131";"190";"0.214";"17.1";"77";"0.412";"93";"185";"0.497"
"2022-04-21 10:23:46.620";"2022-04-21";"10:23:46";"F";"249";"102";"124";"285";"0.177";"21.2";"75";"0.492";"93";"185";"0.497"
"2022-04-21 10:24:16.909";"2022-04-21";"10:24:16";"F";"250";"105";"119";"420";"0.118";"20.8";"73";"0.555";"93";"185";"0.497"
"2022-04-21 10:24:47.203";"2022-04-21";"10:24:47";"F";"251";"108";"116";"625";"0.069";"18.1";"72";"0.595";"93";"185";"0.497"
"2022-04-21 10:25:17.501";"2022-04-21";"10:25:17";"F";"252";"108";"117";"820";"0.077";"26.5";"72";"0.581";"93";"185";"0.497"
"2022-04-21 10:25:20.823";"2022-04-21";"10:25:20";"SLCE";"";"Light Curve end ";""
"2022-04-21 10:26:20.673";"2022-04-21";"10:26:20";"SLCS";"";"Light Curve start ";"HUl4-1"
"2022-04-21 10:26:20.673";"2022-04-21";"10:26:20";"REG1";"";"#1: alpha: - , ETRm: - , Ik: -   ( beta: - 0.010, ETRmPot: 36.094 ) ";""
"2022-04-21 10:26:20.673";"2022-04-21";"10:26:20";"REG2";"";"#1: alpha: 0.231, ETRm: 41.885, Ik: 181.074 ";""
"2022-04-21 10:26:22.393";"2022-04-21";"10:26:22";"FO";"253";"104";"252";"0";"0.587";"0.0";"-";"-";"104";"252";"0.587"
"2022-04-21 10:26:52.690";"2022-04-21";"10:26:52";"F";"254";"116";"242";"66";"0.521";"14.4";"102";"0.041";"104";"252";"0.587"
"2022-04-21 10:27:22.982";"2022-04-21";"10:27:22";"F";"255";"116";"241";"90";"0.519";"19.6";"102";"0.046";"104";"252";"0.587"
"2022-04-21 10:27:53.279";"2022-04-21";"10:27:53";"F";"256";"117";"225";"125";"0.480";"25.2";"99";"0.120";"104";"252";"0.587"
"2022-04-21 10:28:23.571";"2022-04-21";"10:28:23";"F";"257";"119";"200";"190";"0.405";"32.3";"94";"0.260";"104";"252";"0.587"
"2022-04-21 10:28:53.875";"2022-04-21";"10:28:53";"F";"258";"120";"178";"285";"0.326";"39.0";"89";"0.416";"104";"252";"0.587"
"2022-04-21 10:29:24.167";"2022-04-21";"10:29:24";"F";"259";"122";"159";"420";"0.233";"41.1";"84";"0.585";"104";"252";"0.587"
"2022-04-21 10:29:54.456";"2022-04-21";"10:29:54";"F";"260";"127";"146";"625";"0.130";"34.1";"80";"0.726";"104";"252";"0.587"
"2022-04-21 10:30:24.761";"2022-04-21";"10:30:24";"F";"261";"126";"147";"820";"0.143";"49.2";"80";"0.714";"104";"252";"0.587"
"2022-04-21 10:30:27.827";"2022-04-21";"10:30:27";"SLCE";"";"Light Curve end ";""
"2022-04-21 10:32:14.755";"2022-04-21";"10:32:14";"SLCS";"";"Light Curve start ";"HUl4-2"
"2022-04-21 10:32:14.755";"2022-04-21";"10:32:14";"REG1";"";"#1: alpha: 0.238, ETRm: 28.607, Ik: 120.449   ( beta: 0.023, ETRmPot: 39.881 ) ";""
"2022-04-21 10:32:14.755";"2022-04-21";"10:32:14";"REG2";"";"#1: alpha: 0.199, ETRm: 27.111, Ik: 135.904 ";""
"2022-04-21 10:32:16.437";"2022-04-21";"10:32:16";"FO";"262";"89";"239";"0";"0.628";"0.0";"-";"-";"89";"239";"0.628"
"2022-04-21 10:32:46.740";"2022-04-21";"10:32:46";"F";"263";"107";"199";"66";"0.462";"12.8";"83";"0.201";"89";"239";"0.628"
"2022-04-21 10:33:17.031";"2022-04-21";"10:33:17";"F";"264";"104";"181";"90";"0.425";"16.1";"80";"0.320";"89";"239";"0.628"
"2022-04-21 10:33:47.328";"2022-04-21";"10:33:47";"F";"265";"104";"161";"125";"0.354";"18.6";"75";"0.484";"89";"239";"0.628"
"2022-04-21 10:34:17.623";"2022-04-21";"10:34:17";"F";"266";"105";"149";"190";"0.295";"23.5";"73";"0.604";"89";"239";"0.628"
"2022-04-21 10:34:47.913";"2022-04-21";"10:34:47";"F";"267";"110";"142";"285";"0.225";"26.9";"71";"0.683";"89";"239";"0.628"
"2022-04-21 10:35:18.218";"2022-04-21";"10:35:18";"F";"268";"111";"137";"420";"0.190";"33.5";"70";"0.745";"89";"239";"0.628"
"2022-04-21 10:35:48.509";"2022-04-21";"10:35:48";"F";"269";"116";"126";"625";"0.079";"20.7";"67";"0.897";"89";"239";"0.628"
"2022-04-21 10:36:18.807";"2022-04-21";"10:36:18";"F";"270";"117";"127";"820";"0.079";"27.2";"67";"0.882";"89";"239";"0.628"
"2022-04-21 10:36:21.702";"2022-04-21";"10:36:21";"SLCE";"";"Light Curve end ";""
"2022-04-21 10:36:59.016";"2022-04-21";"10:36:59";"SLCS";"";"Light Curve start ";"HUl4-3"
"2022-04-21 10:36:59.016";"2022-04-21";"10:36:59";"REG1";"";"#1: alpha: - , ETRm: - , Ik: -   ( beta: - 0.023, ETRmPot: 24.457 ) ";""
"2022-04-21 10:36:59.016";"2022-04-21";"10:36:59";"REG2";"";"#1: alpha: 0.138, ETRm: 47.988, Ik: 347.004 ";""
"2022-04-21 10:37:00.799";"2022-04-21";"10:37:00";"FO";"271";"72";"161";"0";"0.553";"0.0";"-";"-";"72";"161";"0.553"
"2022-04-21 10:37:31.096";"2022-04-21";"10:37:31";"F";"272";"75";"126";"66";"0.405";"11.2";"64";"0.278";"72";"161";"0.553"
"2022-04-21 10:38:01.391";"2022-04-21";"10:38:01";"F";"273";"74";"123";"90";"0.398";"15.0";"63";"0.309";"72";"161";"0.553"
"2022-04-21 10:38:31.685";"2022-04-21";"10:38:31";"F";"274";"74";"119";"125";"0.378";"19.8";"62";"0.353";"72";"161";"0.553"
"2022-04-21 10:39:01.979";"2022-04-21";"10:39:01";"F";"275";"78";"114";"190";"0.316";"25.2";"61";"0.412";"72";"161";"0.553"
"2022-04-21 10:39:32.280";"2022-04-21";"10:39:32";"F";"276";"79";"106";"285";"0.255";"30.5";"58";"0.519";"72";"161";"0.553"
"2022-04-21 10:40:02.575";"2022-04-21";"10:40:02";"F";"277";"81";"102";"420";"0.206";"36.3";"57";"0.578";"72";"161";"0.553"
"2022-04-21 10:40:32.867";"2022-04-21";"10:40:32";"F";"278";"82";"97";"625";"0.155";"40.7";"56";"0.660";"72";"161";"0.553"
"2022-04-21 10:41:03.166";"2022-04-21";"10:41:03";"F";"279";"82";"97";"820";"0.155";"53.4";"56";"0.660";"72";"161";"0.553"
"2022-04-21 10:41:05.956";"2022-04-21";"10:41:05";"SLCE";"";"Light Curve end ";""
"2022-04-21 10:41:26.600";"2022-04-21";"10:41:26";"SLCS";"";"Light Curve start ";"HUl4-4"
"2022-04-21 10:41:26.600";"2022-04-21";"10:41:26";"REG1";"";"#1: alpha: 0.245, ETRm: 33.167, Ik: 135.126   ( beta: 0.006, ETRmPot: 37.420 ) ";""
"2022-04-21 10:41:26.600";"2022-04-21";"10:41:26";"REG2";"";"#1: alpha: 0.194, ETRm: 32.702, Ik: 168.238 ";""
"2022-04-21 10:41:28.259";"2022-04-21";"10:41:28";"FO";"280";"89";"218";"0";"0.592";"0.0";"-";"-";"89";"218";"0.592"
"2022-04-21 10:41:58.558";"2022-04-21";"10:41:58";"F";"281";"95";"178";"66";"0.466";"12.9";"82";"0.225";"89";"218";"0.592"
"2022-04-21 10:42:28.854";"2022-04-21";"10:42:28";"F";"282";"95";"170";"90";"0.441";"16.7";"80";"0.282";"89";"218";"0.592"
"2022-04-21 10:42:59.147";"2022-04-21";"10:42:59";"F";"283";"97";"157";"125";"0.382";"20.1";"77";"0.389";"89";"218";"0.592"
"2022-04-21 10:43:29.443";"2022-04-21";"10:43:29";"F";"284";"98";"145";"190";"0.324";"25.9";"74";"0.503";"89";"218";"0.592"
"2022-04-21 10:43:59.736";"2022-04-21";"10:43:59";"F";"285";"102";"136";"285";"0.250";"29.9";"71";"0.603";"89";"218";"0.592"
"2022-04-21 10:44:30.028";"2022-04-21";"10:44:30";"F";"286";"105";"130";"420";"0.192";"33.9";"70";"0.677";"89";"218";"0.592"
"2022-04-21 10:45:00.324";"2022-04-21";"10:45:00";"F";"287";"110";"125";"625";"0.120";"31.5";"68";"0.744";"89";"218";"0.592"
"2022-04-21 10:45:30.623";"2022-04-21";"10:45:30";"F";"288";"113";"125";"820";"0.096";"33.1";"68";"0.744";"89";"218";"0.592"
"2022-04-21 10:45:33.393";"2022-04-21";"10:45:33";"SLCE";"";"Light Curve end ";""
"2022-04-21 10:45:55.283";"2022-04-21";"10:45:55";"SLCS";"";"Light Curve start ";"Hm5-1"
"2022-04-21 10:45:55.283";"2022-04-21";"10:45:55";"REG1";"";"#1: alpha: - , ETRm: - , Ik: -   ( beta: - 0.014, ETRmPot: 18.214 ) ";""
"2022-04-21 10:45:55.283";"2022-04-21";"10:45:55";"REG2";"";"#1: alpha: 0.181, ETRm: 28.220, Ik: 155.533 ";""
"2022-04-21 10:45:57.024";"2022-04-21";"10:45:57";"FO";"289";"86";"217";"0";"0.604";"0.0";"-";"-";"86";"217";"0.604"
"2022-04-21 10:46:27.313";"2022-04-21";"10:46:27";"F";"290";"94";"184";"66";"0.489";"13.6";"80";"0.179";"86";"217";"0.604"
"2022-04-21 10:46:57.612";"2022-04-21";"10:46:57";"F";"291";"95";"165";"90";"0.424";"16.0";"76";"0.315";"86";"217";"0.604"
"2022-04-21 10:47:27.907";"2022-04-21";"10:47:27";"F";"292";"97";"151";"125";"0.358";"18.8";"73";"0.437";"86";"217";"0.604"
"2022-04-21 10:47:58.193";"2022-04-21";"10:47:58";"F";"293";"103";"140";"190";"0.264";"21.1";"71";"0.550";"86";"217";"0.604"
"2022-04-21 10:48:28.495";"2022-04-21";"10:48:28";"F";"294";"104";"132";"285";"0.212";"25.4";"69";"0.644";"86";"217";"0.604"
"2022-04-21 10:48:58.793";"2022-04-21";"10:48:58";"F";"295";"109";"127";"420";"0.142";"25.0";"67";"0.709";"86";"217";"0.604"
"2022-04-21 10:49:29.088";"2022-04-21";"10:49:29";"F";"296";"113";"124";"625";"0.089";"23.4";"66";"0.750";"86";"217";"0.604"
"2022-04-21 10:49:59.384";"2022-04-21";"10:49:59";"F";"297";"113";"127";"820";"0.110";"37.9";"67";"0.709";"86";"217";"0.604"
"2022-04-21 10:50:01.752";"2022-04-21";"10:50:01";"SLCE";"";"Light Curve end ";""
"2022-04-21 10:50:21.413";"2022-04-21";"10:50:21";"SLCS";"";"Light Curve start ";"Hm5-2"
"2022-04-21 10:50:21.413";"2022-04-21";"10:50:21";"REG1";"";"#1: alpha: 0.319, ETRm: 35.984, Ik: 112.953   ( beta: 0.005, ETRmPot: 39.134 ) ";""
"2022-04-21 10:50:21.413";"2022-04-21";"10:50:21";"REG2";"";"#1: alpha: 0.246, ETRm: 35.500, Ik: 144.287 ";""
"2022-04-21 10:50:23.084";"2022-04-21";"10:50:23";"FO";"298";"103";"273";"0";"0.623";"0.0";"-";"-";"103";"273";"0.623"
"2022-04-21 10:50:53.377";"2022-04-21";"10:50:53";"F";"299";"112";"272";"66";"0.588";"16.3";"103";"0.004";"103";"273";"0.623"
"2022-04-21 10:51:23.674";"2022-04-21";"10:51:23";"F";"300";"114";"248";"90";"0.540";"20.4";"99";"0.101";"103";"273";"0.623"
"2022-04-21 10:51:53.969";"2022-04-21";"10:51:53";"F";"301";"113";"203";"125";"0.443";"23.3";"91";"0.345";"103";"273";"0.623"
"2022-04-21 10:52:24.257";"2022-04-21";"10:52:24";"F";"302";"115";"183";"190";"0.372";"29.7";"87";"0.492";"103";"273";"0.623"
"2022-04-21 10:52:54.557";"2022-04-21";"10:52:54";"F";"303";"116";"166";"285";"0.301";"36.0";"83";"0.645";"103";"273";"0.623"
"2022-04-21 10:53:24.851";"2022-04-21";"10:53:24";"F";"304";"121";"152";"420";"0.204";"36.0";"79";"0.796";"103";"273";"0.623"
"2022-04-21 10:53:55.146";"2022-04-21";"10:53:55";"F";"305";"125";"143";"625";"0.126";"33.1";"77";"0.909";"103";"273";"0.623"
"2022-04-21 10:54:25.440";"2022-04-21";"10:54:25";"F";"306";"126";"141";"820";"0.106";"36.5";"76";"0.936";"103";"273";"0.623"
"2022-04-21 10:54:28.285";"2022-04-21";"10:54:28";"SLCE";"";"Light Curve end ";""
"2022-04-21 10:54:47.047";"2022-04-21";"10:54:47";"SLCS";"";"Light Curve start ";"Hm5-3"
"2022-04-21 10:54:47.047";"2022-04-21";"10:54:47";"REG1";"";"#1: alpha: - , ETRm: - , Ik: -   ( beta: - 0.006, ETRmPot: 27.358 ) ";""
"2022-04-21 10:54:47.047";"2022-04-21";"10:54:47";"REG2";"";"#1: alpha: 0.165, ETRm: 30.979, Ik: 187.690 ";""
"2022-04-21 10:54:48.743";"2022-04-21";"10:54:48";"FO";"307";"79";"201";"0";"0.607";"0.0";"-";"-";"79";"201";"0.607"
"2022-04-21 10:55:19.041";"2022-04-21";"10:55:19";"F";"308";"92";"159";"66";"0.421";"11.7";"72";"0.264";"79";"201";"0.607"
"2022-04-21 10:55:49.331";"2022-04-21";"10:55:49";"F";"309";"92";"152";"90";"0.395";"14.9";"70";"0.322";"79";"201";"0.607"
"2022-04-21 10:56:19.627";"2022-04-21";"10:56:19";"F";"310";"91";"140";"125";"0.350";"18.4";"67";"0.436";"79";"201";"0.607"
"2022-04-21 10:56:49.926";"2022-04-21";"10:56:49";"F";"311";"96";"133";"190";"0.278";"22.2";"66";"0.511";"79";"201";"0.607"
"2022-04-21 10:57:20.216";"2022-04-21";"10:57:20";"F";"312";"97";"127";"285";"0.236";"28.2";"64";"0.583";"79";"201";"0.607"
"2022-04-21 10:57:50.511";"2022-04-21";"10:57:50";"F";"313";"102";"120";"420";"0.150";"26.5";"62";"0.675";"79";"201";"0.607"
"2022-04-21 10:58:20.812";"2022-04-21";"10:58:20";"F";"314";"102";"117";"625";"0.128";"33.6";"62";"0.718";"79";"201";"0.607"
"2022-04-21 10:58:51.107";"2022-04-21";"10:58:51";"F";"315";"107";"118";"820";"0.093";"32.0";"62";"0.703";"79";"201";"0.607"
"2022-04-21 10:58:53.585";"2022-04-21";"10:58:53";"SLCE";"";"Light Curve end ";""
"2022-04-21 10:59:17.070";"2022-04-21";"10:59:17";"SLCS";"";"Light Curve start ";"Hm5-4"
"2022-04-21 10:59:17.070";"2022-04-21";"10:59:17";"REG1";"";"#1: alpha: 0.304, ETRm: 27.027, Ik: 88.845   ( beta: 0.007, ETRmPot: 30.298 ) ";""
"2022-04-21 10:59:17.070";"2022-04-21";"10:59:17";"REG2";"";"#1: alpha: 0.243, ETRm: 26.065, Ik: 107.112 ";""
"2022-04-21 10:59:18.799";"2022-04-21";"10:59:18";"FO";"316";"92";"192";"0";"0.521";"0.0";"-";"-";"92";"192";"0.521"
"2022-04-21 10:59:49.094";"2022-04-21";"10:59:49";"F";"317";"98";"205";"66";"0.522";"14.5";"95";"- 0.063";"92";"192";"0.521"
"2022-04-21 11:00:19.396";"2022-04-21";"11:00:19";"F";"318";"96";"189";"90";"0.492";"18.6";"91";"0.016";"92";"192";"0.521"
"2022-04-21 11:00:49.686";"2022-04-21";"11:00:49";"F";"319";"95";"159";"125";"0.403";"21.2";"84";"0.208";"92";"192";"0.521"
"2022-04-21 11:01:19.982";"2022-04-21";"11:01:19";"F";"320";"101";"141";"190";"0.284";"22.7";"78";"0.362";"92";"192";"0.521"
"2022-04-21 11:01:50.281";"2022-04-21";"11:01:50";"F";"321";"102";"131";"285";"0.221";"26.5";"75";"0.466";"92";"192";"0.521"
"2022-04-21 11:02:20.579";"2022-04-21";"11:02:20";"F";"322";"105";"126";"420";"0.167";"29.5";"74";"0.524";"92";"192";"0.521"
"2022-04-21 11:02:50.865";"2022-04-21";"11:02:50";"F";"323";"110";"121";"625";"0.091";"23.9";"72";"0.587";"92";"192";"0.521"
"2022-04-21 11:03:21.162";"2022-04-21";"11:03:21";"F";"324";"112";"121";"820";"0.074";"25.5";"72";"0.587";"92";"192";"0.521"
"2022-04-21 11:03:23.548";"2022-04-21";"11:03:23";"SLCE";"";"Light Curve end ";""
"2022-04-21 11:04:09.818";"2022-04-21";"11:04:09";"SLCS";"";"Light Curve start ";"HUl5-1"
"2022-04-21 11:04:09.818";"2022-04-21";"11:04:09";"REG1";"";"#1: alpha: - , ETRm: - , Ik: -   ( beta: - 0.006, ETRmPot: 32.137 ) ";""
"2022-04-21 11:04:09.818";"2022-04-21";"11:04:09";"REG2";"";"#1: alpha: 0.243, ETRm: 35.523, Ik: 145.901 ";""
"2022-04-21 11:04:11.556";"2022-04-21";"11:04:11";"FO";"325";"74";"210";"0";"0.648";"0.0";"-";"-";"74";"210";"0.648"
"2022-04-21 11:04:41.852";"2022-04-21";"11:04:41";"F";"326";"81";"195";"66";"0.585";"16.2";"72";"0.077";"74";"210";"0.648"
"2022-04-21 11:05:12.153";"2022-04-21";"11:05:12";"F";"327";"82";"185";"90";"0.557";"21.1";"71";"0.135";"74";"210";"0.648"
"2022-04-21 11:05:42.441";"2022-04-21";"11:05:42";"F";"328";"80";"146";"125";"0.452";"23.7";"64";"0.438";"74";"210";"0.648"
"2022-04-21 11:06:12.739";"2022-04-21";"11:06:12";"F";"329";"84";"130";"190";"0.354";"28.2";"61";"0.615";"74";"210";"0.648"
"2022-04-21 11:06:43.033";"2022-04-21";"11:06:43";"F";"330";"85";"120";"285";"0.292";"35.0";"59";"0.750";"74";"210";"0.648"
"2022-04-21 11:07:13.334";"2022-04-21";"11:07:13";"F";"331";"87";"109";"420";"0.202";"35.6";"56";"0.927";"74";"210";"0.648"
"2022-04-21 11:07:43.622";"2022-04-21";"11:07:43";"F";"332";"90";"102";"625";"0.118";"31.0";"54";"1.059";"74";"210";"0.648"
"2022-04-21 11:08:13.922";"2022-04-21";"11:08:13";"F";"333";"91";"103";"820";"0.117";"40.3";"54";"1.039";"74";"210";"0.648"
"2022-04-21 11:08:16.547";"2022-04-21";"11:08:16";"SLCE";"";"Light Curve end ";""
"2022-04-21 11:08:53.736";"2022-04-21";"11:08:53";"SLCS";"";"Light Curve start ";"HUl5-2"
"2022-04-21 11:08:53.736";"2022-04-21";"11:08:53";"REG1";"";"#1: alpha: - , ETRm: - , Ik: -   ( beta: - 0.006, ETRmPot: 23.827 ) ";""
"2022-04-21 11:08:53.736";"2022-04-21";"11:08:53";"REG2";"";"#1: alpha: 0.159, ETRm: 27.733, Ik: 174.156 ";""
"2022-04-21 11:08:55.411";"2022-04-21";"11:08:55";"FO";"334";"108";"228";"0";"0.526";"0.0";"-";"-";"108";"228";"0.526"
"2022-04-21 11:09:25.715";"2022-04-21";"11:09:25";"F";"335";"113";"192";"66";"0.411";"11.4";"99";"0.188";"108";"228";"0.526"
"2022-04-21 11:09:56.009";"2022-04-21";"11:09:56";"F";"336";"114";"182";"90";"0.374";"14.1";"96";"0.253";"108";"228";"0.526"
"2022-04-21 11:10:26.305";"2022-04-21";"11:10:26";"F";"337";"113";"167";"125";"0.323";"17.0";"92";"0.365";"108";"228";"0.526"
"2022-04-21 11:10:56.596";"2022-04-21";"11:10:56";"F";"338";"116";"157";"190";"0.261";"20.8";"89";"0.452";"108";"228";"0.526"
"2022-04-21 11:11:26.895";"2022-04-21";"11:11:26";"F";"339";"118";"149";"285";"0.208";"24.9";"86";"0.530";"108";"228";"0.526"
"2022-04-21 11:11:57.191";"2022-04-21";"11:11:57";"F";"340";"120";"141";"420";"0.149";"26.3";"84";"0.617";"108";"228";"0.526"
"2022-04-21 11:12:27.488";"2022-04-21";"11:12:27";"F";"341";"122";"136";"625";"0.103";"27.0";"82";"0.676";"108";"228";"0.526"
"2022-04-21 11:12:57.777";"2022-04-21";"11:12:57";"F";"342";"124";"136";"820";"0.088";"30.3";"82";"0.676";"108";"228";"0.526"
"2022-04-21 11:13:00.233";"2022-04-21";"11:13:00";"SLCE";"";"Light Curve end ";""
"2022-04-21 11:13:26.106";"2022-04-21";"11:13:26";"SLCS";"";"Light Curve start ";"HUl5-3"
"2022-04-21 11:13:26.106";"2022-04-21";"11:13:26";"REG1";"";"#1: alpha: - , ETRm: - , Ik: -   ( beta: - 0.018, ETRmPot: 13.881 ) ";""
"2022-04-21 11:13:26.106";"2022-04-21";"11:13:26";"REG2";"";"#1: alpha: 0.084, ETRm: 38.351, Ik: 457.291 ";""
"2022-04-21 11:13:27.773";"2022-04-21";"11:13:27";"FO";"343";"95";"169";"0";"0.438";"0.0";"-";"-";"95";"169";"0.438"
"2022-04-21 11:13:58.069";"2022-04-21";"11:13:58";"F";"344";"104";"147";"66";"0.293";"8.1";"88";"0.150";"95";"169";"0.438"
"2022-04-21 11:14:28.368";"2022-04-21";"11:14:28";"F";"345";"102";"143";"90";"0.287";"10.8";"86";"0.182";"95";"169";"0.438"
"2022-04-21 11:14:58.662";"2022-04-21";"11:14:58";"F";"346";"105";"139";"125";"0.245";"12.9";"85";"0.216";"95";"169";"0.438"
"2022-04-21 11:15:28.953";"2022-04-21";"11:15:28";"F";"347";"107";"137";"190";"0.219";"17.5";"84";"0.234";"95";"169";"0.438"
"2022-04-21 11:15:59.257";"2022-04-21";"11:15:59";"F";"348";"109";"131";"285";"0.168";"20.1";"82";"0.290";"95";"169";"0.438"
"2022-04-21 11:16:29.546";"2022-04-21";"11:16:29";"F";"349";"109";"127";"420";"0.142";"25.0";"80";"0.331";"95";"169";"0.438"
"2022-04-21 11:16:59.846";"2022-04-21";"11:16:59";"F";"350";"110";"123";"625";"0.106";"27.8";"78";"0.374";"95";"169";"0.438"
"2022-04-21 11:17:30.141";"2022-04-21";"11:17:30";"F";"351";"109";"124";"820";"0.121";"41.7";"79";"0.363";"95";"169";"0.438"
"2022-04-21 11:17:32.821";"2022-04-21";"11:17:32";"SLCE";"";"Light Curve end ";""
"2022-04-21 11:17:57.792";"2022-04-21";"11:17:57";"SLCS";"";"Light Curve start ";"HUl5-4"
"2022-04-21 11:17:57.792";"2022-04-21";"11:17:57";"REG1";"";"#1: alpha: - , ETRm: - , Ik: -   ( beta: - 0.006, ETRmPot: 26.234 ) ";""
"2022-04-21 11:17:57.792";"2022-04-21";"11:17:57";"REG2";"";"#1: alpha: 0.214, ETRm: 29.467, Ik: 138.003 ";""
"2022-04-21 11:17:59.539";"2022-04-21";"11:17:59";"FO";"352";"102";"281";"0";"0.637";"0.0";"-";"-";"102";"281";"0.637"
"2022-04-21 11:18:29.827";"2022-04-21";"11:18:29";"F";"353";"116";"235";"66";"0.506";"14.0";"95";"0.196";"102";"281";"0.637"
"2022-04-21 11:19:00.129";"2022-04-21";"11:19:00";"F";"354";"113";"214";"90";"0.472";"17.8";"92";"0.313";"102";"281";"0.637"
"2022-04-21 11:19:30.418";"2022-04-21";"11:19:30";"F";"355";"116";"192";"125";"0.396";"20.8";"87";"0.464";"102";"281";"0.637"
"2022-04-21 11:20:00.718";"2022-04-21";"11:20:00";"F";"356";"118";"171";"190";"0.310";"24.7";"83";"0.643";"102";"281";"0.637"
"2022-04-21 11:20:31.018";"2022-04-21";"11:20:31";"F";"357";"120";"155";"285";"0.226";"27.1";"79";"0.813";"102";"281";"0.637"
"2022-04-21 11:21:01.309";"2022-04-21";"11:21:01";"F";"358";"121";"145";"420";"0.166";"29.3";"76";"0.938";"102";"281";"0.637"
"2022-04-21 11:21:31.607";"2022-04-21";"11:21:31";"F";"359";"124";"139";"625";"0.108";"28.4";"74";"1.022";"102";"281";"0.637"
"2022-04-21 11:22:01.892";"2022-04-21";"11:22:01";"F";"360";"126";"139";"820";"0.094";"32.4";"74";"1.022";"102";"281";"0.637"
"2022-04-21 11:22:05.185";"2022-04-21";"11:22:05";"SLCE";"";"Light Curve end ";""
"2022-04-21 11:22:59.117";"2022-04-21";"11:22:59";"SLCS";"";"Light Curve start ";"Hm6-1"
"2022-04-21 11:22:59.117";"2022-04-21";"11:22:59";"REG1";"";"#1: alpha: 0.225, ETRm: 48.576, Ik: 215.726   ( beta: 0.050, ETRmPot: 86.734 ) ";""
"2022-04-21 11:22:59.117";"2022-04-21";"11:22:59";"REG2";"";"#1: alpha: 0.192, ETRm: 48.287, Ik: 251.371 ";""
"2022-04-21 11:23:00.789";"2022-04-21";"11:23:00";"FO";"361";"62";"152";"0";"0.592";"0.0";"-";"-";"62";"152";"0.592"
"2022-04-21 11:23:31.086";"2022-04-21";"11:23:31";"F";"362";"74";"138";"66";"0.464";"12.9";"60";"0.101";"62";"152";"0.592"
"2022-04-21 11:24:01.382";"2022-04-21";"11:24:01";"F";"363";"74";"137";"90";"0.460";"17.4";"59";"0.109";"62";"152";"0.592"
"2022-04-21 11:24:31.673";"2022-04-21";"11:24:31";"F";"364";"76";"134";"125";"0.433";"22.7";"59";"0.134";"62";"152";"0.592"
"2022-04-21 11:25:01.977";"2022-04-21";"11:25:01";"F";"365";"76";"122";"190";"0.377";"30.1";"56";"0.246";"62";"152";"0.592"
"2022-04-21 11:25:32.266";"2022-04-21";"11:25:32";"F";"366";"75";"111";"285";"0.324";"38.8";"54";"0.369";"62";"152";"0.592"
"2022-04-21 11:26:02.562";"2022-04-21";"11:26:02";"F";"367";"78";"104";"420";"0.250";"44.1";"52";"0.462";"62";"152";"0.592"
"2022-04-21 11:26:32.862";"2022-04-21";"11:26:32";"F";"368";"77";"95";"625";"0.189";"49.6";"50";"0.600";"62";"152";"0.592"
"2022-04-21 11:27:03.156";"2022-04-21";"11:27:03";"F";"369";"82";"95";"820";"0.137";"47.2";"50";"0.600";"62";"152";"0.592"
"2022-04-21 11:27:06.167";"2022-04-21";"11:27:06";"SLCE";"";"Light Curve end ";""
"2022-04-21 11:27:37.241";"2022-04-21";"11:27:37";"SLCS";"";"Light Curve start ";"Hm6-2"
"2022-04-21 11:27:37.241";"2022-04-21";"11:27:37";"REG1";"";"#1: alpha: - , ETRm: - , Ik: -   ( beta: - 0.005, ETRmPot: 22.211 ) ";""
"2022-04-21 11:27:37.241";"2022-04-21";"11:27:37";"REG2";"";"#1: alpha: 0.196, ETRm: 24.815, Ik: 126.735 ";""
"2022-04-21 11:27:38.954";"2022-04-21";"11:27:38";"FO";"370";"97";"249";"0";"0.610";"0.0";"-";"-";"97";"249";"0.610"
"2022-04-21 11:28:09.250";"2022-04-21";"11:28:09";"F";"371";"105";"185";"66";"0.432";"12.0";"85";"0.346";"97";"249";"0.610"
"2022-04-21 11:28:39.546";"2022-04-21";"11:28:39";"F";"372";"102";"177";"90";"0.424";"16.0";"84";"0.407";"97";"249";"0.610"
"2022-04-21 11:29:09.842";"2022-04-21";"11:29:09";"F";"373";"104";"160";"125";"0.350";"18.4";"80";"0.556";"97";"249";"0.610"
"2022-04-21 11:29:40.136";"2022-04-21";"11:29:40";"F";"374";"106";"145";"190";"0.269";"21.5";"76";"0.717";"97";"249";"0.610"
"2022-04-21 11:30:10.432";"2022-04-21";"11:30:10";"F";"375";"106";"133";"285";"0.203";"24.3";"72";"0.872";"97";"249";"0.610"
"2022-04-21 11:30:40.727";"2022-04-21";"11:30:40";"F";"376";"110";"127";"420";"0.134";"23.6";"71";"0.961";"97";"249";"0.610"
"2022-04-21 11:31:11.016";"2022-04-21";"11:31:11";"F";"377";"113";"124";"625";"0.089";"23.4";"70";"1.008";"97";"249";"0.610"
"2022-04-21 11:31:41.313";"2022-04-21";"11:31:41";"F";"378";"114";"124";"820";"0.081";"27.9";"70";"1.008";"97";"249";"0.610"
"2022-04-21 11:31:44.035";"2022-04-21";"11:31:44";"SLCE";"";"Light Curve end ";""
"2022-04-21 11:32:21.325";"2022-04-21";"11:32:21";"SLCS";"";"Light Curve start ";"Hm6-3"
"2022-04-21 11:32:21.325";"2022-04-21";"11:32:21";"REG1";"";"#1: alpha: - , ETRm: - , Ik: -   ( beta: - 0.007, ETRmPot: 22.963 ) ";""
"2022-04-21 11:32:21.325";"2022-04-21";"11:32:21";"REG2";"";"#1: alpha: 0.209, ETRm: 27.263, Ik: 130.588 ";""
"2022-04-21 11:32:23.012";"2022-04-21";"11:32:23";"FO";"379";"98";"263";"0";"0.627";"0.0";"-";"-";"98";"263";"0.627"
"2022-04-21 11:32:53.301";"2022-04-21";"11:32:53";"F";"380";"108";"208";"66";"0.481";"13.3";"89";"0.264";"98";"263";"0.627"
"2022-04-21 11:33:23.600";"2022-04-21";"11:33:23";"F";"381";"105";"193";"90";"0.456";"17.2";"86";"0.363";"98";"263";"0.627"
"2022-04-21 11:33:53.891";"2022-04-21";"11:33:53";"F";"382";"106";"170";"125";"0.376";"19.7";"81";"0.547";"98";"263";"0.627"
"2022-04-21 11:34:24.187";"2022-04-21";"11:34:24";"F";"383";"109";"155";"190";"0.297";"23.7";"78";"0.697";"98";"263";"0.627"
"2022-04-21 11:34:54.491";"2022-04-21";"11:34:54";"F";"384";"113";"143";"285";"0.210";"25.1";"75";"0.839";"98";"263";"0.627"
"2022-04-21 11:35:24.785";"2022-04-21";"11:35:24";"F";"385";"115";"135";"420";"0.148";"26.1";"72";"0.948";"98";"263";"0.627"
"2022-04-21 11:35:55.077";"2022-04-21";"11:35:55";"F";"386";"118";"131";"625";"0.099";"26.0";"71";"1.008";"98";"263";"0.627"
"2022-04-21 11:36:25.375";"2022-04-21";"11:36:25";"F";"387";"120";"132";"820";"0.091";"31.3";"72";"0.992";"98";"263";"0.627"
"2022-04-21 11:36:28.459";"2022-04-21";"11:36:28";"SLCE";"";"Light Curve end ";""
"2022-04-21 11:37:13.992";"2022-04-21";"11:37:13";"SLCS";"";"Light Curve start ";"Hm6-4"
"2022-04-21 11:37:13.992";"2022-04-21";"11:37:13";"REG1";"";"#1: alpha: 0.319, ETRm: 43.592, Ik: 136.521   ( beta: 0.006, ETRmPot: 47.672 ) ";""
"2022-04-21 11:37:13.992";"2022-04-21";"11:37:13";"REG2";"";"#1: alpha: 0.249, ETRm: 43.161, Ik: 173.365 ";""
"2022-04-21 11:37:15.663";"2022-04-21";"11:37:15";"FO";"388";"83";"237";"0";"0.650";"0.0";"-";"-";"83";"237";"0.650"
"2022-04-21 11:37:45.957";"2022-04-21";"11:37:45";"F";"389";"91";"212";"66";"0.571";"15.8";"80";"0.118";"83";"237";"0.650"
"2022-04-21 11:38:16.261";"2022-04-21";"11:38:16";"F";"390";"90";"198";"90";"0.545";"20.6";"78";"0.197";"83";"237";"0.650"
"2022-04-21 11:38:46.551";"2022-04-21";"11:38:46";"F";"391";"91";"181";"125";"0.497";"26.1";"75";"0.309";"83";"237";"0.650"
"2022-04-21 11:39:16.851";"2022-04-21";"11:39:16";"F";"392";"94";"164";"190";"0.427";"34.1";"72";"0.445";"83";"237";"0.650"
"2022-04-21 11:39:47.146";"2022-04-21";"11:39:47";"F";"393";"94";"143";"285";"0.343";"41.1";"67";"0.657";"83";"237";"0.650"
"2022-04-21 11:40:17.436";"2022-04-21";"11:40:17";"F";"394";"97";"130";"420";"0.254";"44.8";"64";"0.823";"83";"237";"0.650"
"2022-04-21 11:40:47.732";"2022-04-21";"11:40:47";"F";"395";"102";"119";"625";"0.143";"37.5";"62";"0.992";"83";"237";"0.650"
"2022-04-21 11:41:18.028";"2022-04-21";"11:41:18";"F";"396";"103";"119";"820";"0.134";"46.1";"62";"0.992";"83";"237";"0.650"
"2022-04-21 11:41:20.622";"2022-04-21";"11:41:20";"SLCE";"";"Light Curve end ";""
"2022-04-21 11:42:15.350";"2022-04-21";"11:42:15";"SLCS";"";"Light Curve start ";"HUl6-1"
"2022-04-21 11:42:15.350";"2022-04-21";"11:42:15";"REG1";"";"#1: alpha: 0.265, ETRm: 33.321, Ik: 125.678   ( beta: 0.000, ETRmPot: 33.698 ) ";""
"2022-04-21 11:42:15.350";"2022-04-21";"11:42:15";"REG2";"";"#1: alpha: 0.201, ETRm: 32.836, Ik: 163.649 ";""
"2022-04-21 11:42:17.025";"2022-04-21";"11:42:17";"FO";"397";"100";"273";"0";"0.634";"0.0";"-";"-";"100";"273";"0.634"
"2022-04-21 11:42:47.313";"2022-04-21";"11:42:47";"F";"398";"111";"206";"66";"0.461";"12.8";"89";"0.325";"100";"273";"0.634"
"2022-04-21 11:43:17.609";"2022-04-21";"11:43:17";"F";"399";"110";"198";"90";"0.444";"16.8";"88";"0.379";"100";"273";"0.634"
"2022-04-21 11:43:47.908";"2022-04-21";"11:43:47";"F";"400";"112";"186";"125";"0.398";"20.9";"85";"0.468";"100";"273";"0.634"
"2022-04-21 11:44:18.206";"2022-04-21";"11:44:18";"F";"401";"114";"169";"190";"0.325";"25.9";"82";"0.615";"100";"273";"0.634"
"2022-04-21 11:44:48.501";"2022-04-21";"11:44:48";"F";"402";"117";"160";"285";"0.269";"32.2";"79";"0.706";"100";"273";"0.634"
"2022-04-21 11:45:18.796";"2022-04-21";"11:45:18";"F";"403";"122";"150";"420";"0.187";"33.0";"77";"0.820";"100";"273";"0.634"
"2022-04-21 11:45:49.090";"2022-04-21";"11:45:49";"F";"404";"128";"144";"625";"0.111";"29.1";"75";"0.896";"100";"273";"0.634"
"2022-04-21 11:46:19.384";"2022-04-21";"11:46:19";"F";"405";"130";"145";"820";"0.103";"35.5";"76";"0.883";"100";"273";"0.634"
"2022-04-21 11:46:22.628";"2022-04-21";"11:46:22";"SLCE";"";"Light Curve end ";""
"2022-04-21 11:46:53.179";"2022-04-21";"11:46:53";"SLCS";"";"Light Curve start ";"HUl6-2"
"2022-04-21 11:46:53.179";"2022-04-21";"11:46:53";"REG1";"";"#1: alpha: - , ETRm: - , Ik: -   ( beta: - 0.018, ETRmPot: 20.982 ) ";""
"2022-04-21 11:46:53.179";"2022-04-21";"11:46:53";"REG2";"";"#1: alpha: 0.138, ETRm: 36.839, Ik: 267.657 ";""
"2022-04-21 11:46:54.882";"2022-04-21";"11:46:54";"FO";"406";"77";"175";"0";"0.560";"0.0";"-";"-";"77";"175";"0.560"
"2022-04-21 11:47:25.173";"2022-04-21";"11:47:25";"F";"407";"88";"145";"66";"0.393";"10.9";"71";"0.207";"77";"175";"0.560"
"2022-04-21 11:47:55.474";"2022-04-21";"11:47:55";"F";"408";"84";"136";"90";"0.382";"14.4";"68";"0.287";"77";"175";"0.560"
"2022-04-21 11:48:25.763";"2022-04-21";"11:48:25";"F";"409";"85";"129";"125";"0.341";"17.9";"67";"0.357";"77";"175";"0.560"
"2022-04-21 11:48:56.059";"2022-04-21";"11:48:56";"F";"410";"86";"121";"190";"0.289";"23.1";"64";"0.446";"77";"175";"0.560"
"2022-04-21 11:49:26.362";"2022-04-21";"11:49:26";"F";"411";"88";"114";"285";"0.228";"27.3";"62";"0.535";"77";"175";"0.560"
"2022-04-21 11:49:56.653";"2022-04-21";"11:49:56";"F";"412";"91";"108";"420";"0.157";"27.7";"60";"0.620";"77";"175";"0.560"
"2022-04-21 11:50:26.945";"2022-04-21";"11:50:26";"F";"413";"91";"105";"625";"0.133";"34.9";"60";"0.667";"77";"175";"0.560"
"2022-04-21 11:50:57.243";"2022-04-21";"11:50:57";"F";"414";"93";"106";"820";"0.123";"42.4";"60";"0.651";"77";"175";"0.560"
"2022-04-21 11:50:59.678";"2022-04-21";"11:50:59";"SLCE";"";"Light Curve end ";""
"2022-04-21 11:51:31.714";"2022-04-21";"11:51:31";"SLCS";"";"Light Curve start ";"HUl6-3"
"2022-04-21 11:51:31.714";"2022-04-21";"11:51:31";"REG1";"";"#1: alpha: - , ETRm: - , Ik: -   ( beta: - 0.002, ETRmPot: 29.877 ) ";""
"2022-04-21 11:51:31.714";"2022-04-21";"11:51:31";"REG2";"";"#1: alpha: 0.260, ETRm: 30.983, Ik: 119.379 ";""
"2022-04-21 11:51:33.443";"2022-04-21";"11:51:33";"FO";"415";"95";"263";"0";"0.639";"0.0";"-";"-";"95";"263";"0.639"
"2022-04-21 11:52:03.734";"2022-04-21";"11:52:03";"F";"416";"105";"230";"66";"0.543";"15.1";"90";"0.143";"95";"263";"0.639"
"2022-04-21 11:52:34.026";"2022-04-21";"11:52:34";"F";"417";"104";"212";"90";"0.509";"19.2";"87";"0.241";"95";"263";"0.639"
"2022-04-21 11:53:04.322";"2022-04-21";"11:53:04";"F";"418";"104";"194";"125";"0.464";"24.4";"84";"0.356";"95";"263";"0.639"
"2022-04-21 11:53:34.619";"2022-04-21";"11:53:34";"F";"419";"107";"170";"190";"0.371";"29.6";"79";"0.547";"95";"263";"0.639"
"2022-04-21 11:54:04.919";"2022-04-21";"11:54:04";"F";"420";"109";"148";"285";"0.264";"31.6";"74";"0.777";"95";"263";"0.639"
"2022-04-21 11:54:35.211";"2022-04-21";"11:54:35";"F";"421";"111";"135";"420";"0.178";"31.4";"71";"0.948";"95";"263";"0.639"
"2022-04-21 11:55:05.507";"2022-04-21";"11:55:05";"F";"422";"117";"128";"625";"0.086";"22.6";"69";"1.055";"95";"263";"0.639"
"2022-04-21 11:55:35.807";"2022-04-21";"11:55:35";"F";"423";"116";"130";"820";"0.108";"37.2";"69";"1.023";"95";"263";"0.639"
"2022-04-21 11:55:38.232";"2022-04-21";"11:55:38";"SLCE";"";"Light Curve end ";""
"2022-04-21 11:59:10.458";"2022-04-21";"11:59:10";"SLCS";"";"Light Curve start ";"HUl6-4"
"2022-04-21 11:59:10.458";"2022-04-21";"11:59:10";"REG1";"";"#1: alpha: - , ETRm: - , Ik: -   ( beta: - 0.006, ETRmPot: 30.002 ) ";""
"2022-04-21 11:59:10.458";"2022-04-21";"11:59:10";"REG2";"";"#1: alpha: 0.226, ETRm: 33.047, Ik: 146.317 ";""
"2022-04-21 11:59:12.169";"2022-04-21";"11:59:12";"FO";"424";"89";"265";"0";"0.664";"0.0";"-";"-";"89";"265";"0.664"
"2022-04-21 11:59:42.467";"2022-04-21";"11:59:42";"F";"425";"99";"209";"66";"0.526";"14.6";"82";"0.268";"89";"265";"0.664"
"2022-04-21 12:00:12.766";"2022-04-21";"12:00:12";"F";"426";"96";"188";"90";"0.489";"18.5";"78";"0.410";"89";"265";"0.664"
"2022-04-21 12:00:43.056";"2022-04-21";"12:00:43";"F";"427";"96";"171";"125";"0.439";"23.0";"75";"0.550";"89";"265";"0.664"
"2022-04-21 12:01:13.353";"2022-04-21";"12:01:13";"F";"428";"101";"154";"190";"0.344";"27.5";"72";"0.721";"89";"265";"0.664"
"2022-04-21 12:01:43.646";"2022-04-21";"12:01:43";"F";"429";"103";"139";"285";"0.259";"31.0";"68";"0.906";"89";"265";"0.664"
"2022-04-21 12:02:13.942";"2022-04-21";"12:02:13";"F";"430";"105";"129";"420";"0.186";"32.8";"66";"1.054";"89";"265";"0.664"
"2022-04-21 12:02:44.237";"2022-04-21";"12:02:44";"F";"431";"108";"122";"625";"0.115";"30.2";"64";"1.172";"89";"265";"0.664"
"2022-04-21 12:03:14.538";"2022-04-21";"12:03:14";"F";"432";"109";"122";"820";"0.107";"36.9";"64";"1.172";"89";"265";"0.664"
"2022-04-21 12:03:17.327";"2022-04-21";"12:03:17";"SLCE";"";"Light Curve end ";""
