"2022-04-29";"12:28:04";"WinControl (rev 1142) report file"
"Datetime";"Date";"Time";"Type";"No.";"1:F";"1:Fm'";"1:PAR";"1:Y (II)";"1:ETR";"1:Fo'";"1:NPQ";"1:Fo";"1:Fm";"1:Fv/Fm"
"";"";"";"D";"";"Device Nr: #1, JUNIOR-PAM-II (CFMG0360A) ";""
"2022-04-29 09:18:26.228";"2022-04-29";"09:18:26";"SCHS";"";"Chart start ";""
"2022-04-29 09:19:43.445";"2022-04-29";"09:19:43";"SLCS";"";"Light Curve start ";"HUl5-1"
"2022-04-29 09:19:43.445";"2022-04-29";"09:19:43";"REG1";"";"#1: alpha: - , ETRm: - , Ik: -   ( beta: 0.000, ETRmPot: 11.234 ) ";""
"2022-04-29 09:19:43.445";"2022-04-29";"09:19:43";"REG2";"";"#1: alpha: 0.158, ETRm: 11.333, Ik: 71.513 ";""
"2022-04-29 09:19:45.225";"2022-04-29";"09:19:45";"FO";"1";"103";"272";"0";"0.621";"0.0";"-";"-";"103";"272";"0.621"
"2022-04-29 09:20:15.519";"2022-04-29";"09:20:15";"F";"2";"120";"171";"66";"0.298";"8.3";"84";"0.591";"103";"272";"0.621"
"2022-04-29 09:20:45.815";"2022-04-29";"09:20:45";"F";"3";"120";"161";"90";"0.255";"9.6";"82";"0.689";"103";"272";"0.621"
"2022-04-29 09:21:16.113";"2022-04-29";"09:21:16";"F";"4";"121";"152";"125";"0.204";"10.7";"79";"0.789";"103";"272";"0.621"
"2022-04-29 09:21:46.409";"2022-04-29";"09:21:46";"F";"5";"126";"146";"190";"0.137";"10.9";"78";"0.863";"103";"272";"0.621"
"2022-04-29 09:22:16.700";"2022-04-29";"09:22:16";"F";"6";"129";"142";"285";"0.092";"11.0";"76";"0.915";"103";"272";"0.621"
"2022-04-29 09:22:47.001";"2022-04-29";"09:22:47";"F";"7";"129";"139";"420";"0.072";"12.7";"76";"0.957";"103";"272";"0.621"
"2022-04-29 09:23:17.288";"2022-04-29";"09:23:17";"F";"8";"133";"138";"625";"0.036";"9.5";"75";"0.971";"103";"272";"0.621"
"2022-04-29 09:23:47.584";"2022-04-29";"09:23:47";"F";"9";"134";"139";"820";"0.036";"12.4";"76";"0.957";"103";"272";"0.621"
"2022-04-29 09:23:50.337";"2022-04-29";"09:23:50";"SLCE";"";"Light Curve end ";""
"2022-04-29 09:24:25.000";"2022-04-29";"09:24:25";"SLCS";"";"Light Curve start ";"HUl5-2"
"2022-04-29 09:24:25.000";"2022-04-29";"09:24:25";"REG1";"";"#1: alpha: - , ETRm: - , Ik: -   ( beta: - 0.009, ETRmPot: 11.747 ) ";""
"2022-04-29 09:24:25.000";"2022-04-29";"09:24:25";"REG2";"";"#1: alpha: 0.158, ETRm: 17.412, Ik: 110.539 ";""
"2022-04-29 09:24:26.679";"2022-04-29";"09:24:26";"FO";"10";"81";"217";"0";"0.627";"0.0";"-";"-";"81";"217";"0.627"
"2022-04-29 09:24:56.978";"2022-04-29";"09:24:56";"F";"11";"90";"141";"66";"0.362";"10.0";"67";"0.539";"81";"217";"0.627"
"2022-04-29 09:25:27.276";"2022-04-29";"09:25:27";"F";"12";"87";"133";"90";"0.346";"13.1";"66";"0.632";"81";"217";"0.627"
"2022-04-29 09:25:57.573";"2022-04-29";"09:25:57";"F";"13";"92";"121";"125";"0.240";"12.6";"62";"0.793";"81";"217";"0.627"
"2022-04-29 09:26:27.866";"2022-04-29";"09:26:27";"F";"14";"94";"116";"190";"0.190";"15.2";"61";"0.871";"81";"217";"0.627"
"2022-04-29 09:26:58.162";"2022-04-29";"09:26:58";"F";"15";"97";"112";"285";"0.134";"16.0";"60";"0.938";"81";"217";"0.627"
"2022-04-29 09:27:28.451";"2022-04-29";"09:27:28";"F";"16";"100";"109";"420";"0.083";"14.6";"59";"0.991";"81";"217";"0.627"
"2022-04-29 09:27:58.751";"2022-04-29";"09:27:58";"F";"17";"102";"108";"625";"0.056";"14.7";"59";"1.009";"81";"217";"0.627"
"2022-04-29 09:28:29.049";"2022-04-29";"09:28:29";"F";"18";"102";"110";"820";"0.073";"25.1";"59";"0.973";"81";"217";"0.627"
"2022-04-29 09:28:31.501";"2022-04-29";"09:28:31";"SLCE";"";"Light Curve end ";""
"2022-04-29 09:28:57.731";"2022-04-29";"09:28:57";"SLCS";"";"Light Curve start ";"HUl5-3"
"2022-04-29 09:28:57.731";"2022-04-29";"09:28:57";"REG1";"";"#1: alpha: - , ETRm: - , Ik: -   ( beta: - 0.007, ETRmPot: 15.902 ) ";""
"2022-04-29 09:28:57.731";"2022-04-29";"09:28:57";"REG2";"";"#1: alpha: 0.195, ETRm: 19.916, Ik: 102.222 ";""
"2022-04-29 09:28:59.441";"2022-04-29";"09:28:59";"FO";"19";"104";"268";"0";"0.612";"0.0";"-";"-";"104";"268";"0.612"
"2022-04-29 09:29:29.740";"2022-04-29";"09:29:29";"F";"20";"110";"183";"66";"0.399";"11.1";"88";"0.464";"104";"268";"0.612"
"2022-04-29 09:30:00.031";"2022-04-29";"09:30:00";"F";"21";"107";"172";"90";"0.378";"14.3";"85";"0.558";"104";"268";"0.612"
"2022-04-29 09:30:30.327";"2022-04-29";"09:30:30";"F";"22";"109";"161";"125";"0.323";"17.0";"83";"0.665";"104";"268";"0.612"
"2022-04-29 09:31:00.622";"2022-04-29";"09:31:00";"F";"23";"112";"146";"190";"0.233";"18.6";"79";"0.836";"104";"268";"0.612"
"2022-04-29 09:31:30.919";"2022-04-29";"09:31:30";"F";"24";"115";"137";"285";"0.161";"19.3";"76";"0.956";"104";"268";"0.612"
"2022-04-29 09:32:01.213";"2022-04-29";"09:32:01";"F";"25";"118";"131";"420";"0.099";"17.5";"74";"1.046";"104";"268";"0.612"
"2022-04-29 09:32:31.513";"2022-04-29";"09:32:31";"F";"26";"121";"129";"625";"0.062";"16.3";"73";"1.078";"104";"268";"0.612"
"2022-04-29 09:33:01.811";"2022-04-29";"09:33:01";"F";"27";"120";"130";"820";"0.077";"26.5";"74";"1.062";"104";"268";"0.612"
"2022-04-29 09:33:04.402";"2022-04-29";"09:33:04";"SLCE";"";"Light Curve end ";""
"2022-04-29 09:34:19.428";"2022-04-29";"09:34:19";"SLCS";"";"Light Curve start ";"HUl5-4"
"2022-04-29 09:34:19.428";"2022-04-29";"09:34:19";"REG1";"";"#1: alpha: 0.275, ETRm: 21.530, Ik: 78.156   ( beta: 0.003, ETRmPot: 23.006 ) ";""
"2022-04-29 09:34:19.428";"2022-04-29";"09:34:19";"REG2";"";"#1: alpha: 0.208, ETRm: 21.094, Ik: 101.640 ";""
"2022-04-29 09:34:21.197";"2022-04-29";"09:34:21";"FO";"28";"109";"266";"0";"0.590";"0.0";"-";"-";"109";"266";"0.590"
"2022-04-29 09:34:51.492";"2022-04-29";"09:34:51";"F";"29";"116";"206";"66";"0.437";"12.1";"97";"0.291";"109";"266";"0.590"
"2022-04-29 09:35:21.782";"2022-04-29";"09:35:21";"F";"30";"118";"196";"90";"0.398";"15.0";"95";"0.357";"109";"266";"0.590"
"2022-04-29 09:35:52.078";"2022-04-29";"09:35:52";"F";"31";"121";"181";"125";"0.331";"17.4";"91";"0.470";"109";"266";"0.590"
"2022-04-29 09:36:22.377";"2022-04-29";"09:36:22";"F";"32";"123";"165";"190";"0.255";"20.3";"87";"0.612";"109";"266";"0.590"
"2022-04-29 09:36:52.669";"2022-04-29";"09:36:52";"F";"33";"126";"155";"285";"0.187";"22.4";"84";"0.716";"109";"266";"0.590"
"2022-04-29 09:37:22.970";"2022-04-29";"09:37:22";"F";"34";"129";"147";"420";"0.122";"21.5";"82";"0.810";"109";"266";"0.590"
"2022-04-29 09:37:53.265";"2022-04-29";"09:37:53";"F";"35";"132";"142";"625";"0.070";"18.4";"80";"0.873";"109";"266";"0.590"
"2022-04-29 09:38:23.556";"2022-04-29";"09:38:23";"F";"36";"132";"141";"820";"0.064";"22.0";"80";"0.887";"109";"266";"0.590"
"2022-04-29 09:38:26.788";"2022-04-29";"09:38:26";"SLCE";"";"Light Curve end ";""
"2022-04-29 09:39:43.861";"2022-04-29";"09:39:43";"SLCS";"";"Light Curve start ";"Hm6-1"
"2022-04-29 09:39:43.861";"2022-04-29";"09:39:43";"REG1";"";"#1: alpha: - , ETRm: - , Ik: -   ( beta: - 0.003, ETRmPot: 18.992 ) ";""
"2022-04-29 09:39:43.861";"2022-04-29";"09:39:43";"REG2";"";"#1: alpha: 0.211, ETRm: 20.373, Ik: 96.696 ";""
"2022-04-29 09:39:45.550";"2022-04-29";"09:39:45";"FO";"37";"115";"251";"0";"0.542";"0.0";"-";"-";"115";"251";"0.542"
"2022-04-29 09:40:15.843";"2022-04-29";"09:40:15";"F";"38";"130";"231";"66";"0.437";"12.1";"111";"0.087";"115";"251";"0.542"
"2022-04-29 09:40:46.138";"2022-04-29";"09:40:46";"F";"39";"128";"215";"90";"0.405";"15.3";"107";"0.167";"115";"251";"0.542"
"2022-04-29 09:41:16.433";"2022-04-29";"09:41:16";"F";"40";"130";"192";"125";"0.323";"17.0";"101";"0.307";"115";"251";"0.542"
"2022-04-29 09:41:46.731";"2022-04-29";"09:41:46";"F";"41";"132";"175";"190";"0.246";"19.6";"96";"0.434";"115";"251";"0.542"
"2022-04-29 09:42:17.025";"2022-04-29";"09:42:17";"F";"42";"135";"162";"285";"0.167";"20.0";"92";"0.549";"115";"251";"0.542"
"2022-04-29 09:42:47.322";"2022-04-29";"09:42:47";"F";"43";"136";"153";"420";"0.111";"19.6";"89";"0.641";"115";"251";"0.542"
"2022-04-29 09:43:17.617";"2022-04-29";"09:43:17";"F";"44";"139";"150";"625";"0.073";"19.2";"88";"0.673";"115";"251";"0.542"
"2022-04-29 09:43:47.907";"2022-04-29";"09:43:47";"F";"45";"141";"151";"820";"0.066";"22.7";"88";"0.662";"115";"251";"0.542"
"2022-04-29 09:43:50.574";"2022-04-29";"09:43:50";"SLCE";"";"Light Curve end ";""
"2022-04-29 09:44:51.884";"2022-04-29";"09:44:51";"SLCS";"";"Light Curve start ";"HUl6-2"
"2022-04-29 09:44:51.884";"2022-04-29";"09:44:51";"REG1";"";"#1: alpha: 0.332, ETRm: 22.530, Ik: 67.910   ( beta: 0.007, ETRmPot: 25.001 ) ";""
"2022-04-29 09:44:51.884";"2022-04-29";"09:44:51";"REG2";"";"#1: alpha: 0.253, ETRm: 21.609, Ik: 85.268 ";""
"2022-04-29 09:44:53.601";"2022-04-29";"09:44:53";"FO";"46";"108";"248";"0";"0.565";"0.0";"-";"-";"108";"248";"0.565"
"2022-04-29 09:45:23.895";"2022-04-29";"09:45:23";"F";"47";"121";"228";"66";"0.469";"13.0";"104";"0.088";"108";"248";"0.565"
"2022-04-29 09:45:54.192";"2022-04-29";"09:45:54";"F";"48";"119";"221";"90";"0.462";"17.5";"103";"0.122";"108";"248";"0.565"
"2022-04-29 09:46:24.489";"2022-04-29";"09:46:24";"F";"49";"121";"193";"125";"0.373";"19.6";"96";"0.285";"108";"248";"0.565"
"2022-04-29 09:46:54.779";"2022-04-29";"09:46:54";"F";"50";"122";"170";"190";"0.282";"22.5";"90";"0.459";"108";"248";"0.565"
"2022-04-29 09:47:25.075";"2022-04-29";"09:47:25";"F";"51";"123";"154";"285";"0.201";"24.1";"85";"0.610";"108";"248";"0.565"
"2022-04-29 09:47:55.371";"2022-04-29";"09:47:55";"F";"52";"126";"145";"420";"0.131";"23.1";"82";"0.710";"108";"248";"0.565"
"2022-04-29 09:48:25.670";"2022-04-29";"09:48:25";"F";"53";"130";"137";"625";"0.051";"13.4";"80";"0.810";"108";"248";"0.565"
"2022-04-29 09:48:55.969";"2022-04-29";"09:48:55";"F";"54";"130";"140";"820";"0.071";"24.5";"81";"0.771";"108";"248";"0.565"
"2022-04-29 09:48:58.833";"2022-04-29";"09:48:58";"SLCE";"";"Light Curve end ";""
"2022-04-29 09:49:57.408";"2022-04-29";"09:49:57";"SLCS";"";"Light Curve start ";"Hm6-3"
"2022-04-29 09:49:57.408";"2022-04-29";"09:49:57";"REG1";"";"#1: alpha: - , ETRm: - , Ik: -   ( beta: - 0.002, ETRmPot: 30.329 ) ";""
"2022-04-29 09:49:57.408";"2022-04-29";"09:49:57";"REG2";"";"#1: alpha: 0.229, ETRm: 31.083, Ik: 135.755 ";""
"2022-04-29 09:49:59.160";"2022-04-29";"09:49:59";"FO";"55";"102";"264";"0";"0.614";"0.0";"-";"-";"102";"264";"0.614"
"2022-04-29 09:50:29.455";"2022-04-29";"09:50:29";"F";"56";"111";"225";"66";"0.507";"14.1";"96";"0.173";"102";"264";"0.614"
"2022-04-29 09:50:59.750";"2022-04-29";"09:50:59";"F";"57";"111";"218";"90";"0.491";"18.6";"94";"0.211";"102";"264";"0.614"
"2022-04-29 09:51:30.038";"2022-04-29";"09:51:30";"F";"58";"112";"195";"125";"0.426";"22.4";"90";"0.354";"102";"264";"0.614"
"2022-04-29 09:52:00.333";"2022-04-29";"09:52:00";"F";"59";"113";"171";"190";"0.339";"27.1";"84";"0.544";"102";"264";"0.614"
"2022-04-29 09:52:30.638";"2022-04-29";"09:52:30";"F";"60";"118";"157";"285";"0.248";"29.7";"81";"0.682";"102";"264";"0.614"
"2022-04-29 09:53:00.932";"2022-04-29";"09:53:00";"F";"61";"120";"145";"420";"0.172";"30.3";"77";"0.821";"102";"264";"0.614"
"2022-04-29 09:53:31.229";"2022-04-29";"09:53:31";"F";"62";"121";"137";"625";"0.117";"30.7";"75";"0.927";"102";"264";"0.614"
"2022-04-29 09:54:01.521";"2022-04-29";"09:54:01";"F";"63";"124";"137";"820";"0.095";"32.7";"75";"0.927";"102";"264";"0.614"
"2022-04-29 09:54:04.387";"2022-04-29";"09:54:04";"SLCE";"";"Light Curve end ";""
"2022-04-29 09:54:50.730";"2022-04-29";"09:54:50";"SLCS";"";"Light Curve start ";"Hm6-4"
"2022-04-29 09:54:50.730";"2022-04-29";"09:54:50";"REG1";"";"#1: alpha: 0.252, ETRm: 17.459, Ik: 69.150   ( beta: 0.011, ETRmPot: 21.004 ) ";""
"2022-04-29 09:54:50.730";"2022-04-29";"09:54:50";"REG2";"";"#1: alpha: 0.205, ETRm: 16.084, Ik: 78.302 ";""
"2022-04-29 09:54:52.411";"2022-04-29";"09:54:52";"FO";"64";"81";"154";"0";"0.474";"0.0";"-";"-";"81";"154";"0.474"
"2022-04-29 09:55:22.711";"2022-04-29";"09:55:22";"F";"65";"88";"138";"66";"0.362";"10.0";"76";"0.116";"81";"154";"0.474"
"2022-04-29 09:55:53.006";"2022-04-29";"09:55:53";"F";"66";"87";"136";"90";"0.360";"13.6";"76";"0.132";"81";"154";"0.474"
"2022-04-29 09:56:23.298";"2022-04-29";"09:56:23";"F";"67";"87";"124";"125";"0.298";"15.6";"72";"0.242";"81";"154";"0.474"
"2022-04-29 09:56:53.594";"2022-04-29";"09:56:53";"F";"68";"90";"114";"190";"0.211";"16.8";"68";"0.351";"81";"154";"0.474"
"2022-04-29 09:57:23.892";"2022-04-29";"09:57:23";"F";"69";"88";"105";"285";"0.162";"19.4";"65";"0.467";"81";"154";"0.474"
"2022-04-29 09:57:54.183";"2022-04-29";"09:57:54";"F";"70";"90";"100";"420";"0.100";"17.6";"63";"0.540";"81";"154";"0.474"
"2022-04-29 09:58:24.483";"2022-04-29";"09:58:24";"F";"71";"93";"96";"625";"0.031";"8.1";"61";"0.604";"81";"154";"0.474"
"2022-04-29 09:58:54.774";"2022-04-29";"09:58:54";"F";"72";"92";"97";"820";"0.052";"17.9";"62";"0.588";"81";"154";"0.474"
"2022-04-29 09:58:57.368";"2022-04-29";"09:58:57";"SLCE";"";"Light Curve end ";""
"2022-04-29 09:59:38.526";"2022-04-29";"09:59:38";"SLCS";"";"Light Curve start ";"HUl6-1"
"2022-04-29 09:59:38.526";"2022-04-29";"09:59:38";"REG1";"";"#1: alpha: 0.401, ETRm: 17.855, Ik: 44.484   ( beta: 0.003, ETRmPot: 18.651 ) ";""
"2022-04-29 09:59:38.526";"2022-04-29";"09:59:38";"REG2";"";"#1: alpha: 0.289, ETRm: 17.346, Ik: 60.069 ";""
"2022-04-29 09:59:40.267";"2022-04-29";"09:59:40";"FO";"73";"103";"232";"0";"0.556";"0.0";"-";"-";"103";"232";"0.556"
"2022-04-29 10:00:10.553";"2022-04-29";"10:00:10";"F";"74";"119";"231";"66";"0.485";"13.4";"103";"0.004";"103";"232";"0.556"
"2022-04-29 10:00:40.858";"2022-04-29";"10:00:40";"F";"75";"119";"204";"90";"0.417";"15.8";"97";"0.137";"103";"232";"0.556"
"2022-04-29 10:01:11.161";"2022-04-29";"10:01:11";"F";"76";"122";"185";"125";"0.341";"17.9";"93";"0.254";"103";"232";"0.556"
"2022-04-29 10:01:41.454";"2022-04-29";"10:01:41";"F";"77";"128";"166";"190";"0.229";"18.3";"88";"0.398";"103";"232";"0.556"
"2022-04-29 10:02:11.749";"2022-04-29";"10:02:11";"F";"78";"133";"156";"285";"0.147";"17.6";"85";"0.487";"103";"232";"0.556"
"2022-04-29 10:02:42.046";"2022-04-29";"10:02:42";"F";"79";"137";"152";"420";"0.099";"17.5";"83";"0.526";"103";"232";"0.556"
"2022-04-29 10:03:12.334";"2022-04-29";"10:03:12";"F";"80";"140";"148";"625";"0.054";"14.2";"82";"0.568";"103";"232";"0.556"
"2022-04-29 10:03:42.633";"2022-04-29";"10:03:42";"F";"81";"142";"150";"820";"0.053";"18.3";"83";"0.547";"103";"232";"0.556"
"2022-04-29 10:03:45.220";"2022-04-29";"10:03:45";"SLCE";"";"Light Curve end ";""
"2022-04-29 10:04:06.655";"2022-04-29";"10:04:06";"SLCS";"";"Light Curve start ";"HUl6-2"
"2022-04-29 10:04:06.655";"2022-04-29";"10:04:06";"REG1";"";"#1: alpha: - , ETRm: - , Ik: -   ( beta: - 0.003, ETRmPot: 32.940 ) ";""
"2022-04-29 10:04:06.655";"2022-04-29";"10:04:06";"REG2";"";"#1: alpha: 0.215, ETRm: 34.216, Ik: 158.963 ";""
"2022-04-29 10:04:08.326";"2022-04-29";"10:04:08";"FO";"82";"84";"222";"0";"0.622";"0.0";"-";"-";"84";"222";"0.622"
"2022-04-29 10:04:38.623";"2022-04-29";"10:04:38";"F";"83";"96";"213";"66";"0.549";"15.2";"83";"0.042";"84";"222";"0.622"
"2022-04-29 10:05:08.923";"2022-04-29";"10:05:08";"F";"84";"95";"188";"90";"0.495";"18.7";"79";"0.181";"84";"222";"0.622"
"2022-04-29 10:05:39.222";"2022-04-29";"10:05:39";"F";"85";"101";"171";"125";"0.409";"21.5";"75";"0.298";"84";"222";"0.622"
"2022-04-29 10:06:09.516";"2022-04-29";"10:06:09";"F";"86";"104";"158";"190";"0.342";"27.3";"73";"0.405";"84";"222";"0.622"
"2022-04-29 10:06:39.812";"2022-04-29";"10:06:39";"F";"87";"107";"145";"285";"0.262";"31.4";"70";"0.531";"84";"222";"0.622"
"2022-04-29 10:07:10.103";"2022-04-29";"10:07:10";"F";"88";"111";"136";"420";"0.184";"32.5";"68";"0.632";"84";"222";"0.622"
"2022-04-29 10:07:40.398";"2022-04-29";"10:07:40";"F";"89";"112";"130";"625";"0.138";"36.2";"66";"0.708";"84";"222";"0.622"
"2022-04-29 10:08:10.695";"2022-04-29";"10:08:10";"F";"90";"116";"129";"820";"0.101";"34.8";"66";"0.721";"84";"222";"0.622"
"2022-04-29 10:08:13.927";"2022-04-29";"10:08:13";"SLCE";"";"Light Curve end ";""
"2022-04-29 10:08:57.363";"2022-04-29";"10:08:57";"SLCS";"";"Light Curve start ";"HUl6-3"
"2022-04-29 10:08:57.363";"2022-04-29";"10:08:57";"REG1";"";"#1: alpha: 0.359, ETRm: 19.033, Ik: 52.991   ( beta: 0.001, ETRmPot: 19.452 ) ";""
"2022-04-29 10:08:57.363";"2022-04-29";"10:08:57";"REG2";"";"#1: alpha: 0.255, ETRm: 18.808, Ik: 73.844 ";""
"2022-04-29 10:08:59.085";"2022-04-29";"10:08:59";"FO";"91";"112";"274";"0";"0.591";"0.0";"-";"-";"112";"274";"0.591"
"2022-04-29 10:09:29.383";"2022-04-29";"10:09:29";"F";"92";"120";"235";"66";"0.489";"13.6";"105";"0.166";"112";"274";"0.591"
"2022-04-29 10:09:59.684";"2022-04-29";"10:09:59";"F";"93";"122";"209";"90";"0.416";"15.7";"99";"0.311";"112";"274";"0.591"
"2022-04-29 10:10:29.975";"2022-04-29";"10:10:29";"F";"94";"127";"189";"125";"0.328";"17.2";"95";"0.450";"112";"274";"0.591"
"2022-04-29 10:11:00.273";"2022-04-29";"10:11:00";"F";"95";"131";"172";"190";"0.238";"19.0";"90";"0.593";"112";"274";"0.591"
"2022-04-29 10:11:30.566";"2022-04-29";"10:11:30";"F";"96";"133";"159";"285";"0.164";"19.6";"86";"0.723";"112";"274";"0.591"
"2022-04-29 10:12:00.861";"2022-04-29";"10:12:00";"F";"97";"138";"155";"420";"0.110";"19.4";"85";"0.768";"112";"274";"0.591"
"2022-04-29 10:12:31.160";"2022-04-29";"10:12:31";"F";"98";"141";"150";"625";"0.060";"15.8";"84";"0.827";"112";"274";"0.591"
"2022-04-29 10:13:01.452";"2022-04-29";"10:13:01";"F";"99";"144";"153";"820";"0.059";"20.3";"85";"0.791";"112";"274";"0.591"
"2022-04-29 10:13:04.564";"2022-04-29";"10:13:04";"SLCE";"";"Light Curve end ";""
"2022-04-29 10:13:57.768";"2022-04-29";"10:13:57";"SLCS";"";"Light Curve start ";"HUl6-4"
"2022-04-29 10:13:57.768";"2022-04-29";"10:13:57";"REG1";"";"#1: alpha: - , ETRm: - , Ik: -   ( beta: - 0.014, ETRmPot: 17.210 ) ";""
"2022-04-29 10:13:57.768";"2022-04-29";"10:13:57";"REG2";"";"#1: alpha: 0.197, ETRm: 26.635, Ik: 135.095 ";""
"2022-04-29 10:13:59.443";"2022-04-29";"10:13:59";"FO";"100";"68";"197";"0";"0.655";"0.0";"-";"-";"68";"197";"0.655"
"2022-04-29 10:14:29.738";"2022-04-29";"10:14:29";"F";"101";"73";"168";"66";"0.565";"15.7";"64";"0.173";"68";"197";"0.655"
"2022-04-29 10:15:00.034";"2022-04-29";"10:15:00";"F";"102";"76";"135";"90";"0.437";"16.5";"59";"0.459";"68";"197";"0.655"
"2022-04-29 10:15:30.333";"2022-04-29";"10:15:30";"F";"103";"79";"121";"125";"0.347";"18.2";"56";"0.628";"68";"197";"0.655"
"2022-04-29 10:16:00.624";"2022-04-29";"10:16:00";"F";"104";"82";"111";"190";"0.261";"20.8";"54";"0.775";"68";"197";"0.655"
"2022-04-29 10:16:30.920";"2022-04-29";"10:16:30";"F";"105";"83";"102";"285";"0.186";"22.3";"51";"0.931";"68";"197";"0.655"
"2022-04-29 10:17:01.218";"2022-04-29";"10:17:01";"F";"106";"85";"99";"420";"0.141";"24.9";"51";"0.990";"68";"197";"0.655"
"2022-04-29 10:17:31.514";"2022-04-29";"10:17:31";"F";"107";"88";"97";"625";"0.093";"24.4";"50";"1.031";"68";"197";"0.655"
"2022-04-29 10:18:01.806";"2022-04-29";"10:18:01";"F";"108";"88";"98";"820";"0.102";"35.1";"50";"1.010";"68";"197";"0.655"
"2022-04-29 10:18:04.740";"2022-04-29";"10:18:04";"SLCE";"";"Light Curve end ";""
"2022-04-29 10:18:23.369";"2022-04-29";"10:18:23";"SLCS";"";"Light Curve start ";"Hm1-1"
"2022-04-29 10:18:23.369";"2022-04-29";"10:18:23";"REG1";"";"#1: alpha: - , ETRm: - , Ik: -   ( beta: - 0.008, ETRmPot: 23.813 ) ";""
"2022-04-29 10:18:23.369";"2022-04-29";"10:18:23";"REG2";"";"#1: alpha: 0.210, ETRm: 28.723, Ik: 136.889 ";""
"2022-04-29 10:18:25.102";"2022-04-29";"10:18:25";"FO";"109";"102";"219";"0";"0.534";"0.0";"-";"-";"102";"219";"0.534"
"2022-04-29 10:18:55.399";"2022-04-29";"10:18:55";"F";"110";"113";"212";"66";"0.467";"12.9";"100";"0.033";"102";"219";"0.534"
"2022-04-29 10:19:25.697";"2022-04-29";"10:19:25";"F";"111";"114";"210";"90";"0.457";"17.3";"100";"0.043";"102";"219";"0.534"
"2022-04-29 10:19:55.987";"2022-04-29";"10:19:55";"F";"112";"114";"191";"125";"0.403";"21.2";"95";"0.147";"102";"219";"0.534"
"2022-04-29 10:20:26.292";"2022-04-29";"10:20:26";"F";"113";"113";"162";"190";"0.302";"24.1";"88";"0.352";"102";"219";"0.534"
"2022-04-29 10:20:56.581";"2022-04-29";"10:20:56";"F";"114";"111";"144";"285";"0.229";"27.4";"82";"0.521";"102";"219";"0.534"
"2022-04-29 10:21:26.875";"2022-04-29";"10:21:26";"F";"115";"114";"133";"420";"0.143";"25.2";"78";"0.647";"102";"219";"0.534"
"2022-04-29 10:21:57.176";"2022-04-29";"10:21:57";"F";"116";"113";"127";"625";"0.110";"28.9";"76";"0.724";"102";"219";"0.534"
"2022-04-29 10:22:27.465";"2022-04-29";"10:22:27";"F";"117";"114";"126";"820";"0.095";"32.7";"76";"0.738";"102";"219";"0.534"
"2022-04-29 10:22:30.268";"2022-04-29";"10:22:30";"SLCE";"";"Light Curve end ";""
"2022-04-29 10:22:56.316";"2022-04-29";"10:22:56";"SLCS";"";"Light Curve start ";"Hm1-2"
"2022-04-29 10:22:56.316";"2022-04-29";"10:22:56";"REG1";"";"#1: alpha: - , ETRm: - , Ik: -   ( beta: - 0.019, ETRmPot: 37.208 ) ";""
"2022-04-29 10:22:56.316";"2022-04-29";"10:22:56";"REG2";"";"#1: alpha: 0.197, ETRm: 52.624, Ik: 266.615 ";""
"2022-04-29 10:22:58.066";"2022-04-29";"10:22:58";"FO";"118";"76";"166";"0";"0.542";"0.0";"-";"-";"76";"166";"0.542"
"2022-04-29 10:23:28.363";"2022-04-29";"10:23:28";"F";"119";"79";"159";"66";"0.503";"13.9";"74";"0.044";"76";"166";"0.542"
"2022-04-29 10:23:58.657";"2022-04-29";"10:23:58";"F";"120";"81";"161";"90";"0.497";"18.8";"75";"0.031";"76";"166";"0.542"
"2022-04-29 10:24:28.952";"2022-04-29";"10:24:28";"F";"121";"81";"155";"125";"0.477";"25.0";"74";"0.071";"76";"166";"0.542"
"2022-04-29 10:24:59.248";"2022-04-29";"10:24:59";"F";"122";"83";"138";"190";"0.399";"31.8";"70";"0.203";"76";"166";"0.542"
"2022-04-29 10:25:29.548";"2022-04-29";"10:25:29";"F";"123";"81";"121";"285";"0.331";"39.6";"65";"0.372";"76";"166";"0.542"
"2022-04-29 10:25:59.843";"2022-04-29";"10:25:59";"F";"124";"79";"108";"420";"0.269";"47.5";"61";"0.537";"76";"166";"0.542"
"2022-04-29 10:26:30.132";"2022-04-29";"10:26:30";"F";"125";"82";"99";"625";"0.172";"45.2";"58";"0.677";"76";"166";"0.542"
"2022-04-29 10:27:00.426";"2022-04-29";"10:27:00";"F";"126";"81";"98";"820";"0.173";"59.6";"58";"0.694";"76";"166";"0.542"
"2022-04-29 10:27:03.002";"2022-04-29";"10:27:03";"SLCE";"";"Light Curve end ";""
"2022-04-29 10:28:08.440";"2022-04-29";"10:28:08";"SLCS";"";"Light Curve start ";"Hm1-3"
"2022-04-29 10:28:08.440";"2022-04-29";"10:28:08";"REG1";"";"#1: alpha: - , ETRm: - , Ik: -   ( beta: - 0.008, ETRmPot: 28.694 ) ";""
"2022-04-29 10:28:08.440";"2022-04-29";"10:28:08";"REG2";"";"#1: alpha: 0.195, ETRm: 33.639, Ik: 172.667 ";""
"2022-04-29 10:28:10.115";"2022-04-29";"10:28:10";"FO";"127";"88";"167";"0";"0.473";"0.0";"-";"-";"88";"167";"0.473"
"2022-04-29 10:28:40.413";"2022-04-29";"10:28:40";"F";"128";"96";"174";"66";"0.448";"12.4";"90";"- 0.040";"88";"167";"0.473"
"2022-04-29 10:29:10.709";"2022-04-29";"10:29:10";"F";"129";"96";"173";"90";"0.445";"16.8";"90";"- 0.035";"88";"167";"0.473"
"2022-04-29 10:29:41.003";"2022-04-29";"10:29:41";"F";"130";"97";"164";"125";"0.409";"21.5";"87";"0.018";"88";"167";"0.473"
"2022-04-29 10:30:11.297";"2022-04-29";"10:30:11";"F";"131";"95";"142";"190";"0.331";"26.4";"81";"0.176";"88";"167";"0.473"
"2022-04-29 10:30:41.602";"2022-04-29";"10:30:41";"F";"132";"95";"126";"285";"0.246";"29.4";"75";"0.325";"88";"167";"0.473"
"2022-04-29 10:31:11.894";"2022-04-29";"10:31:11";"F";"133";"93";"115";"420";"0.191";"33.7";"71";"0.452";"88";"167";"0.473"
"2022-04-29 10:31:42.192";"2022-04-29";"10:31:42";"F";"134";"95";"107";"625";"0.112";"29.4";"68";"0.561";"88";"167";"0.473"
"2022-04-29 10:32:12.488";"2022-04-29";"10:32:12";"F";"135";"95";"107";"820";"0.112";"38.6";"68";"0.561";"88";"167";"0.473"
"2022-04-29 10:32:15.424";"2022-04-29";"10:32:15";"SLCE";"";"Light Curve end ";""
"2022-04-29 10:32:37.157";"2022-04-29";"10:32:37";"SLCS";"";"Light Curve start ";"Hm1-4"
"2022-04-29 10:32:37.157";"2022-04-29";"10:32:37";"REG1";"";"#1: alpha: - , ETRm: - , Ik: -   ( beta: - 0.015, ETRmPot: 28.100 ) ";""
"2022-04-29 10:32:37.157";"2022-04-29";"10:32:37";"REG2";"";"#1: alpha: 0.207, ETRm: 38.787, Ik: 187.231 ";""
"2022-04-29 10:32:38.879";"2022-04-29";"10:32:38";"FO";"136";"80";"178";"0";"0.551";"0.0";"-";"-";"80";"178";"0.551"
"2022-04-29 10:33:09.177";"2022-04-29";"10:33:09";"F";"137";"83";"173";"66";"0.520";"14.4";"79";"0.029";"80";"178";"0.551"
"2022-04-29 10:33:39.474";"2022-04-29";"10:33:39";"F";"138";"82";"170";"90";"0.518";"19.6";"78";"0.047";"80";"178";"0.551"
"2022-04-29 10:34:09.769";"2022-04-29";"10:34:09";"F";"139";"86";"157";"125";"0.452";"23.7";"75";"0.134";"80";"178";"0.551"
"2022-04-29 10:34:40.062";"2022-04-29";"10:34:40";"F";"140";"87";"133";"190";"0.346";"27.6";"69";"0.338";"80";"178";"0.551"
"2022-04-29 10:35:10.358";"2022-04-29";"10:35:10";"F";"141";"86";"119";"285";"0.277";"33.2";"65";"0.496";"80";"178";"0.551"
"2022-04-29 10:35:40.657";"2022-04-29";"10:35:40";"F";"142";"88";"110";"420";"0.200";"35.3";"63";"0.618";"80";"178";"0.551"
"2022-04-29 10:36:10.947";"2022-04-29";"10:36:10";"F";"143";"88";"102";"625";"0.137";"36.0";"60";"0.745";"80";"178";"0.551"
"2022-04-29 10:36:41.248";"2022-04-29";"10:36:41";"F";"144";"92";"106";"820";"0.132";"45.5";"61";"0.679";"80";"178";"0.551"
"2022-04-29 10:36:44.420";"2022-04-29";"10:36:44";"SLCE";"";"Light Curve end ";""
"2022-04-29 10:37:24.376";"2022-04-29";"10:37:24";"SLCS";"";"Light Curve start ";"HUl1-1"
"2022-04-29 10:37:24.376";"2022-04-29";"10:37:24";"REG1";"";"#1: alpha: - , ETRm: - , Ik: -   ( beta: - 0.008, ETRmPot: 13.400 ) ";""
"2022-04-29 10:37:24.376";"2022-04-29";"10:37:24";"REG2";"";"#1: alpha: 0.112, ETRm: 18.390, Ik: 163.597 ";""
"2022-04-29 10:37:26.139";"2022-04-29";"10:37:26";"FO";"145";"98";"140";"0";"0.300";"0.0";"-";"-";"98";"140";"0.300"
"2022-04-29 10:37:56.430";"2022-04-29";"10:37:56";"F";"146";"116";"152";"66";"0.237";"6.6";"104";"- 0.079";"98";"140";"0.300"
"2022-04-29 10:38:26.721";"2022-04-29";"10:38:26";"F";"147";"113";"151";"90";"0.252";"9.5";"103";"- 0.073";"98";"140";"0.300"
"2022-04-29 10:38:57.021";"2022-04-29";"10:38:57";"F";"148";"114";"149";"125";"0.235";"12.3";"102";"- 0.060";"98";"140";"0.300"
"2022-04-29 10:39:27.319";"2022-04-29";"10:39:27";"F";"149";"114";"140";"190";"0.186";"14.8";"98";"0.000";"98";"140";"0.300"
"2022-04-29 10:39:57.612";"2022-04-29";"10:39:57";"F";"150";"109";"128";"285";"0.148";"17.7";"92";"0.094";"98";"140";"0.300"
"2022-04-29 10:40:27.909";"2022-04-29";"10:40:27";"F";"151";"109";"120";"420";"0.092";"16.2";"88";"0.167";"98";"140";"0.300"
"2022-04-29 10:40:58.210";"2022-04-29";"10:40:58";"F";"152";"106";"112";"625";"0.054";"14.2";"83";"0.250";"98";"140";"0.300"
"2022-04-29 10:41:28.503";"2022-04-29";"10:41:28";"F";"153";"106";"114";"820";"0.070";"24.1";"85";"0.228";"98";"140";"0.300"
"2022-04-29 10:41:31.289";"2022-04-29";"10:41:31";"SLCE";"";"Light Curve end ";""
"2022-04-29 10:42:27.054";"2022-04-29";"10:42:27";"SLCS";"";"Light Curve start ";"HUl1-2"
"2022-04-29 10:42:27.054";"2022-04-29";"10:42:27";"REG1";"";"#1: alpha: 0.253, ETRm: 17.924, Ik: 70.918   ( beta: 0.003, ETRmPot: 19.136 ) ";""
"2022-04-29 10:42:27.054";"2022-04-29";"10:42:27";"REG2";"";"#1: alpha: 0.187, ETRm: 17.558, Ik: 93.883 ";""
"2022-04-29 10:42:28.796";"2022-04-29";"10:42:28";"FO";"154";"112";"194";"0";"0.423";"0.0";"-";"-";"112";"194";"0.423"
"2022-04-29 10:42:59.083";"2022-04-29";"10:42:59";"F";"155";"129";"194";"66";"0.335";"9.3";"112";"0.000";"112";"194";"0.423"
"2022-04-29 10:43:29.378";"2022-04-29";"10:43:29";"F";"156";"125";"195";"90";"0.359";"13.6";"112";"- 0.005";"112";"194";"0.423"
"2022-04-29 10:43:59.675";"2022-04-29";"10:43:59";"F";"157";"128";"183";"125";"0.301";"15.8";"108";"0.060";"112";"194";"0.423"
"2022-04-29 10:44:29.978";"2022-04-29";"10:44:29";"F";"158";"125";"162";"190";"0.228";"18.2";"101";"0.198";"112";"194";"0.423"
"2022-04-29 10:45:00.272";"2022-04-29";"10:45:00";"F";"159";"122";"144";"285";"0.153";"18.3";"93";"0.347";"112";"194";"0.423"
"2022-04-29 10:45:30.565";"2022-04-29";"10:45:30";"F";"160";"120";"133";"420";"0.098";"17.3";"89";"0.459";"112";"194";"0.423"
"2022-04-29 10:46:00.864";"2022-04-29";"10:46:00";"F";"161";"121";"128";"625";"0.055";"14.4";"86";"0.516";"112";"194";"0.423"
"2022-04-29 10:46:31.156";"2022-04-29";"10:46:31";"F";"162";"120";"127";"820";"0.055";"18.9";"86";"0.528";"112";"194";"0.423"
"2022-04-29 10:46:33.968";"2022-04-29";"10:46:33";"SLCE";"";"Light Curve end ";""
"2022-04-29 10:47:04.150";"2022-04-29";"10:47:04";"SLCS";"";"Light Curve start ";"HUl1-3"
"2022-04-29 10:47:04.150";"2022-04-29";"10:47:04";"REG1";"";"#1: alpha: 0.241, ETRm: 20.300, Ik: 84.376   ( beta: 0.003, ETRmPot: 21.790 ) ";""
"2022-04-29 10:47:04.150";"2022-04-29";"10:47:04";"REG2";"";"#1: alpha: 0.180, ETRm: 19.979, Ik: 110.953 ";""
"2022-04-29 10:47:05.851";"2022-04-29";"10:47:05";"FO";"163";"108";"183";"0";"0.410";"0.0";"-";"-";"108";"183";"0.410"
"2022-04-29 10:47:36.145";"2022-04-29";"10:47:36";"F";"164";"116";"181";"66";"0.359";"10.0";"107";"0.011";"108";"183";"0.410"
"2022-04-29 10:48:06.443";"2022-04-29";"10:48:06";"F";"165";"115";"179";"90";"0.358";"13.5";"107";"0.022";"108";"183";"0.410"
"2022-04-29 10:48:36.735";"2022-04-29";"10:48:36";"F";"166";"118";"171";"125";"0.310";"16.3";"104";"0.070";"108";"183";"0.410"
"2022-04-29 10:49:07.029";"2022-04-29";"10:49:07";"F";"167";"117";"153";"190";"0.235";"18.8";"97";"0.196";"108";"183";"0.410"
"2022-04-29 10:49:37.333";"2022-04-29";"10:49:37";"F";"168";"115";"142";"285";"0.190";"22.7";"92";"0.289";"108";"183";"0.410"
"2022-04-29 10:50:07.625";"2022-04-29";"10:50:07";"F";"169";"117";"131";"420";"0.107";"18.9";"88";"0.397";"108";"183";"0.410"
"2022-04-29 10:50:37.923";"2022-04-29";"10:50:37";"F";"170";"118";"126";"625";"0.063";"16.5";"85";"0.452";"108";"183";"0.410"
"2022-04-29 10:51:08.211";"2022-04-29";"10:51:08";"F";"171";"119";"127";"820";"0.063";"21.7";"86";"0.441";"108";"183";"0.410"
"2022-04-29 10:51:10.613";"2022-04-29";"10:51:10";"SLCE";"";"Light Curve end ";""
"2022-04-29 10:51:59.246";"2022-04-29";"10:51:59";"SLCS";"";"Light Curve start ";"HUl1-4"
"2022-04-29 10:51:59.246";"2022-04-29";"10:51:59";"REG1";"";"#1: alpha: - , ETRm: - , Ik: -   ( beta: - 0.003, ETRmPot: 28.067 ) ";""
"2022-04-29 10:51:59.246";"2022-04-29";"10:51:59";"REG2";"";"#1: alpha: 0.231, ETRm: 29.726, Ik: 128.430 ";""
"2022-04-29 10:52:00.911";"2022-04-29";"10:52:00";"FO";"172";"76";"166";"0";"0.542";"0.0";"-";"-";"76";"166";"0.542"
"2022-04-29 10:52:31.207";"2022-04-29";"10:52:31";"F";"173";"84";"164";"66";"0.488";"13.5";"76";"0.012";"76";"166";"0.542"
"2022-04-29 10:53:01.494";"2022-04-29";"10:53:01";"F";"174";"82";"161";"90";"0.491";"18.6";"75";"0.031";"76";"166";"0.542"
"2022-04-29 10:53:31.795";"2022-04-29";"10:53:31";"F";"175";"82";"143";"125";"0.427";"22.4";"71";"0.161";"76";"166";"0.542"
"2022-04-29 10:54:02.087";"2022-04-29";"10:54:02";"F";"176";"84";"126";"190";"0.333";"26.6";"66";"0.317";"76";"166";"0.542"
"2022-04-29 10:54:32.382";"2022-04-29";"10:54:32";"F";"177";"85";"112";"285";"0.241";"28.8";"62";"0.482";"76";"166";"0.542"
"2022-04-29 10:55:02.677";"2022-04-29";"10:55:02";"F";"178";"87";"104";"420";"0.163";"28.8";"60";"0.596";"76";"166";"0.542"
"2022-04-29 10:55:32.972";"2022-04-29";"10:55:32";"F";"179";"93";"104";"625";"0.106";"27.8";"60";"0.596";"76";"166";"0.542"
"2022-04-29 10:56:03.269";"2022-04-29";"10:56:03";"F";"180";"95";"105";"820";"0.095";"32.7";"60";"0.581";"76";"166";"0.542"
"2022-04-29 10:56:06.061";"2022-04-29";"10:56:06";"SLCE";"";"Light Curve end ";""
"2022-04-29 10:57:16.346";"2022-04-29";"10:57:16";"SLCS";"";"Light Curve start ";"Hm2-1"
"2022-04-29 10:57:16.346";"2022-04-29";"10:57:16";"REG1";"";"#1: alpha: - , ETRm: - , Ik: -   ( beta: - 0.010, ETRmPot: 20.054 ) ";""
"2022-04-29 10:57:16.346";"2022-04-29";"10:57:16";"REG2";"";"#1: alpha: 0.151, ETRm: 26.856, Ik: 177.335 ";""
"2022-04-29 10:57:18.061";"2022-04-29";"10:57:18";"FO";"181";"107";"177";"0";"0.395";"0.0";"-";"-";"107";"177";"0.395"
"2022-04-29 10:57:48.354";"2022-04-29";"10:57:48";"F";"182";"116";"171";"66";"0.322";"8.9";"105";"0.035";"107";"177";"0.395"
"2022-04-29 10:58:18.653";"2022-04-29";"10:58:18";"F";"183";"112";"171";"90";"0.345";"13.0";"105";"0.035";"107";"177";"0.395"
"2022-04-29 10:58:48.943";"2022-04-29";"10:58:48";"F";"184";"114";"168";"125";"0.321";"16.9";"104";"0.054";"107";"177";"0.395"
"2022-04-29 10:59:19.242";"2022-04-29";"10:59:19";"F";"185";"116";"159";"190";"0.270";"21.5";"100";"0.113";"107";"177";"0.395"
"2022-04-29 10:59:49.534";"2022-04-29";"10:59:49";"F";"186";"115";"144";"285";"0.201";"24.1";"94";"0.229";"107";"177";"0.395"
"2022-04-29 11:00:19.837";"2022-04-29";"11:00:19";"F";"187";"115";"134";"420";"0.142";"25.0";"90";"0.321";"107";"177";"0.395"
"2022-04-29 11:00:50.130";"2022-04-29";"11:00:50";"F";"188";"113";"123";"625";"0.081";"21.3";"85";"0.439";"107";"177";"0.395"
"2022-04-29 11:01:20.429";"2022-04-29";"11:01:20";"F";"189";"111";"123";"820";"0.098";"33.8";"85";"0.439";"107";"177";"0.395"
"2022-04-29 11:01:23.616";"2022-04-29";"11:01:23";"SLCE";"";"Light Curve end ";""
"2022-04-29 11:01:59.289";"2022-04-29";"11:01:59";"SLCS";"";"Light Curve start ";"Hm2-2"
"2022-04-29 11:01:59.289";"2022-04-29";"11:01:59";"REG1";"";"#1: alpha: 0.279, ETRm: 29.872, Ik: 106.905   ( beta: 0.017, ETRmPot: 37.621 ) ";""
"2022-04-29 11:01:59.289";"2022-04-29";"11:01:59";"REG2";"";"#1: alpha: 0.226, ETRm: 28.617, Ik: 126.809 ";""
"2022-04-29 11:02:01.017";"2022-04-29";"11:02:01";"FO";"190";"95";"189";"0";"0.497";"0.0";"-";"-";"95";"189";"0.497"
"2022-04-29 11:02:31.315";"2022-04-29";"11:02:31";"F";"191";"102";"188";"66";"0.457";"12.7";"95";"0.005";"95";"189";"0.497"
"2022-04-29 11:03:01.607";"2022-04-29";"11:03:01";"F";"192";"105";"186";"90";"0.435";"16.4";"94";"0.016";"95";"189";"0.497"
"2022-04-29 11:03:31.909";"2022-04-29";"11:03:31";"F";"193";"107";"184";"125";"0.418";"21.9";"94";"0.027";"95";"189";"0.497"
"2022-04-29 11:04:02.203";"2022-04-29";"11:04:02";"F";"194";"109";"168";"190";"0.351";"28.0";"89";"0.125";"95";"189";"0.497"
"2022-04-29 11:04:32.494";"2022-04-29";"11:04:32";"F";"195";"108";"143";"285";"0.245";"29.3";"82";"0.322";"95";"189";"0.497"
"2022-04-29 11:05:02.789";"2022-04-29";"11:05:02";"F";"196";"104";"127";"420";"0.181";"31.9";"76";"0.488";"95";"189";"0.497"
"2022-04-29 11:05:33.090";"2022-04-29";"11:05:33";"F";"197";"107";"117";"625";"0.085";"22.3";"73";"0.615";"95";"189";"0.497"
"2022-04-29 11:06:03.380";"2022-04-29";"11:06:03";"F";"198";"107";"117";"820";"0.085";"29.3";"73";"0.615";"95";"189";"0.497"
"2022-04-29 11:06:06.677";"2022-04-29";"11:06:06";"SLCE";"";"Light Curve end ";""
"2022-04-29 11:07:24.126";"2022-04-29";"11:07:24";"SLCS";"";"Light Curve start ";"Hm2-3"
"2022-04-29 11:07:24.126";"2022-04-29";"11:07:24";"REG1";"";"#1: alpha: - , ETRm: - , Ik: -   ( beta: - 0.007, ETRmPot: 19.854 ) ";""
"2022-04-29 11:07:24.126";"2022-04-29";"11:07:24";"REG2";"";"#1: alpha: 0.192, ETRm: 23.747, Ik: 123.720 ";""
"2022-04-29 11:07:25.873";"2022-04-29";"11:07:25";"FO";"199";"105";"216";"0";"0.514";"0.0";"-";"-";"105";"216";"0.514"
"2022-04-29 11:07:56.166";"2022-04-29";"11:07:56";"F";"200";"111";"186";"66";"0.403";"11.2";"97";"0.161";"105";"216";"0.514"
"2022-04-29 11:08:26.467";"2022-04-29";"11:08:26";"F";"201";"112";"183";"90";"0.388";"14.7";"97";"0.180";"105";"216";"0.514"
"2022-04-29 11:08:56.757";"2022-04-29";"11:08:56";"F";"202";"111";"170";"125";"0.347";"18.2";"93";"0.271";"105";"216";"0.514"
"2022-04-29 11:09:27.054";"2022-04-29";"11:09:27";"F";"203";"110";"154";"190";"0.286";"22.8";"88";"0.403";"105";"216";"0.514"
"2022-04-29 11:09:57.348";"2022-04-29";"11:09:57";"F";"204";"111";"136";"285";"0.184";"22.0";"82";"0.588";"105";"216";"0.514"
"2022-04-29 11:10:27.641";"2022-04-29";"11:10:27";"F";"205";"110";"127";"420";"0.134";"23.6";"78";"0.701";"105";"216";"0.514"
"2022-04-29 11:10:57.940";"2022-04-29";"11:10:57";"F";"206";"113";"121";"625";"0.066";"17.3";"76";"0.785";"105";"216";"0.514"
"2022-04-29 11:11:28.236";"2022-04-29";"11:11:28";"F";"207";"113";"124";"820";"0.089";"30.7";"77";"0.742";"105";"216";"0.514"
"2022-04-29 11:11:31.098";"2022-04-29";"11:11:31";"SLCE";"";"Light Curve end ";""
"2022-04-29 11:12:37.687";"2022-04-29";"11:12:37";"SLCS";"";"Light Curve start ";"Hm2-4"
"2022-04-29 11:12:37.687";"2022-04-29";"11:12:37";"REG1";"";"#1: alpha: 0.316, ETRm: 25.610, Ik: 80.920   ( beta: 0.002, ETRmPot: 26.650 ) ";""
"2022-04-29 11:12:37.687";"2022-04-29";"11:12:37";"REG2";"";"#1: alpha: 0.234, ETRm: 25.341, Ik: 108.489 ";""
"2022-04-29 11:12:39.427";"2022-04-29";"11:12:39";"FO";"208";"107";"223";"0";"0.520";"0.0";"-";"-";"107";"223";"0.520"
"2022-04-29 11:13:09.726";"2022-04-29";"11:13:09";"F";"209";"116";"219";"66";"0.470";"13.0";"106";"0.018";"107";"223";"0.520"
"2022-04-29 11:13:40.020";"2022-04-29";"11:13:40";"F";"210";"118";"213";"90";"0.446";"16.9";"105";"0.047";"107";"223";"0.520"
"2022-04-29 11:14:10.316";"2022-04-29";"11:14:10";"F";"211";"119";"200";"125";"0.405";"21.3";"101";"0.115";"107";"223";"0.520"
"2022-04-29 11:14:40.612";"2022-04-29";"11:14:40";"F";"212";"118";"173";"190";"0.318";"25.4";"94";"0.289";"107";"223";"0.520"
"2022-04-29 11:15:10.902";"2022-04-29";"11:15:10";"F";"213";"120";"150";"285";"0.200";"23.9";"87";"0.487";"107";"223";"0.520"
"2022-04-29 11:15:41.202";"2022-04-29";"11:15:41";"F";"214";"117";"140";"420";"0.164";"28.9";"83";"0.593";"107";"223";"0.520"
"2022-04-29 11:16:11.498";"2022-04-29";"11:16:11";"F";"215";"122";"131";"625";"0.069";"18.1";"80";"0.702";"107";"223";"0.520"
"2022-04-29 11:16:41.793";"2022-04-29";"11:16:41";"F";"216";"120";"131";"820";"0.084";"28.9";"80";"0.702";"107";"223";"0.520"
"2022-04-29 11:16:44.865";"2022-04-29";"11:16:44";"SLCE";"";"Light Curve end ";""
"2022-04-29 11:17:44.177";"2022-04-29";"11:17:44";"SLCS";"";"Light Curve start ";"HUl2-1"
"2022-04-29 11:17:44.177";"2022-04-29";"11:17:44";"REG1";"";"#1: alpha: - , ETRm: - , Ik: -   ( beta: - 0.010, ETRmPot: 22.611 ) ";""
"2022-04-29 11:17:44.177";"2022-04-29";"11:17:44";"REG2";"";"#1: alpha: 0.217, ETRm: 28.294, Ik: 130.642 ";""
"2022-04-29 11:17:45.885";"2022-04-29";"11:17:45";"FO";"217";"113";"256";"0";"0.559";"0.0";"-";"-";"113";"256";"0.559"
"2022-04-29 11:18:16.177";"2022-04-29";"11:18:16";"F";"218";"122";"234";"66";"0.479";"13.3";"108";"0.094";"113";"256";"0.559"
"2022-04-29 11:18:46.471";"2022-04-29";"11:18:46";"F";"219";"120";"219";"90";"0.452";"17.1";"105";"0.169";"113";"256";"0.559"
"2022-04-29 11:19:16.763";"2022-04-29";"11:19:16";"F";"220";"119";"201";"125";"0.408";"21.4";"101";"0.274";"113";"256";"0.559"
"2022-04-29 11:19:47.064";"2022-04-29";"11:19:47";"F";"221";"121";"176";"190";"0.313";"25.0";"94";"0.455";"113";"256";"0.559"
"2022-04-29 11:20:17.359";"2022-04-29";"11:20:17";"F";"222";"122";"156";"285";"0.218";"26.1";"88";"0.641";"113";"256";"0.559"
"2022-04-29 11:20:47.655";"2022-04-29";"11:20:47";"F";"223";"127";"150";"420";"0.153";"27.0";"86";"0.707";"113";"256";"0.559"
"2022-04-29 11:21:17.953";"2022-04-29";"11:21:17";"F";"224";"131";"144";"625";"0.090";"23.6";"84";"0.778";"113";"256";"0.559"
"2022-04-29 11:21:48.244";"2022-04-29";"11:21:48";"F";"225";"130";"145";"820";"0.103";"35.5";"84";"0.766";"113";"256";"0.559"
"2022-04-29 11:21:50.625";"2022-04-29";"11:21:50";"SLCE";"";"Light Curve end ";""
"2022-04-29 11:22:33.303";"2022-04-29";"11:22:33";"SLCS";"";"Light Curve start ";"HUl2-2"
"2022-04-29 11:22:33.303";"2022-04-29";"11:22:33";"REG1";"";"#1: alpha: - , ETRm: - , Ik: -   ( beta: - 0.008, ETRmPot: 18.615 ) ";""
"2022-04-29 11:22:33.303";"2022-04-29";"11:22:33";"REG2";"";"#1: alpha: 0.220, ETRm: 22.910, Ik: 104.089 ";""
"2022-04-29 11:22:35.036";"2022-04-29";"11:22:35";"FO";"226";"83";"187";"0";"0.556";"0.0";"-";"-";"83";"187";"0.556"
"2022-04-29 11:23:05.337";"2022-04-29";"11:23:05";"F";"227";"90";"168";"66";"0.464";"12.9";"79";"0.113";"83";"187";"0.556"
"2022-04-29 11:23:35.631";"2022-04-29";"11:23:35";"F";"228";"89";"156";"90";"0.429";"16.2";"76";"0.199";"83";"187";"0.556"
"2022-04-29 11:24:05.930";"2022-04-29";"11:24:05";"F";"229";"89";"140";"125";"0.364";"19.1";"72";"0.336";"83";"187";"0.556"
"2022-04-29 11:24:36.220";"2022-04-29";"11:24:36";"F";"230";"89";"122";"190";"0.270";"21.5";"67";"0.533";"83";"187";"0.556"
"2022-04-29 11:25:06.516";"2022-04-29";"11:25:06";"F";"231";"91";"111";"285";"0.180";"21.5";"64";"0.685";"83";"187";"0.556"
"2022-04-29 11:25:36.808";"2022-04-29";"11:25:36";"F";"232";"92";"105";"420";"0.124";"21.9";"62";"0.781";"83";"187";"0.556"
"2022-04-29 11:26:07.104";"2022-04-29";"11:26:07";"F";"233";"95";"102";"625";"0.069";"18.1";"61";"0.833";"83";"187";"0.556"
"2022-04-29 11:26:37.405";"2022-04-29";"11:26:37";"F";"234";"95";"104";"820";"0.087";"30.0";"61";"0.798";"83";"187";"0.556"
"2022-04-29 11:26:40.317";"2022-04-29";"11:26:40";"SLCE";"";"Light Curve end ";""
"2022-04-29 11:27:57.011";"2022-04-29";"11:27:57";"SLCS";"";"Light Curve start ";"HUl2-3"
"2022-04-29 11:27:57.011";"2022-04-29";"11:27:57";"REG1";"";"#1: alpha: - , ETRm: - , Ik: -   ( beta: - 0.001, ETRmPot: 19.687 ) ";""
"2022-04-29 11:27:57.011";"2022-04-29";"11:27:57";"REG2";"";"#1: alpha: 0.267, ETRm: 20.097, Ik: 75.361 ";""
"2022-04-29 11:27:58.687";"2022-04-29";"11:27:58";"FO";"235";"92";"223";"0";"0.587";"0.0";"-";"-";"92";"223";"0.587"
"2022-04-29 11:28:28.986";"2022-04-29";"11:28:28";"F";"236";"101";"189";"66";"0.466";"12.9";"86";"0.180";"92";"223";"0.587"
"2022-04-29 11:28:59.282";"2022-04-29";"11:28:59";"F";"237";"100";"184";"90";"0.457";"17.3";"85";"0.212";"92";"223";"0.587"
"2022-04-29 11:29:29.580";"2022-04-29";"11:29:29";"F";"238";"99";"160";"125";"0.381";"20.0";"79";"0.394";"92";"223";"0.587"
"2022-04-29 11:29:59.877";"2022-04-29";"11:29:59";"F";"239";"104";"140";"190";"0.257";"20.5";"74";"0.593";"92";"223";"0.587"
"2022-04-29 11:30:30.168";"2022-04-29";"11:30:30";"F";"240";"105";"127";"285";"0.173";"20.7";"70";"0.756";"92";"223";"0.587"
"2022-04-29 11:31:00.465";"2022-04-29";"11:31:00";"F";"241";"109";"121";"420";"0.099";"17.5";"68";"0.843";"92";"223";"0.587"
"2022-04-29 11:31:30.764";"2022-04-29";"11:31:30";"F";"242";"112";"120";"625";"0.067";"17.6";"68";"0.858";"92";"223";"0.587"
"2022-04-29 11:32:01.061";"2022-04-29";"11:32:01";"F";"243";"112";"120";"820";"0.067";"23.1";"68";"0.858";"92";"223";"0.587"
"2022-04-29 11:32:03.513";"2022-04-29";"11:32:03";"SLCE";"";"Light Curve end ";""
"2022-04-29 11:32:22.704";"2022-04-29";"11:32:22";"SLCS";"";"Light Curve start ";"HUl2-4"
"2022-04-29 11:32:22.704";"2022-04-29";"11:32:22";"REG1";"";"#1: alpha: - , ETRm: - , Ik: -   ( beta: - 0.009, ETRmPot: 18.791 ) ";""
"2022-04-29 11:32:22.704";"2022-04-29";"11:32:22";"REG2";"";"#1: alpha: 0.198, ETRm: 24.060, Ik: 121.751 ";""
"2022-04-29 11:32:24.456";"2022-04-29";"11:32:24";"FO";"244";"79";"151";"0";"0.477";"0.0";"-";"-";"79";"151";"0.477"
"2022-04-29 11:32:54.748";"2022-04-29";"11:32:54";"F";"245";"88";"149";"66";"0.409";"11.3";"78";"0.013";"79";"151";"0.477"
"2022-04-29 11:33:25.045";"2022-04-29";"11:33:25";"F";"246";"84";"144";"90";"0.417";"15.8";"77";"0.049";"79";"151";"0.477"
"2022-04-29 11:33:55.336";"2022-04-29";"11:33:55";"F";"247";"85";"134";"125";"0.366";"19.2";"74";"0.127";"79";"151";"0.477"
"2022-04-29 11:34:25.635";"2022-04-29";"11:34:25";"F";"248";"88";"121";"190";"0.273";"21.8";"70";"0.248";"79";"151";"0.477"
"2022-04-29 11:34:55.928";"2022-04-29";"11:34:55";"F";"249";"90";"109";"285";"0.174";"20.8";"66";"0.385";"79";"151";"0.477"
"2022-04-29 11:35:26.227";"2022-04-29";"11:35:26";"F";"250";"92";"106";"420";"0.132";"23.3";"65";"0.425";"79";"151";"0.477"
"2022-04-29 11:35:56.517";"2022-04-29";"11:35:56";"F";"251";"95";"103";"625";"0.078";"20.5";"64";"0.466";"79";"151";"0.477"
"2022-04-29 11:36:26.816";"2022-04-29";"11:36:26";"F";"252";"72";"79";"820";"0.089";"30.7";"53";"0.911";"79";"151";"0.477"
"2022-04-29 11:36:29.378";"2022-04-29";"11:36:29";"SLCE";"";"Light Curve end ";""
"2022-04-29 11:38:25.827";"2022-04-29";"11:38:25";"SLCS";"";"Light Curve start ";"Hm3-1"
"2022-04-29 11:38:25.827";"2022-04-29";"11:38:25";"REG1";"";"#1: alpha: 0.319, ETRm: 23.809, Ik: 74.729   ( beta: 0.006, ETRmPot: 26.005 ) ";""
"2022-04-29 11:38:25.827";"2022-04-29";"11:38:25";"REG2";"";"#1: alpha: 0.247, ETRm: 23.027, Ik: 93.265 ";""
"2022-04-29 11:38:27.496";"2022-04-29";"11:38:27";"FO";"253";"88";"183";"0";"0.519";"0.0";"-";"-";"88";"183";"0.519"
"2022-04-29 11:38:57.782";"2022-04-29";"11:38:57";"F";"254";"96";"187";"66";"0.487";"13.5";"89";"- 0.021";"88";"183";"0.519"
"2022-04-29 11:39:28.088";"2022-04-29";"11:39:28";"F";"255";"96";"183";"90";"0.475";"18.0";"88";"0.000";"88";"183";"0.519"
"2022-04-29 11:39:58.386";"2022-04-29";"11:39:58";"F";"256";"95";"152";"125";"0.375";"19.7";"80";"0.204";"88";"183";"0.519"
"2022-04-29 11:40:28.680";"2022-04-29";"11:40:28";"F";"257";"97";"134";"190";"0.276";"22.0";"75";"0.366";"88";"183";"0.519"
"2022-04-29 11:40:58.977";"2022-04-29";"11:40:58";"F";"258";"97";"122";"285";"0.205";"24.5";"71";"0.500";"88";"183";"0.519"
"2022-04-29 11:41:29.273";"2022-04-29";"11:41:29";"F";"259";"97";"112";"420";"0.134";"23.6";"67";"0.634";"88";"183";"0.519"
"2022-04-29 11:41:59.571";"2022-04-29";"11:41:59";"F";"260";"99";"108";"625";"0.083";"21.8";"66";"0.694";"88";"183";"0.519"
"2022-04-29 11:42:29.868";"2022-04-29";"11:42:29";"F";"261";"100";"107";"820";"0.065";"22.4";"66";"0.710";"88";"183";"0.519"
"2022-04-29 11:42:32.365";"2022-04-29";"11:42:32";"SLCE";"";"Light Curve end ";""
"2022-04-29 11:43:11.905";"2022-04-29";"11:43:11";"SLCS";"";"Light Curve start ";"Hm3-2"
"2022-04-29 11:43:11.905";"2022-04-29";"11:43:11";"REG1";"";"#1: alpha: - , ETRm: - , Ik: -   ( beta: - 0.003, ETRmPot: 25.047 ) ";""
"2022-04-29 11:43:11.905";"2022-04-29";"11:43:11";"REG2";"";"#1: alpha: 0.257, ETRm: 26.650, Ik: 103.750 ";""
"2022-04-29 11:43:13.656";"2022-04-29";"11:43:13";"FO";"262";"79";"172";"0";"0.541";"0.0";"-";"-";"79";"172";"0.541"
"2022-04-29 11:43:43.958";"2022-04-29";"11:43:43";"F";"263";"81";"170";"66";"0.524";"14.5";"79";"0.012";"79";"172";"0.541"
"2022-04-29 11:44:14.252";"2022-04-29";"11:44:14";"F";"264";"82";"163";"90";"0.497";"18.8";"77";"0.055";"79";"172";"0.541"
"2022-04-29 11:44:44.543";"2022-04-29";"11:44:44";"F";"265";"82";"140";"125";"0.414";"21.7";"71";"0.229";"79";"172";"0.541"
"2022-04-29 11:45:14.844";"2022-04-29";"11:45:14";"F";"266";"83";"124";"190";"0.331";"26.4";"67";"0.387";"79";"172";"0.541"
"2022-04-29 11:45:45.138";"2022-04-29";"11:45:45";"F";"267";"83";"111";"285";"0.252";"30.2";"63";"0.550";"79";"172";"0.541"
"2022-04-29 11:46:15.426";"2022-04-29";"11:46:15";"F";"268";"87";"101";"420";"0.139";"24.5";"60";"0.703";"79";"172";"0.541"
"2022-04-29 11:46:45.729";"2022-04-29";"11:46:45";"F";"269";"89";"95";"625";"0.063";"16.5";"58";"0.811";"79";"172";"0.541"
"2022-04-29 11:47:16.018";"2022-04-29";"11:47:16";"F";"270";"89";"99";"820";"0.101";"34.8";"59";"0.737";"79";"172";"0.541"
"2022-04-29 11:47:19.184";"2022-04-29";"11:47:19";"SLCE";"";"Light Curve end ";""
"2022-04-29 11:48:41.052";"2022-04-29";"11:48:41";"SLCS";"";"Light Curve start ";"Hm3-3"
"2022-04-29 11:48:41.052";"2022-04-29";"11:48:41";"REG1";"";"#1: alpha: 0.282, ETRm: 19.981, Ik: 70.929   ( beta: 0.007, ETRmPot: 22.482 ) ";""
"2022-04-29 11:48:41.052";"2022-04-29";"11:48:41";"REG2";"";"#1: alpha: 0.215, ETRm: 19.147, Ik: 89.261 ";""
"2022-04-29 11:48:42.713";"2022-04-29";"11:48:42";"FO";"271";"102";"163";"0";"0.374";"0.0";"-";"-";"102";"163";"0.374"
"2022-04-29 11:49:13.007";"2022-04-29";"11:49:13";"F";"272";"109";"180";"66";"0.394";"10.9";"108";"- 0.094";"102";"163";"0.374"
"2022-04-29 11:49:43.301";"2022-04-29";"11:49:43";"F";"273";"108";"176";"90";"0.386";"14.6";"107";"- 0.074";"102";"163";"0.374"
"2022-04-29 11:50:13.594";"2022-04-29";"11:50:13";"F";"274";"107";"162";"125";"0.340";"17.9";"102";"0.006";"102";"163";"0.374"
"2022-04-29 11:50:43.896";"2022-04-29";"11:50:43";"F";"275";"110";"147";"190";"0.252";"20.1";"95";"0.109";"102";"163";"0.374"
"2022-04-29 11:51:14.186";"2022-04-29";"11:51:14";"F";"276";"109";"134";"285";"0.187";"22.4";"90";"0.216";"102";"163";"0.374"
"2022-04-29 11:51:44.482";"2022-04-29";"11:51:44";"F";"277";"112";"124";"420";"0.097";"17.1";"85";"0.315";"102";"163";"0.374"
"2022-04-29 11:52:14.780";"2022-04-29";"11:52:14";"F";"278";"112";"119";"625";"0.059";"15.5";"83";"0.370";"102";"163";"0.374"
"2022-04-29 11:52:45.078";"2022-04-29";"11:52:45";"F";"279";"113";"120";"820";"0.058";"20.0";"83";"0.358";"102";"163";"0.374"
"2022-04-29 11:52:47.715";"2022-04-29";"11:52:47";"SLCE";"";"Light Curve end ";""
"2022-04-29 11:53:21.172";"2022-04-29";"11:53:21";"SLCS";"";"Light Curve start ";"Hm3-4"
"2022-04-29 11:53:21.172";"2022-04-29";"11:53:21";"REG1";"";"#1: alpha: - , ETRm: - , Ik: -   ( beta: - 0.001, ETRmPot: 10.646 ) ";""
"2022-04-29 11:53:21.172";"2022-04-29";"11:53:21";"REG2";"";"#1: alpha: 0.077, ETRm: 10.823, Ik: 140.054 ";""
"2022-04-29 11:53:22.868";"2022-04-29";"11:53:22";"FO";"280";"97";"120";"0";"0.192";"0.0";"-";"-";"97";"120";"0.192"
"2022-04-29 11:53:53.167";"2022-04-29";"11:53:53";"F";"281";"109";"128";"66";"0.148";"4.1";"102";"- 0.062";"97";"120";"0.192"
"2022-04-29 11:54:23.462";"2022-04-29";"11:54:23";"F";"282";"108";"129";"90";"0.163";"6.2";"103";"- 0.070";"97";"120";"0.192"
"2022-04-29 11:54:53.755";"2022-04-29";"11:54:53";"F";"283";"108";"129";"125";"0.163";"8.6";"103";"- 0.070";"97";"120";"0.192"
"2022-04-29 11:55:24.052";"2022-04-29";"11:55:24";"F";"284";"112";"126";"190";"0.111";"8.9";"101";"- 0.048";"97";"120";"0.192"
"2022-04-29 11:55:54.344";"2022-04-29";"11:55:54";"F";"285";"113";"124";"285";"0.089";"10.7";"100";"- 0.032";"97";"120";"0.192"
"2022-04-29 11:56:24.644";"2022-04-29";"11:56:24";"F";"286";"115";"122";"420";"0.057";"10.1";"98";"- 0.016";"97";"120";"0.192"
"2022-04-29 11:56:54.942";"2022-04-29";"11:56:54";"F";"287";"117";"122";"625";"0.041";"10.8";"98";"- 0.016";"97";"120";"0.192"
"2022-04-29 11:57:25.232";"2022-04-29";"11:57:25";"F";"288";"118";"122";"820";"0.033";"11.4";"98";"- 0.016";"97";"120";"0.192"
"2022-04-29 11:57:27.664";"2022-04-29";"11:57:27";"SLCE";"";"Light Curve end ";""
"2022-04-29 11:58:01.221";"2022-04-29";"11:58:01";"SLCS";"";"Light Curve start ";"HUl3-1"
"2022-04-29 11:58:01.221";"2022-04-29";"11:58:01";"REG1";"";"#1: alpha: - , ETRm: - , Ik: -   ( beta: - 0.009, ETRmPot: 14.716 ) ";""
"2022-04-29 11:58:01.221";"2022-04-29";"11:58:01";"REG2";"";"#1: alpha: 0.163, ETRm: 20.670, Ik: 127.163 ";""
"2022-04-29 11:58:02.932";"2022-04-29";"11:58:02";"FO";"289";"83";"141";"0";"0.411";"0.0";"-";"-";"83";"141";"0.411"
"2022-04-29 11:58:33.221";"2022-04-29";"11:58:33";"F";"290";"93";"150";"66";"0.380";"10.5";"86";"- 0.060";"83";"141";"0.411"
"2022-04-29 11:59:03.520";"2022-04-29";"11:59:03";"F";"291";"89";"141";"90";"0.369";"13.9";"83";"0.000";"83";"141";"0.411"
"2022-04-29 11:59:33.819";"2022-04-29";"11:59:33";"F";"292";"88";"123";"125";"0.285";"15.0";"76";"0.146";"83";"141";"0.411"
"2022-04-29 12:00:04.114";"2022-04-29";"12:00:04";"F";"293";"90";"114";"190";"0.211";"16.8";"73";"0.237";"83";"141";"0.411"
"2022-04-29 12:00:34.402";"2022-04-29";"12:00:34";"F";"294";"89";"107";"285";"0.168";"20.1";"70";"0.318";"83";"141";"0.411"
"2022-04-29 12:01:04.701";"2022-04-29";"12:01:04";"F";"295";"92";"102";"420";"0.098";"17.3";"68";"0.382";"83";"141";"0.411"
"2022-04-29 12:01:34.997";"2022-04-29";"12:01:34";"F";"296";"92";"99";"625";"0.071";"18.6";"66";"0.424";"83";"141";"0.411"
"2022-04-29 12:02:05.296";"2022-04-29";"12:02:05";"F";"297";"93";"101";"820";"0.079";"27.2";"67";"0.396";"83";"141";"0.411"
"2022-04-29 12:02:07.908";"2022-04-29";"12:02:07";"SLCE";"";"Light Curve end ";""
"2022-04-29 12:03:39.546";"2022-04-29";"12:03:39";"SLCS";"";"Light Curve start ";"HUl3-2"
"2022-04-29 12:03:39.546";"2022-04-29";"12:03:39";"REG1";"";"#1: alpha: 0.333, ETRm: 31.677, Ik: 95.217   ( beta: 0.004, ETRmPot: 33.694 ) ";""
"2022-04-29 12:03:39.546";"2022-04-29";"12:03:39";"REG2";"";"#1: alpha: 0.253, ETRm: 31.210, Ik: 123.138 ";""
"2022-04-29 12:03:41.277";"2022-04-29";"12:03:41";"FO";"298";"79";"198";"0";"0.601";"0.0";"-";"-";"79";"198";"0.601"
"2022-04-29 12:04:11.572";"2022-04-29";"12:04:11";"F";"299";"85";"193";"66";"0.560";"15.5";"78";"0.026";"79";"198";"0.601"
"2022-04-29 12:04:41.866";"2022-04-29";"12:04:41";"F";"300";"86";"178";"90";"0.517";"19.5";"76";"0.112";"79";"198";"0.601"
"2022-04-29 12:05:12.167";"2022-04-29";"12:05:12";"F";"301";"87";"157";"125";"0.446";"23.4";"72";"0.261";"79";"198";"0.601"
"2022-04-29 12:05:42.457";"2022-04-29";"12:05:42";"F";"302";"89";"140";"190";"0.364";"29.0";"68";"0.414";"79";"198";"0.601"
"2022-04-29 12:06:12.759";"2022-04-29";"12:06:12";"F";"303";"91";"122";"285";"0.254";"30.4";"63";"0.623";"79";"198";"0.601"
"2022-04-29 12:06:43.054";"2022-04-29";"12:06:43";"F";"304";"93";"114";"420";"0.184";"32.5";"61";"0.737";"79";"198";"0.601"
"2022-04-29 12:07:13.345";"2022-04-29";"12:07:13";"F";"305";"96";"108";"625";"0.111";"29.1";"59";"0.833";"79";"198";"0.601"
"2022-04-29 12:07:43.638";"2022-04-29";"12:07:43";"F";"306";"97";"107";"820";"0.093";"32.0";"59";"0.850";"79";"198";"0.601"
"2022-04-29 12:07:46.450";"2022-04-29";"12:07:46";"SLCE";"";"Light Curve end ";""
"2022-04-29 12:08:29.968";"2022-04-29";"12:08:29";"SLCS";"";"Light Curve start ";"HUl3-3"
"2022-04-29 12:08:29.968";"2022-04-29";"12:08:29";"REG1";"";"#1: alpha: 0.312, ETRm: 33.049, Ik: 105.782   ( beta: 0.008, ETRmPot: 37.211 ) ";""
"2022-04-29 12:08:29.968";"2022-04-29";"12:08:29";"REG2";"";"#1: alpha: 0.243, ETRm: 32.405, Ik: 133.193 ";""
"2022-04-29 12:08:31.636";"2022-04-29";"12:08:31";"FO";"307";"97";"207";"0";"0.531";"0.0";"-";"-";"97";"207";"0.531"
"2022-04-29 12:09:01.932";"2022-04-29";"12:09:01";"F";"308";"103";"206";"66";"0.500";"13.9";"97";"0.005";"97";"207";"0.531"
"2022-04-29 12:09:32.228";"2022-04-29";"12:09:32";"F";"309";"101";"205";"90";"0.507";"19.2";"97";"0.010";"97";"207";"0.531"
"2022-04-29 12:10:02.525";"2022-04-29";"12:10:02";"F";"310";"103";"186";"125";"0.446";"23.4";"92";"0.113";"97";"207";"0.531"
"2022-04-29 12:10:32.813";"2022-04-29";"12:10:32";"F";"311";"101";"161";"190";"0.373";"29.8";"86";"0.286";"97";"207";"0.531"
"2022-04-29 12:11:03.117";"2022-04-29";"12:11:03";"F";"312";"104";"144";"285";"0.278";"33.3";"80";"0.438";"97";"207";"0.531"
"2022-04-29 12:11:33.410";"2022-04-29";"12:11:33";"F";"313";"107";"132";"420";"0.189";"33.3";"77";"0.568";"97";"207";"0.531"
"2022-04-29 12:12:03.705";"2022-04-29";"12:12:03";"F";"314";"109";"122";"625";"0.107";"28.1";"73";"0.697";"97";"207";"0.531"
"2022-04-29 12:12:34.003";"2022-04-29";"12:12:34";"F";"315";"110";"122";"820";"0.098";"33.8";"73";"0.697";"97";"207";"0.531"
"2022-04-29 12:12:36.539";"2022-04-29";"12:12:36";"SLCE";"";"Light Curve end ";""
"2022-04-29 12:13:57.441";"2022-04-29";"12:13:57";"SLCS";"";"Light Curve start ";"HUl3-4"
"2022-04-29 12:13:57.441";"2022-04-29";"12:13:57";"REG1";"";"#1: alpha: - , ETRm: - , Ik: -   ( beta: 0.000, ETRmPot: 26.203 ) ";""
"2022-04-29 12:13:57.441";"2022-04-29";"12:13:57";"REG2";"";"#1: alpha: 0.217, ETRm: 26.015, Ik: 120.104 ";""
"2022-04-29 12:13:59.185";"2022-04-29";"12:13:59";"FO";"316";"91";"170";"0";"0.465";"0.0";"-";"-";"91";"170";"0.465"
"2022-04-29 12:14:29.487";"2022-04-29";"12:14:29";"F";"317";"97";"183";"66";"0.470";"13.0";"95";"- 0.071";"91";"170";"0.465"
"2022-04-29 12:14:59.776";"2022-04-29";"12:14:59";"F";"318";"97";"173";"90";"0.439";"16.6";"92";"- 0.017";"91";"170";"0.465"
"2022-04-29 12:15:30.074";"2022-04-29";"12:15:30";"F";"319";"99";"159";"125";"0.377";"19.8";"88";"0.069";"91";"170";"0.465"
"2022-04-29 12:16:00.365";"2022-04-29";"12:16:00";"F";"320";"100";"143";"190";"0.301";"24.0";"83";"0.189";"91";"170";"0.465"
"2022-04-29 12:16:30.666";"2022-04-29";"12:16:30";"F";"321";"102";"132";"285";"0.227";"27.2";"79";"0.288";"91";"170";"0.465"
"2022-04-29 12:17:00.958";"2022-04-29";"12:17:00";"F";"322";"106";"124";"420";"0.145";"25.6";"76";"0.371";"91";"170";"0.465"
"2022-04-29 12:17:31.252";"2022-04-29";"12:17:31";"F";"323";"109";"119";"625";"0.084";"22.1";"74";"0.429";"91";"170";"0.465"
"2022-04-29 12:18:01.555";"2022-04-29";"12:18:01";"F";"324";"109";"119";"820";"0.084";"28.9";"74";"0.429";"91";"170";"0.465"
"2022-04-29 12:18:04.198";"2022-04-29";"12:18:04";"SLCE";"";"Light Curve end ";""
