"2022-07-22";"11:46:20";"WinControl (rev 1142) report file"
"Datetime";"Date";"Time";"Type";"No.";"1:F";"1:Fm'";"1:PAR";"1:Y (II)";"1:ETR";"1:Fo'";"1:NPQ";"1:Fo";"1:Fm";"1:Fv/Fm"
"";"";"";"D";"";"Device Nr: #1, JUNIOR-PAM-II (CFMG0360A) ";""
"2022-07-22 07:55:08.186";"2022-07-22";"07:55:08";"SCHS";"";"Chart start ";""
"2022-07-22 08:01:44.816";"2022-07-22";"08:01:44";"SLCS";"";"Light Curve start ";"hul2-1"
"2022-07-22 08:01:44.816";"2022-07-22";"08:01:44";"REG1";"";"#1: alpha: - , ETRm: - , Ik: -   ( beta: - 0.010, ETRmPot: 27.758 ) ";""
"2022-07-22 08:01:44.816";"2022-07-22";"08:01:44";"REG2";"";"#1: alpha: 0.279, ETRm: 33.804, Ik: 121.184 ";""
"2022-07-22 08:01:46.546";"2022-07-22";"08:01:46";"FO";"1";"74";"248";"0";"0.702";"0.0";"-";"-";"74";"248";"0.702"
"2022-07-22 08:02:16.839";"2022-07-22";"08:02:16";"F";"2";"84";"244";"66";"0.656";"18.2";"74";"0.016";"74";"248";"0.702"
"2022-07-22 08:02:47.131";"2022-07-22";"08:02:47";"F";"3";"85";"199";"90";"0.573";"21.7";"69";"0.246";"74";"248";"0.702"
"2022-07-22 08:03:17.430";"2022-07-22";"08:03:17";"F";"4";"89";"174";"125";"0.489";"25.7";"66";"0.425";"74";"248";"0.702"
"2022-07-22 08:03:47.725";"2022-07-22";"08:03:47";"F";"5";"95";"151";"190";"0.371";"29.6";"62";"0.642";"74";"248";"0.702"
"2022-07-22 08:04:18.021";"2022-07-22";"08:04:18";"F";"6";"100";"135";"285";"0.259";"31.0";"59";"0.837";"74";"248";"0.702"
"2022-07-22 08:04:48.320";"2022-07-22";"08:04:48";"F";"7";"103";"126";"420";"0.183";"32.3";"57";"0.968";"74";"248";"0.702"
"2022-07-22 08:05:18.613";"2022-07-22";"08:05:18";"F";"8";"107";"122";"625";"0.123";"32.3";"57";"1.033";"74";"248";"0.702"
"2022-07-22 08:05:48.909";"2022-07-22";"08:05:48";"F";"9";"108";"122";"820";"0.115";"39.6";"57";"1.033";"74";"248";"0.702"
"2022-07-22 08:05:51.485";"2022-07-22";"08:05:51";"SLCE";"";"Light Curve end ";""
"2022-07-22 08:06:35.718";"2022-07-22";"08:06:35";"SLCS";"";"Light Curve start ";"hul2-2"
"2022-07-22 08:06:35.718";"2022-07-22";"08:06:35";"REG1";"";"#1: alpha: 0.389, ETRm: 23.488, Ik: 60.399   ( beta: 0.001, ETRmPot: 23.983 ) ";""
"2022-07-22 08:06:35.718";"2022-07-22";"08:06:35";"REG2";"";"#1: alpha: 0.280, ETRm: 23.220, Ik: 82.938 ";""
"2022-07-22 08:06:37.399";"2022-07-22";"08:06:37";"FO";"10";"74";"246";"0";"0.699";"0.0";"-";"-";"74";"246";"0.699"
"2022-07-22 08:07:07.691";"2022-07-22";"08:07:07";"F";"11";"96";"231";"66";"0.584";"16.2";"73";"0.065";"74";"246";"0.699"
"2022-07-22 08:07:37.985";"2022-07-22";"08:07:37";"F";"12";"99";"193";"90";"0.487";"18.4";"68";"0.275";"74";"246";"0.699"
"2022-07-22 08:08:08.284";"2022-07-22";"08:08:08";"F";"13";"105";"168";"125";"0.375";"19.7";"65";"0.464";"74";"246";"0.699"
"2022-07-22 08:08:38.578";"2022-07-22";"08:08:38";"F";"14";"108";"151";"190";"0.285";"22.7";"62";"0.629";"74";"246";"0.699"
"2022-07-22 08:09:08.876";"2022-07-22";"08:09:08";"F";"15";"114";"143";"285";"0.203";"24.3";"61";"0.720";"74";"246";"0.699"
"2022-07-22 08:09:39.174";"2022-07-22";"08:09:39";"F";"16";"118";"138";"420";"0.145";"25.6";"60";"0.783";"74";"246";"0.699"
"2022-07-22 08:10:09.472";"2022-07-22";"08:10:09";"F";"17";"124";"133";"625";"0.068";"17.9";"59";"0.850";"74";"246";"0.699"
"2022-07-22 08:10:39.760";"2022-07-22";"08:10:39";"F";"18";"123";"133";"820";"0.075";"25.8";"59";"0.850";"74";"246";"0.699"
"2022-07-22 08:10:42.709";"2022-07-22";"08:10:42";"SLCE";"";"Light Curve end ";""
"2022-07-22 08:11:03.109";"2022-07-22";"08:11:03";"SLCS";"";"Light Curve start ";"hul2-3"
"2022-07-22 08:11:03.109";"2022-07-22";"08:11:03";"REG1";"";"#1: alpha: - , ETRm: - , Ik: -   ( beta: - 0.012, ETRmPot: 18.061 ) ";""
"2022-07-22 08:11:03.109";"2022-07-22";"08:11:03";"REG2";"";"#1: alpha: 0.232, ETRm: 25.183, Ik: 108.526 ";""
"2022-07-22 08:11:04.864";"2022-07-22";"08:11:04";"FO";"19";"92";"286";"0";"0.678";"0.0";"-";"-";"92";"286";"0.678"
"2022-07-22 08:11:35.159";"2022-07-22";"08:11:35";"F";"20";"103";"224";"66";"0.540";"15.0";"84";"0.277";"92";"286";"0.678"
"2022-07-22 08:12:05.450";"2022-07-22";"08:12:05";"F";"21";"106";"202";"90";"0.475";"18.0";"81";"0.416";"92";"286";"0.678"
"2022-07-22 08:12:35.745";"2022-07-22";"08:12:35";"F";"22";"109";"174";"125";"0.374";"19.6";"76";"0.644";"92";"286";"0.678"
"2022-07-22 08:13:06.041";"2022-07-22";"08:13:06";"F";"23";"115";"156";"190";"0.263";"21.0";"73";"0.833";"92";"286";"0.678"
"2022-07-22 08:13:36.337";"2022-07-22";"08:13:36";"F";"24";"119";"150";"285";"0.207";"24.8";"71";"0.907";"92";"286";"0.678"
"2022-07-22 08:14:06.632";"2022-07-22";"08:14:06";"F";"25";"126";"143";"420";"0.119";"21.0";"70";"1.000";"92";"286";"0.678"
"2022-07-22 08:14:36.926";"2022-07-22";"08:14:36";"F";"26";"128";"140";"625";"0.086";"22.6";"69";"1.043";"92";"286";"0.678"
"2022-07-22 08:15:07.220";"2022-07-22";"08:15:07";"F";"27";"127";"141";"820";"0.099";"34.1";"69";"1.028";"92";"286";"0.678"
"2022-07-22 08:15:09.962";"2022-07-22";"08:15:09";"SLCE";"";"Light Curve end ";""
"2022-07-22 08:15:57.512";"2022-07-22";"08:15:57";"SLCS";"";"Light Curve start ";"hul2-4"
"2022-07-22 08:15:57.512";"2022-07-22";"08:15:57";"REG1";"";"#1: alpha: - , ETRm: - , Ik: -   ( beta: 0.000, ETRmPot: 27.546 ) ";""
"2022-07-22 08:15:57.512";"2022-07-22";"08:15:57";"REG2";"";"#1: alpha: 0.308, ETRm: 27.439, Ik: 89.072 ";""
"2022-07-22 08:15:59.221";"2022-07-22";"08:15:59";"FO";"28";"73";"267";"0";"0.727";"0.0";"-";"-";"73";"267";"0.727"
"2022-07-22 08:16:29.509";"2022-07-22";"08:16:29";"F";"29";"83";"224";"66";"0.629";"17.4";"69";"0.192";"73";"267";"0.727"
"2022-07-22 08:16:59.807";"2022-07-22";"08:16:59";"F";"30";"83";"190";"90";"0.563";"21.3";"66";"0.405";"73";"267";"0.727"
"2022-07-22 08:17:30.103";"2022-07-22";"08:17:30";"F";"31";"88";"161";"125";"0.453";"23.8";"62";"0.658";"73";"267";"0.727"
"2022-07-22 08:18:00.396";"2022-07-22";"08:18:00";"F";"32";"94";"141";"190";"0.333";"26.6";"59";"0.894";"73";"267";"0.727"
"2022-07-22 08:18:30.695";"2022-07-22";"08:18:30";"F";"33";"100";"129";"285";"0.225";"26.9";"56";"1.070";"73";"267";"0.727"
"2022-07-22 08:19:00.988";"2022-07-22";"08:19:00";"F";"34";"104";"124";"420";"0.161";"28.4";"56";"1.153";"73";"267";"0.727"
"2022-07-22 08:19:31.280";"2022-07-22";"08:19:31";"F";"35";"109";"121";"625";"0.099";"26.0";"55";"1.207";"73";"267";"0.727"
"2022-07-22 08:20:01.582";"2022-07-22";"08:20:01";"F";"36";"111";"121";"820";"0.083";"28.6";"55";"1.207";"73";"267";"0.727"
"2022-07-22 08:20:04.799";"2022-07-22";"08:20:04";"SLCE";"";"Light Curve end ";""
"2022-07-22 08:20:32.912";"2022-07-22";"08:20:32";"SLCS";"";"Light Curve start ";"hm2-1"
"2022-07-22 08:20:32.912";"2022-07-22";"08:20:32";"REG1";"";"#1: alpha: - , ETRm: - , Ik: -   ( beta: - 0.014, ETRmPot: 37.287 ) ";""
"2022-07-22 08:20:32.912";"2022-07-22";"08:20:32";"REG2";"";"#1: alpha: 0.214, ETRm: 47.455, Ik: 221.589 ";""
"2022-07-22 08:20:34.573";"2022-07-22";"08:20:34";"FO";"37";"64";"214";"0";"0.701";"0.0";"-";"-";"64";"214";"0.701"
"2022-07-22 08:21:04.872";"2022-07-22";"08:21:04";"F";"38";"81";"189";"66";"0.571";"15.8";"62";"0.132";"64";"214";"0.701"
"2022-07-22 08:21:35.166";"2022-07-22";"08:21:35";"F";"39";"80";"177";"90";"0.548";"20.7";"60";"0.209";"64";"214";"0.701"
"2022-07-22 08:22:05.462";"2022-07-22";"08:22:05";"F";"40";"85";"162";"125";"0.475";"24.9";"58";"0.321";"64";"214";"0.701"
"2022-07-22 08:22:35.762";"2022-07-22";"08:22:35";"F";"41";"90";"150";"190";"0.400";"31.9";"57";"0.427";"64";"214";"0.701"
"2022-07-22 08:23:06.054";"2022-07-22";"08:23:06";"F";"42";"95";"138";"285";"0.312";"37.3";"55";"0.551";"64";"214";"0.701"
"2022-07-22 08:23:36.354";"2022-07-22";"08:23:36";"F";"43";"97";"131";"420";"0.260";"45.9";"54";"0.634";"64";"214";"0.701"
"2022-07-22 08:24:06.640";"2022-07-22";"08:24:06";"F";"44";"103";"123";"625";"0.163";"42.8";"52";"0.740";"64";"214";"0.701"
"2022-07-22 08:24:36.937";"2022-07-22";"08:24:36";"F";"45";"104";"123";"820";"0.154";"53.0";"52";"0.740";"64";"214";"0.701"
"2022-07-22 08:24:40.040";"2022-07-22";"08:24:40";"SLCE";"";"Light Curve end ";""
"2022-07-22 08:24:54.232";"2022-07-22";"08:24:54";"SLCS";"";"Light Curve start ";"hm2-2"
"2022-07-22 08:24:54.232";"2022-07-22";"08:24:54";"REG1";"";"#1: alpha: 0.359, ETRm: 29.980, Ik: 83.524   ( beta: 0.025, ETRmPot: 38.858 ) ";""
"2022-07-22 08:24:54.232";"2022-07-22";"08:24:54";"REG2";"";"#1: alpha: 0.319, ETRm: 27.154, Ik: 85.015 ";""
"2022-07-22 08:24:55.939";"2022-07-22";"08:24:55";"FO";"46";"79";"295";"0";"0.732";"0.0";"-";"-";"79";"295";"0.732"
"2022-07-22 08:25:26.235";"2022-07-22";"08:25:26";"F";"47";"92";"240";"66";"0.617";"17.1";"74";"0.229";"79";"295";"0.732"
"2022-07-22 08:25:56.527";"2022-07-22";"08:25:56";"F";"48";"92";"216";"90";"0.574";"21.7";"72";"0.366";"79";"295";"0.732"
"2022-07-22 08:26:26.827";"2022-07-22";"08:26:26";"F";"49";"95";"176";"125";"0.460";"24.2";"67";"0.676";"79";"295";"0.732"
"2022-07-22 08:26:57.121";"2022-07-22";"08:26:57";"F";"50";"99";"152";"190";"0.349";"27.9";"63";"0.941";"79";"295";"0.732"
"2022-07-22 08:27:27.414";"2022-07-22";"08:27:27";"F";"51";"105";"138";"285";"0.239";"28.6";"61";"1.138";"79";"295";"0.732"
"2022-07-22 08:27:57.713";"2022-07-22";"08:27:57";"F";"52";"107";"129";"420";"0.171";"30.2";"59";"1.287";"79";"295";"0.732"
"2022-07-22 08:28:28.007";"2022-07-22";"08:28:28";"F";"53";"113";"126";"625";"0.103";"27.0";"58";"1.341";"79";"295";"0.732"
"2022-07-22 08:28:58.303";"2022-07-22";"08:28:58";"F";"54";"118";"126";"820";"0.063";"21.7";"58";"1.341";"79";"295";"0.732"
"2022-07-22 08:29:01.205";"2022-07-22";"08:29:01";"SLCE";"";"Light Curve end ";""
"2022-07-22 08:29:27.009";"2022-07-22";"08:29:27";"SLCS";"";"Light Curve start ";"hm2-3"
"2022-07-22 08:29:27.009";"2022-07-22";"08:29:27";"REG1";"";"#1: alpha: 0.355, ETRm: 21.174, Ik: 59.675   ( beta: 0.001, ETRmPot: 21.511 ) ";""
"2022-07-22 08:29:27.009";"2022-07-22";"08:29:27";"REG2";"";"#1: alpha: 0.251, ETRm: 21.020, Ik: 83.861 ";""
"2022-07-22 08:29:28.701";"2022-07-22";"08:29:28";"FO";"55";"77";"262";"0";"0.706";"0.0";"-";"-";"77";"262";"0.706"
"2022-07-22 08:29:58.992";"2022-07-22";"08:29:58";"F";"56";"93";"184";"66";"0.495";"13.7";"68";"0.424";"77";"262";"0.706"
"2022-07-22 08:30:29.288";"2022-07-22";"08:30:29";"F";"57";"93";"168";"90";"0.446";"16.9";"66";"0.560";"77";"262";"0.706"
"2022-07-22 08:30:59.588";"2022-07-22";"08:30:59";"F";"58";"98";"151";"125";"0.351";"18.4";"63";"0.735";"77";"262";"0.706"
"2022-07-22 08:31:29.879";"2022-07-22";"08:31:29";"F";"59";"101";"138";"190";"0.268";"21.4";"61";"0.899";"77";"262";"0.706"
"2022-07-22 08:32:00.171";"2022-07-22";"08:32:00";"F";"60";"106";"130";"285";"0.185";"22.1";"59";"1.015";"77";"262";"0.706"
"2022-07-22 08:32:30.471";"2022-07-22";"08:32:30";"F";"61";"110";"124";"420";"0.113";"19.9";"58";"1.113";"77";"262";"0.706"
"2022-07-22 08:33:00.766";"2022-07-22";"08:33:00";"F";"62";"114";"123";"625";"0.073";"19.2";"58";"1.130";"77";"262";"0.706"
"2022-07-22 08:33:31.058";"2022-07-22";"08:33:31";"F";"63";"116";"124";"820";"0.065";"22.4";"58";"1.113";"77";"262";"0.706"
"2022-07-22 08:33:34.035";"2022-07-22";"08:33:34";"SLCE";"";"Light Curve end ";""
"2022-07-22 08:33:48.059";"2022-07-22";"08:33:48";"SLCS";"";"Light Curve start ";"hm2-4"
"2022-07-22 08:33:48.059";"2022-07-22";"08:33:48";"REG1";"";"#1: alpha: - , ETRm: - , Ik: -   ( beta: - 0.003, ETRmPot: 17.528 ) ";""
"2022-07-22 08:33:48.059";"2022-07-22";"08:33:48";"REG2";"";"#1: alpha: 0.278, ETRm: 19.134, Ik: 68.814 ";""
"2022-07-22 08:33:49.758";"2022-07-22";"08:33:49";"FO";"64";"84";"303";"0";"0.723";"0.0";"-";"-";"84";"303";"0.723"
"2022-07-22 08:34:20.056";"2022-07-22";"08:34:20";"F";"65";"97";"206";"66";"0.529";"14.7";"74";"0.471";"84";"303";"0.723"
"2022-07-22 08:34:50.350";"2022-07-22";"08:34:50";"F";"66";"99";"179";"90";"0.447";"16.9";"70";"0.693";"84";"303";"0.723"
"2022-07-22 08:35:20.643";"2022-07-22";"08:35:20";"F";"67";"104";"152";"125";"0.316";"16.6";"66";"0.993";"84";"303";"0.723"
"2022-07-22 08:35:50.946";"2022-07-22";"08:35:50";"F";"68";"110";"142";"190";"0.225";"18.0";"64";"1.134";"84";"303";"0.723"
"2022-07-22 08:36:21.233";"2022-07-22";"08:36:21";"F";"69";"113";"135";"285";"0.163";"19.5";"62";"1.244";"84";"303";"0.723"
"2022-07-22 08:36:51.535";"2022-07-22";"08:36:51";"F";"70";"117";"133";"420";"0.120";"21.2";"62";"1.278";"84";"303";"0.723"
"2022-07-22 08:37:21.832";"2022-07-22";"08:37:21";"F";"71";"122";"129";"625";"0.054";"14.2";"61";"1.349";"84";"303";"0.723"
"2022-07-22 08:37:52.128";"2022-07-22";"08:37:52";"F";"72";"123";"132";"820";"0.068";"23.4";"62";"1.295";"84";"303";"0.723"
"2022-07-22 08:37:54.519";"2022-07-22";"08:37:54";"SLCE";"";"Light Curve end ";""
"2022-07-22 08:38:22.214";"2022-07-22";"08:38:22";"SLCS";"";"Light Curve start ";"hul3-1"
"2022-07-22 08:38:22.214";"2022-07-22";"08:38:22";"REG1";"";"#1: alpha: - , ETRm: - , Ik: -   ( beta: - 0.008, ETRmPot: 16.847 ) ";""
"2022-07-22 08:38:22.214";"2022-07-22";"08:38:22";"REG2";"";"#1: alpha: 0.142, ETRm: 21.693, Ik: 152.435 ";""
"2022-07-22 08:38:23.917";"2022-07-22";"08:38:23";"FO";"73";"81";"223";"0";"0.637";"0.0";"-";"-";"81";"223";"0.637"
"2022-07-22 08:38:54.210";"2022-07-22";"08:38:54";"F";"74";"106";"163";"66";"0.350";"9.7";"71";"0.368";"81";"223";"0.637"
"2022-07-22 08:39:24.511";"2022-07-22";"08:39:24";"F";"75";"105";"156";"90";"0.327";"12.4";"70";"0.429";"81";"223";"0.637"
"2022-07-22 08:39:54.802";"2022-07-22";"08:39:54";"F";"76";"109";"151";"125";"0.278";"14.6";"69";"0.477";"81";"223";"0.637"
"2022-07-22 08:40:25.105";"2022-07-22";"08:40:25";"F";"77";"113";"143";"190";"0.210";"16.8";"67";"0.559";"81";"223";"0.637"
"2022-07-22 08:40:55.401";"2022-07-22";"08:40:55";"F";"78";"116";"140";"285";"0.171";"20.5";"67";"0.593";"81";"223";"0.637"
"2022-07-22 08:41:25.697";"2022-07-22";"08:41:25";"F";"79";"119";"134";"420";"0.112";"19.8";"65";"0.664";"81";"223";"0.637"
"2022-07-22 08:41:55.993";"2022-07-22";"08:41:55";"F";"80";"122";"132";"625";"0.076";"20.0";"65";"0.689";"81";"223";"0.637"
"2022-07-22 08:42:26.280";"2022-07-22";"08:42:26";"F";"81";"123";"133";"820";"0.075";"25.8";"65";"0.677";"81";"223";"0.637"
"2022-07-22 08:42:29.072";"2022-07-22";"08:42:29";"SLCE";"";"Light Curve end ";""
"2022-07-22 08:43:06.337";"2022-07-22";"08:43:06";"SLCS";"";"Light Curve start ";"hul3-2"
"2022-07-22 08:43:06.337";"2022-07-22";"08:43:06";"REG1";"";"#1: alpha: 0.506, ETRm: 21.602, Ik: 42.716   ( beta: 0.006, ETRmPot: 23.089 ) ";""
"2022-07-22 08:43:06.337";"2022-07-22";"08:43:06";"REG2";"";"#1: alpha: 0.387, ETRm: 20.502, Ik: 52.968 ";""
"2022-07-22 08:43:08.081";"2022-07-22";"08:43:08";"FO";"82";"70";"259";"0";"0.730";"0.0";"-";"-";"70";"259";"0.730"
"2022-07-22 08:43:38.374";"2022-07-22";"08:43:38";"F";"83";"78";"190";"66";"0.589";"16.3";"64";"0.363";"70";"259";"0.730"
"2022-07-22 08:44:08.665";"2022-07-22";"08:44:08";"F";"84";"81";"175";"90";"0.537";"20.3";"62";"0.480";"70";"259";"0.730"
"2022-07-22 08:44:38.964";"2022-07-22";"08:44:38";"F";"85";"82";"140";"125";"0.414";"21.7";"57";"0.850";"70";"259";"0.730"
"2022-07-22 08:45:09.256";"2022-07-22";"08:45:09";"F";"86";"86";"117";"190";"0.265";"21.1";"53";"1.214";"70";"259";"0.730"
"2022-07-22 08:45:39.561";"2022-07-22";"08:45:39";"F";"87";"90";"109";"285";"0.174";"20.8";"51";"1.376";"70";"259";"0.730"
"2022-07-22 08:46:09.854";"2022-07-22";"08:46:09";"F";"88";"93";"106";"420";"0.123";"21.7";"50";"1.443";"70";"259";"0.730"
"2022-07-22 08:46:40.143";"2022-07-22";"08:46:40";"F";"89";"98";"105";"625";"0.067";"17.6";"50";"1.467";"70";"259";"0.730"
"2022-07-22 08:47:10.439";"2022-07-22";"08:47:10";"F";"90";"99";"105";"820";"0.057";"19.6";"50";"1.467";"70";"259";"0.730"
"2022-07-22 08:47:13.531";"2022-07-22";"08:47:13";"SLCE";"";"Light Curve end ";""
"2022-07-22 08:47:37.420";"2022-07-22";"08:47:37";"SLCS";"";"Light Curve start ";"hul3-3"
"2022-07-22 08:47:37.420";"2022-07-22";"08:47:37";"REG1";"";"#1: alpha: - , ETRm: - , Ik: -   ( beta: - 0.005, ETRmPot: 20.331 ) ";""
"2022-07-22 08:47:37.420";"2022-07-22";"08:47:37";"REG2";"";"#1: alpha: 0.207, ETRm: 23.254, Ik: 112.515 ";""
"2022-07-22 08:47:39.135";"2022-07-22";"08:47:39";"FO";"91";"92";"297";"0";"0.690";"0.0";"-";"-";"92";"297";"0.690"
"2022-07-22 08:48:09.431";"2022-07-22";"08:48:09";"F";"92";"105";"199";"66";"0.472";"13.1";"80";"0.492";"92";"297";"0.690"
"2022-07-22 08:48:39.725";"2022-07-22";"08:48:39";"F";"93";"108";"189";"90";"0.429";"16.2";"78";"0.571";"92";"297";"0.690"
"2022-07-22 08:49:10.021";"2022-07-22";"08:49:10";"F";"94";"115";"174";"125";"0.339";"17.8";"75";"0.707";"92";"297";"0.690"
"2022-07-22 08:49:40.326";"2022-07-22";"08:49:40";"F";"95";"120";"161";"190";"0.255";"20.3";"73";"0.845";"92";"297";"0.690"
"2022-07-22 08:50:10.621";"2022-07-22";"08:50:10";"F";"96";"127";"156";"285";"0.186";"22.3";"72";"0.904";"92";"297";"0.690"
"2022-07-22 08:50:40.912";"2022-07-22";"08:50:40";"F";"97";"130";"151";"420";"0.139";"24.5";"71";"0.967";"92";"297";"0.690"
"2022-07-22 08:51:11.211";"2022-07-22";"08:51:11";"F";"98";"137";"148";"625";"0.074";"19.4";"70";"1.007";"92";"297";"0.690"
"2022-07-22 08:51:41.505";"2022-07-22";"08:51:41";"F";"99";"138";"150";"820";"0.080";"27.6";"71";"0.980";"92";"297";"0.690"
"2022-07-22 08:51:44.427";"2022-07-22";"08:51:44";"SLCE";"";"Light Curve end ";""
"2022-07-22 08:52:01.071";"2022-07-22";"08:52:01";"SLCS";"";"Light Curve start ";"hul3-4"
"2022-07-22 08:52:01.071";"2022-07-22";"08:52:01";"REG1";"";"#1: alpha: - , ETRm: - , Ik: -   ( beta: - 0.008, ETRmPot: 24.036 ) ";""
"2022-07-22 08:52:01.071";"2022-07-22";"08:52:01";"REG2";"";"#1: alpha: 0.212, ETRm: 28.453, Ik: 134.122 ";""
"2022-07-22 08:52:02.802";"2022-07-22";"08:52:02";"FO";"100";"97";"342";"0";"0.716";"0.0";"-";"-";"97";"342";"0.716"
"2022-07-22 08:52:33.095";"2022-07-22";"08:52:33";"F";"101";"120";"243";"66";"0.506";"14.0";"87";"0.407";"97";"342";"0.716"
"2022-07-22 08:53:03.389";"2022-07-22";"08:53:03";"F";"102";"121";"223";"90";"0.457";"17.3";"84";"0.534";"97";"342";"0.716"
"2022-07-22 08:53:33.686";"2022-07-22";"08:53:33";"F";"103";"125";"205";"125";"0.390";"20.5";"82";"0.668";"97";"342";"0.716"
"2022-07-22 08:54:03.982";"2022-07-22";"08:54:03";"F";"104";"131";"188";"190";"0.303";"24.2";"79";"0.819";"97";"342";"0.716"
"2022-07-22 08:54:34.283";"2022-07-22";"08:54:34";"F";"105";"139";"177";"285";"0.215";"25.7";"77";"0.932";"97";"342";"0.716"
"2022-07-22 08:55:04.572";"2022-07-22";"08:55:04";"F";"106";"143";"171";"420";"0.164";"28.9";"76";"1.000";"97";"342";"0.716"
"2022-07-22 08:55:34.873";"2022-07-22";"08:55:34";"F";"107";"149";"165";"625";"0.097";"25.5";"74";"1.073";"97";"342";"0.716"
"2022-07-22 08:56:05.169";"2022-07-22";"08:56:05";"F";"108";"150";"166";"820";"0.096";"33.1";"75";"1.060";"97";"342";"0.716"
"2022-07-22 08:56:07.851";"2022-07-22";"08:56:07";"SLCE";"";"Light Curve end ";""
"2022-07-22 08:56:21.748";"2022-07-22";"08:56:21";"SLCS";"";"Light Curve start ";"hm3-1"
"2022-07-22 08:56:21.748";"2022-07-22";"08:56:21";"REG1";"";"#1: alpha: - , ETRm: - , Ik: -   ( beta: - 0.011, ETRmPot: 23.835 ) ";""
"2022-07-22 08:56:21.748";"2022-07-22";"08:56:21";"REG2";"";"#1: alpha: 0.187, ETRm: 31.058, Ik: 166.236 ";""
"2022-07-22 08:56:23.468";"2022-07-22";"08:56:23";"FO";"109";"78";"249";"0";"0.687";"0.0";"-";"-";"78";"249";"0.687"
"2022-07-22 08:56:53.761";"2022-07-22";"08:56:53";"F";"110";"93";"184";"66";"0.495";"13.7";"70";"0.353";"78";"249";"0.687"
"2022-07-22 08:57:24.059";"2022-07-22";"08:57:24";"F";"111";"98";"177";"90";"0.446";"16.9";"69";"0.407";"78";"249";"0.687"
"2022-07-22 08:57:54.350";"2022-07-22";"08:57:54";"F";"112";"102";"164";"125";"0.378";"19.8";"67";"0.518";"78";"249";"0.687"
"2022-07-22 08:58:24.647";"2022-07-22";"08:58:24";"F";"113";"108";"152";"190";"0.289";"23.1";"65";"0.638";"78";"249";"0.687"
"2022-07-22 08:58:54.941";"2022-07-22";"08:58:54";"F";"114";"113";"147";"285";"0.231";"27.7";"64";"0.694";"78";"249";"0.687"
"2022-07-22 08:59:25.235";"2022-07-22";"08:59:25";"F";"115";"118";"140";"420";"0.157";"27.7";"63";"0.779";"78";"249";"0.687"
"2022-07-22 08:59:55.537";"2022-07-22";"08:59:55";"F";"116";"123";"140";"625";"0.121";"31.8";"63";"0.779";"78";"249";"0.687"
"2022-07-22 09:00:25.824";"2022-07-22";"09:00:25";"F";"117";"125";"139";"820";"0.101";"34.8";"63";"0.791";"78";"249";"0.687"
"2022-07-22 09:00:28.886";"2022-07-22";"09:00:28";"SLCE";"";"Light Curve end ";""
"2022-07-22 09:00:40.149";"2022-07-22";"09:00:40";"SLCS";"";"Light Curve start ";"hm3-2"
"2022-07-22 09:00:40.149";"2022-07-22";"09:00:40";"REG1";"";"#1: alpha: - , ETRm: - , Ik: -   ( beta: - 0.005, ETRmPot: 17.547 ) ";""
"2022-07-22 09:00:40.149";"2022-07-22";"09:00:40";"REG2";"";"#1: alpha: 0.228, ETRm: 20.324, Ik: 89.079 ";""
"2022-07-22 09:00:41.822";"2022-07-22";"09:00:41";"FO";"118";"81";"272";"0";"0.702";"0.0";"-";"-";"81";"272";"0.702"
"2022-07-22 09:01:12.119";"2022-07-22";"09:01:12";"F";"119";"95";"172";"66";"0.448";"12.4";"69";"0.581";"81";"272";"0.702"
"2022-07-22 09:01:42.416";"2022-07-22";"09:01:42";"F";"120";"94";"169";"90";"0.444";"16.8";"69";"0.609";"81";"272";"0.702"
"2022-07-22 09:02:12.716";"2022-07-22";"09:02:12";"F";"121";"101";"151";"125";"0.331";"17.4";"65";"0.801";"81";"272";"0.702"
"2022-07-22 09:02:43.010";"2022-07-22";"09:02:43";"F";"122";"105";"137";"190";"0.234";"18.7";"63";"0.985";"81";"272";"0.702"
"2022-07-22 09:03:13.306";"2022-07-22";"09:03:13";"F";"123";"107";"127";"285";"0.157";"18.8";"60";"1.142";"81";"272";"0.702"
"2022-07-22 09:03:43.599";"2022-07-22";"09:03:43";"F";"124";"110";"125";"420";"0.120";"21.2";"60";"1.176";"81";"272";"0.702"
"2022-07-22 09:04:13.898";"2022-07-22";"09:04:13";"F";"125";"114";"122";"625";"0.066";"17.3";"59";"1.230";"81";"272";"0.702"
"2022-07-22 09:04:44.190";"2022-07-22";"09:04:44";"F";"126";"116";"125";"820";"0.072";"24.8";"60";"1.176";"81";"272";"0.702"
"2022-07-22 09:04:47.252";"2022-07-22";"09:04:47";"SLCE";"";"Light Curve end ";""
"2022-07-22 09:04:59.277";"2022-07-22";"09:04:59";"SLCS";"";"Light Curve start ";"hm3-3"
"2022-07-22 09:04:59.277";"2022-07-22";"09:04:59";"REG1";"";"#1: alpha: - , ETRm: - , Ik: -   ( beta: - 0.015, ETRmPot: 20.271 ) ";""
"2022-07-22 09:04:59.277";"2022-07-22";"09:04:59";"REG2";"";"#1: alpha: 0.210, ETRm: 30.276, Ik: 144.310 ";""
"2022-07-22 09:05:00.992";"2022-07-22";"09:05:00";"FO";"127";"74";"242";"0";"0.694";"0.0";"-";"-";"74";"242";"0.694"
"2022-07-22 09:05:31.283";"2022-07-22";"09:05:31";"F";"128";"91";"195";"66";"0.533";"14.8";"69";"0.241";"74";"242";"0.694"
"2022-07-22 09:06:01.581";"2022-07-22";"09:06:01";"F";"129";"90";"176";"90";"0.489";"18.5";"66";"0.375";"74";"242";"0.694"
"2022-07-22 09:06:31.878";"2022-07-22";"09:06:31";"F";"130";"90";"153";"125";"0.412";"21.6";"63";"0.582";"74";"242";"0.694"
"2022-07-22 09:07:02.174";"2022-07-22";"09:07:02";"F";"131";"94";"133";"190";"0.293";"23.4";"59";"0.820";"74";"242";"0.694"
"2022-07-22 09:07:32.468";"2022-07-22";"09:07:32";"F";"132";"99";"126";"285";"0.214";"25.6";"58";"0.921";"74";"242";"0.694"
"2022-07-22 09:08:02.761";"2022-07-22";"09:08:02";"F";"133";"104";"121";"420";"0.140";"24.7";"57";"1.000";"74";"242";"0.694"
"2022-07-22 09:08:33.062";"2022-07-22";"09:08:33";"F";"134";"105";"120";"625";"0.125";"32.8";"56";"1.017";"74";"242";"0.694"
"2022-07-22 09:09:03.358";"2022-07-22";"09:09:03";"F";"135";"109";"122";"820";"0.107";"36.9";"57";"0.984";"74";"242";"0.694"
"2022-07-22 09:09:05.884";"2022-07-22";"09:09:05";"SLCE";"";"Light Curve end ";""
"2022-07-22 09:09:27.635";"2022-07-22";"09:09:27";"SLCS";"";"Light Curve start ";"hm3-4"
"2022-07-22 09:09:27.635";"2022-07-22";"09:09:27";"REG1";"";"#1: alpha: - , ETRm: - , Ik: -   ( beta: - 0.011, ETRmPot: 12.794 ) ";""
"2022-07-22 09:09:27.635";"2022-07-22";"09:09:27";"REG2";"";"#1: alpha: 0.161, ETRm: 20.039, Ik: 124.494 ";""
"2022-07-22 09:09:29.353";"2022-07-22";"09:09:29";"FO";"136";"77";"222";"0";"0.653";"0.0";"-";"-";"77";"222";"0.653"
"2022-07-22 09:09:59.641";"2022-07-22";"09:09:59";"F";"137";"90";"160";"66";"0.438";"12.1";"68";"0.388";"77";"222";"0.653"
"2022-07-22 09:10:29.939";"2022-07-22";"09:10:29";"F";"138";"91";"146";"90";"0.377";"14.3";"65";"0.521";"77";"222";"0.653"
"2022-07-22 09:11:00.236";"2022-07-22";"09:11:00";"F";"139";"95";"129";"125";"0.264";"13.9";"62";"0.721";"77";"222";"0.653"
"2022-07-22 09:11:30.532";"2022-07-22";"09:11:30";"F";"140";"99";"122";"190";"0.189";"15.1";"60";"0.820";"77";"222";"0.653"
"2022-07-22 09:12:00.826";"2022-07-22";"09:12:00";"F";"141";"103";"118";"285";"0.127";"15.2";"59";"0.881";"77";"222";"0.653"
"2022-07-22 09:12:31.124";"2022-07-22";"09:12:31";"F";"142";"104";"118";"420";"0.119";"21.0";"59";"0.881";"77";"222";"0.653"
"2022-07-22 09:13:01.417";"2022-07-22";"09:13:01";"F";"143";"108";"116";"625";"0.069";"18.1";"58";"0.914";"77";"222";"0.653"
"2022-07-22 09:13:31.716";"2022-07-22";"09:13:31";"F";"144";"106";"115";"820";"0.078";"26.9";"58";"0.930";"77";"222";"0.653"
"2022-07-22 09:13:34.909";"2022-07-22";"09:13:34";"SLCE";"";"Light Curve end ";""
"2022-07-22 09:13:56.585";"2022-07-22";"09:13:56";"SLCS";"";"Light Curve start ";"hul4-1"
"2022-07-22 09:13:56.585";"2022-07-22";"09:13:56";"REG1";"";"#1: alpha: 0.344, ETRm: 23.422, Ik: 68.054   ( beta: 0.000, ETRmPot: 23.614 ) ";""
"2022-07-22 09:13:56.585";"2022-07-22";"09:13:56";"REG2";"";"#1: alpha: 0.251, ETRm: 23.164, Ik: 92.353 ";""
"2022-07-22 09:13:58.311";"2022-07-22";"09:13:58";"FO";"145";"67";"254";"0";"0.736";"0.0";"-";"-";"67";"254";"0.736"
"2022-07-22 09:14:28.610";"2022-07-22";"09:14:28";"F";"146";"83";"172";"66";"0.517";"14.3";"60";"0.477";"67";"254";"0.736"
"2022-07-22 09:14:58.906";"2022-07-22";"09:14:58";"F";"147";"78";"155";"90";"0.497";"18.8";"57";"0.639";"67";"254";"0.736"
"2022-07-22 09:15:29.194";"2022-07-22";"09:15:29";"F";"148";"86";"134";"125";"0.358";"18.8";"54";"0.896";"67";"254";"0.736"
"2022-07-22 09:15:59.494";"2022-07-22";"09:15:59";"F";"149";"89";"121";"190";"0.264";"21.1";"52";"1.099";"67";"254";"0.736"
"2022-07-22 09:16:29.792";"2022-07-22";"09:16:29";"F";"150";"93";"115";"285";"0.191";"22.9";"51";"1.209";"67";"254";"0.736"
"2022-07-22 09:17:00.082";"2022-07-22";"09:17:00";"F";"151";"94";"109";"420";"0.138";"24.3";"50";"1.330";"67";"254";"0.736"
"2022-07-22 09:17:30.378";"2022-07-22";"09:17:30";"F";"152";"98";"108";"625";"0.093";"24.4";"49";"1.352";"67";"254";"0.736"
"2022-07-22 09:18:00.675";"2022-07-22";"09:18:00";"F";"153";"101";"108";"820";"0.065";"22.4";"49";"1.352";"67";"254";"0.736"
"2022-07-22 09:18:03.332";"2022-07-22";"09:18:03";"SLCE";"";"Light Curve end ";""
"2022-07-22 09:19:35.959";"2022-07-22";"09:19:35";"SLCS";"";"Light Curve start ";"hul4-2"
"2022-07-22 09:19:35.959";"2022-07-22";"09:19:35";"REG1";"";"#1: alpha: - , ETRm: - , Ik: -   ( beta: - 0.010, ETRmPot: 21.189 ) ";""
"2022-07-22 09:19:35.959";"2022-07-22";"09:19:35";"REG2";"";"#1: alpha: 0.182, ETRm: 27.668, Ik: 151.794 ";""
"2022-07-22 09:19:37.665";"2022-07-22";"09:19:37";"FO";"154";"87";"234";"0";"0.628";"0.0";"-";"-";"87";"234";"0.628"
"2022-07-22 09:20:07.956";"2022-07-22";"09:20:07";"F";"155";"99";"200";"66";"0.505";"14.0";"82";"0.170";"87";"234";"0.628"
"2022-07-22 09:20:38.250";"2022-07-22";"09:20:38";"F";"156";"102";"177";"90";"0.424";"16.0";"78";"0.322";"87";"234";"0.628"
"2022-07-22 09:21:08.544";"2022-07-22";"09:21:08";"F";"157";"109";"165";"125";"0.339";"17.8";"75";"0.418";"87";"234";"0.628"
"2022-07-22 09:21:38.845";"2022-07-22";"09:21:38";"F";"158";"115";"157";"190";"0.268";"21.4";"74";"0.490";"87";"234";"0.628"
"2022-07-22 09:22:09.144";"2022-07-22";"09:22:09";"F";"159";"121";"152";"285";"0.204";"24.4";"72";"0.539";"87";"234";"0.628"
"2022-07-22 09:22:39.432";"2022-07-22";"09:22:39";"F";"160";"128";"151";"420";"0.152";"26.8";"72";"0.550";"87";"234";"0.628"
"2022-07-22 09:23:09.728";"2022-07-22";"09:23:09";"F";"161";"133";"148";"625";"0.101";"26.5";"72";"0.581";"87";"234";"0.628"
"2022-07-22 09:23:40.028";"2022-07-22";"09:23:40";"F";"162";"136";"150";"820";"0.093";"32.0";"72";"0.560";"87";"234";"0.628"
"2022-07-22 09:23:42.543";"2022-07-22";"09:23:42";"SLCE";"";"Light Curve end ";""
"2022-07-22 09:24:39.221";"2022-07-22";"09:24:39";"SLCS";"";"Light Curve start ";"hul4-3"
"2022-07-22 09:24:39.221";"2022-07-22";"09:24:39";"REG1";"";"#1: alpha: - , ETRm: - , Ik: -   ( beta: - 0.013, ETRmPot: 13.662 ) ";""
"2022-07-22 09:24:39.221";"2022-07-22";"09:24:39";"REG2";"";"#1: alpha: 0.164, ETRm: 22.700, Ik: 138.358 ";""
"2022-07-22 09:24:40.916";"2022-07-22";"09:24:40";"FO";"163";"77";"248";"0";"0.690";"0.0";"-";"-";"77";"248";"0.690"
"2022-07-22 09:25:11.215";"2022-07-22";"09:25:11";"F";"164";"93";"167";"66";"0.443";"12.3";"67";"0.485";"77";"248";"0.690"
"2022-07-22 09:25:41.511";"2022-07-22";"09:25:41";"F";"165";"95";"155";"90";"0.387";"14.6";"65";"0.600";"77";"248";"0.690"
"2022-07-22 09:26:11.807";"2022-07-22";"09:26:11";"F";"166";"97";"141";"125";"0.312";"16.4";"62";"0.759";"77";"248";"0.690"
"2022-07-22 09:26:42.098";"2022-07-22";"09:26:42";"F";"167";"104";"131";"190";"0.206";"16.4";"60";"0.893";"77";"248";"0.690"
"2022-07-22 09:27:12.392";"2022-07-22";"09:27:12";"F";"168";"106";"126";"285";"0.159";"19.0";"59";"0.968";"77";"248";"0.690"
"2022-07-22 09:27:42.687";"2022-07-22";"09:27:42";"F";"169";"108";"121";"420";"0.107";"18.9";"58";"1.050";"77";"248";"0.690"
"2022-07-22 09:28:12.988";"2022-07-22";"09:28:12";"F";"170";"110";"120";"625";"0.083";"21.8";"58";"1.067";"77";"248";"0.690"
"2022-07-22 09:28:43.282";"2022-07-22";"09:28:43";"F";"171";"110";"121";"820";"0.091";"31.3";"58";"1.050";"77";"248";"0.690"
"2022-07-22 09:28:46.124";"2022-07-22";"09:28:46";"SLCE";"";"Light Curve end ";""
"2022-07-22 09:29:33.030";"2022-07-22";"09:29:33";"SLCS";"";"Light Curve start ";"hul4-4"
"2022-07-22 09:29:33.030";"2022-07-22";"09:29:33";"REG1";"";"#1: alpha: - , ETRm: - , Ik: -   ( beta: - 0.001, ETRmPot: 24.244 ) ";""
"2022-07-22 09:29:33.030";"2022-07-22";"09:29:33";"REG2";"";"#1: alpha: 0.262, ETRm: 24.586, Ik: 93.994 ";""
"2022-07-22 09:29:34.780";"2022-07-22";"09:29:34";"FO";"172";"81";"303";"0";"0.733";"0.0";"-";"-";"81";"303";"0.733"
"2022-07-22 09:30:05.074";"2022-07-22";"09:30:05";"F";"173";"99";"218";"66";"0.546";"15.1";"73";"0.390";"81";"303";"0.733"
"2022-07-22 09:30:35.367";"2022-07-22";"09:30:35";"F";"174";"96";"192";"90";"0.500";"18.9";"70";"0.578";"81";"303";"0.733"
"2022-07-22 09:31:05.664";"2022-07-22";"09:31:05";"F";"175";"101";"165";"125";"0.388";"20.4";"66";"0.836";"81";"303";"0.733"
"2022-07-22 09:31:35.960";"2022-07-22";"09:31:35";"F";"176";"104";"147";"190";"0.293";"23.4";"63";"1.061";"81";"303";"0.733"
"2022-07-22 09:32:06.258";"2022-07-22";"09:32:06";"F";"177";"109";"137";"285";"0.204";"24.4";"61";"1.212";"81";"303";"0.733"
"2022-07-22 09:32:36.545";"2022-07-22";"09:32:36";"F";"178";"112";"131";"420";"0.145";"25.6";"60";"1.313";"81";"303";"0.733"
"2022-07-22 09:33:06.847";"2022-07-22";"09:33:06";"F";"179";"118";"129";"625";"0.085";"22.3";"60";"1.349";"81";"303";"0.733"
"2022-07-22 09:33:37.137";"2022-07-22";"09:33:37";"F";"180";"120";"130";"820";"0.077";"26.5";"60";"1.331";"81";"303";"0.733"
"2022-07-22 09:33:39.999";"2022-07-22";"09:33:39";"SLCE";"";"Light Curve end ";""
"2022-07-22 09:34:21.639";"2022-07-22";"09:34:21";"SLCS";"";"Light Curve start ";"hm4-1"
"2022-07-22 09:34:21.639";"2022-07-22";"09:34:21";"REG1";"";"#1: alpha: - , ETRm: - , Ik: -   ( beta: - 0.004, ETRmPot: 23.753 ) ";""
"2022-07-22 09:34:21.639";"2022-07-22";"09:34:21";"REG2";"";"#1: alpha: 0.223, ETRm: 25.839, Ik: 116.074 ";""
"2022-07-22 09:34:23.337";"2022-07-22";"09:34:23";"FO";"181";"87";"307";"0";"0.717";"0.0";"-";"-";"87";"307";"0.717"
"2022-07-22 09:34:53.633";"2022-07-22";"09:34:53";"F";"182";"110";"226";"66";"0.513";"14.2";"79";"0.358";"87";"307";"0.717"
"2022-07-22 09:35:23.927";"2022-07-22";"09:35:23";"F";"183";"110";"203";"90";"0.458";"17.3";"76";"0.512";"87";"307";"0.717"
"2022-07-22 09:35:54.220";"2022-07-22";"09:35:54";"F";"184";"115";"183";"125";"0.372";"19.5";"73";"0.678";"87";"307";"0.717"
"2022-07-22 09:36:24.517";"2022-07-22";"09:36:24";"F";"185";"119";"168";"190";"0.292";"23.3";"70";"0.827";"87";"307";"0.717"
"2022-07-22 09:36:54.815";"2022-07-22";"09:36:54";"F";"186";"124";"156";"285";"0.205";"24.5";"68";"0.968";"87";"307";"0.717"
"2022-07-22 09:37:25.102";"2022-07-22";"09:37:25";"F";"187";"128";"150";"420";"0.147";"25.9";"67";"1.047";"87";"307";"0.717"
"2022-07-22 09:37:55.398";"2022-07-22";"09:37:55";"F";"188";"133";"147";"625";"0.095";"24.9";"66";"1.088";"87";"307";"0.717"
"2022-07-22 09:38:25.696";"2022-07-22";"09:38:25";"F";"189";"135";"147";"820";"0.082";"28.2";"66";"1.088";"87";"307";"0.717"
"2022-07-22 09:38:28.792";"2022-07-22";"09:38:28";"SLCE";"";"Light Curve end ";""
"2022-07-22 09:38:58.934";"2022-07-22";"09:38:58";"SLCS";"";"Light Curve start ";"hm4-2"
"2022-07-22 09:38:58.934";"2022-07-22";"09:38:58";"REG1";"";"#1: alpha: - , ETRm: - , Ik: -   ( beta: - 0.002, ETRmPot: 27.526 ) ";""
"2022-07-22 09:38:58.934";"2022-07-22";"09:38:58";"REG2";"";"#1: alpha: 0.266, ETRm: 28.074, Ik: 105.397 ";""
"2022-07-22 09:39:00.690";"2022-07-22";"09:39:00";"FO";"190";"81";"291";"0";"0.722";"0.0";"-";"-";"81";"291";"0.722"
"2022-07-22 09:39:30.985";"2022-07-22";"09:39:30";"F";"191";"96";"226";"66";"0.575";"15.9";"75";"0.288";"81";"291";"0.722"
"2022-07-22 09:40:01.289";"2022-07-22";"09:40:01";"F";"192";"94";"206";"90";"0.544";"20.6";"73";"0.413";"81";"291";"0.722"
"2022-07-22 09:40:31.580";"2022-07-22";"09:40:31";"F";"193";"97";"169";"125";"0.426";"22.4";"67";"0.722";"81";"291";"0.722"
"2022-07-22 09:41:01.878";"2022-07-22";"09:41:01";"F";"194";"101";"147";"190";"0.313";"25.0";"64";"0.980";"81";"291";"0.722"
"2022-07-22 09:41:32.169";"2022-07-22";"09:41:32";"F";"195";"104";"135";"285";"0.230";"27.5";"61";"1.156";"81";"291";"0.722"
"2022-07-22 09:42:02.466";"2022-07-22";"09:42:02";"F";"196";"107";"127";"420";"0.157";"27.7";"60";"1.291";"81";"291";"0.722"
"2022-07-22 09:42:32.760";"2022-07-22";"09:42:32";"F";"197";"108";"122";"625";"0.115";"30.2";"58";"1.385";"81";"291";"0.722"
"2022-07-22 09:43:03.057";"2022-07-22";"09:43:03";"F";"198";"113";"123";"820";"0.081";"27.9";"59";"1.366";"81";"291";"0.722"
"2022-07-22 09:43:05.749";"2022-07-22";"09:43:05";"SLCE";"";"Light Curve end ";""
"2022-07-22 09:43:27.045";"2022-07-22";"09:43:27";"SLCS";"";"Light Curve start ";"hm4-3"
"2022-07-22 09:43:27.045";"2022-07-22";"09:43:27";"REG1";"";"#1: alpha: - , ETRm: - , Ik: -   ( beta: - 0.007, ETRmPot: 26.495 ) ";""
"2022-07-22 09:43:27.045";"2022-07-22";"09:43:27";"REG2";"";"#1: alpha: 0.233, ETRm: 30.562, Ik: 131.004 ";""
"2022-07-22 09:43:28.754";"2022-07-22";"09:43:28";"FO";"199";"80";"268";"0";"0.701";"0.0";"-";"-";"80";"268";"0.701"
"2022-07-22 09:43:59.049";"2022-07-22";"09:43:59";"F";"200";"91";"203";"66";"0.552";"15.3";"73";"0.320";"80";"268";"0.701"
"2022-07-22 09:44:29.351";"2022-07-22";"09:44:29";"F";"201";"91";"192";"90";"0.526";"19.9";"72";"0.396";"80";"268";"0.701"
"2022-07-22 09:44:59.643";"2022-07-22";"09:44:59";"F";"202";"96";"164";"125";"0.415";"21.8";"67";"0.634";"80";"268";"0.701"
"2022-07-22 09:45:29.940";"2022-07-22";"09:45:29";"F";"203";"101";"147";"190";"0.313";"25.0";"64";"0.823";"80";"268";"0.701"
"2022-07-22 09:46:00.236";"2022-07-22";"09:46:00";"F";"204";"105";"138";"285";"0.239";"28.6";"62";"0.942";"80";"268";"0.701"
"2022-07-22 09:46:30.532";"2022-07-22";"09:46:30";"F";"205";"108";"131";"420";"0.176";"31.0";"61";"1.046";"80";"268";"0.701"
"2022-07-22 09:47:00.824";"2022-07-22";"09:47:00";"F";"206";"114";"128";"625";"0.109";"28.6";"60";"1.094";"80";"268";"0.701"
"2022-07-22 09:47:31.124";"2022-07-22";"09:47:31";"F";"207";"117";"130";"820";"0.100";"34.4";"61";"1.062";"80";"268";"0.701"
"2022-07-22 09:47:33.706";"2022-07-22";"09:47:33";"SLCE";"";"Light Curve end ";""
"2022-07-22 09:48:42.586";"2022-07-22";"09:48:42";"SLCS";"";"Light Curve start ";"hm4-4"
"2022-07-22 09:48:42.586";"2022-07-22";"09:48:42";"REG1";"";"#1: alpha: - , ETRm: - , Ik: -   ( beta: - 0.008, ETRmPot: 22.904 ) ";""
"2022-07-22 09:48:42.586";"2022-07-22";"09:48:42";"REG2";"";"#1: alpha: 0.281, ETRm: 26.934, Ik: 96.010 ";""
"2022-07-22 09:48:44.307";"2022-07-22";"09:48:44";"FO";"208";"72";"272";"0";"0.735";"0.0";"-";"-";"72";"272";"0.735"
"2022-07-22 09:49:14.600";"2022-07-22";"09:49:14";"F";"209";"87";"220";"66";"0.605";"16.8";"68";"0.236";"72";"272";"0.735"
"2022-07-22 09:49:44.904";"2022-07-22";"09:49:44";"F";"210";"87";"187";"90";"0.535";"20.2";"64";"0.455";"72";"272";"0.735"
"2022-07-22 09:50:15.191";"2022-07-22";"09:50:15";"F";"211";"88";"153";"125";"0.425";"22.3";"60";"0.778";"72";"272";"0.735"
"2022-07-22 09:50:45.496";"2022-07-22";"09:50:45";"F";"212";"92";"133";"190";"0.308";"24.6";"56";"1.045";"72";"272";"0.735"
"2022-07-22 09:51:15.785";"2022-07-22";"09:51:15";"F";"213";"98";"126";"285";"0.222";"26.6";"55";"1.159";"72";"272";"0.735"
"2022-07-22 09:51:46.079";"2022-07-22";"09:51:46";"F";"214";"102";"119";"420";"0.143";"25.2";"54";"1.286";"72";"272";"0.735"
"2022-07-22 09:52:16.379";"2022-07-22";"09:52:16";"F";"215";"106";"117";"625";"0.094";"24.7";"53";"1.325";"72";"272";"0.735"
"2022-07-22 09:52:46.677";"2022-07-22";"09:52:46";"F";"216";"106";"117";"820";"0.094";"32.4";"53";"1.325";"72";"272";"0.735"
"2022-07-22 09:52:49.136";"2022-07-22";"09:52:49";"SLCE";"";"Light Curve end ";""
"2022-07-22 09:53:02.209";"2022-07-22";"09:53:02";"SLCS";"";"Light Curve start ";"hul5-1"
"2022-07-22 09:53:02.209";"2022-07-22";"09:53:02";"REG1";"";"#1: alpha: 0.322, ETRm: 27.037, Ik: 83.958   ( beta: 0.002, ETRmPot: 28.209 ) ";""
"2022-07-22 09:53:02.209";"2022-07-22";"09:53:02";"REG2";"";"#1: alpha: 0.241, ETRm: 26.667, Ik: 110.583 ";""
"2022-07-22 09:53:03.871";"2022-07-22";"09:53:03";"FO";"217";"89";"279";"0";"0.681";"0.0";"-";"-";"89";"279";"0.681"
"2022-07-22 09:53:34.163";"2022-07-22";"09:53:34";"F";"218";"106";"233";"66";"0.545";"15.1";"84";"0.197";"89";"279";"0.681"
"2022-07-22 09:54:04.460";"2022-07-22";"09:54:04";"F";"219";"108";"207";"90";"0.478";"18.1";"80";"0.348";"89";"279";"0.681"
"2022-07-22 09:54:34.763";"2022-07-22";"09:54:34";"F";"220";"112";"186";"125";"0.398";"20.9";"77";"0.500";"89";"279";"0.681"
"2022-07-22 09:55:05.055";"2022-07-22";"09:55:05";"F";"221";"117";"167";"190";"0.299";"23.9";"73";"0.671";"89";"279";"0.681"
"2022-07-22 09:55:35.345";"2022-07-22";"09:55:35";"F";"222";"122";"158";"285";"0.228";"27.3";"72";"0.766";"89";"279";"0.681"
"2022-07-22 09:56:05.646";"2022-07-22";"09:56:05";"F";"223";"128";"153";"420";"0.163";"28.8";"70";"0.824";"89";"279";"0.681"
"2022-07-22 09:56:35.945";"2022-07-22";"09:56:35";"F";"224";"135";"148";"625";"0.088";"23.1";"69";"0.885";"89";"279";"0.681"
"2022-07-22 09:57:06.241";"2022-07-22";"09:57:06";"F";"225";"135";"147";"820";"0.082";"28.2";"69";"0.898";"89";"279";"0.681"
"2022-07-22 09:57:08.848";"2022-07-22";"09:57:08";"SLCE";"";"Light Curve end ";""
"2022-07-22 09:57:50.941";"2022-07-22";"09:57:50";"SLCS";"";"Light Curve start ";"hul5-2"
"2022-07-22 09:57:50.941";"2022-07-22";"09:57:50";"REG1";"";"#1: alpha: - , ETRm: - , Ik: -   ( beta: - 0.009, ETRmPot: 25.914 ) ";""
"2022-07-22 09:57:50.941";"2022-07-22";"09:57:50";"REG2";"";"#1: alpha: 0.250, ETRm: 31.217, Ik: 124.878 ";""
"2022-07-22 09:57:52.726";"2022-07-22";"09:57:52";"FO";"226";"73";"305";"0";"0.761";"0.0";"-";"-";"73";"305";"0.761"
"2022-07-22 09:58:23.021";"2022-07-22";"09:58:23";"F";"227";"90";"240";"66";"0.625";"17.3";"69";"0.271";"73";"305";"0.761"
"2022-07-22 09:58:53.317";"2022-07-22";"09:58:53";"F";"228";"93";"203";"90";"0.542";"20.5";"65";"0.502";"73";"305";"0.761"
"2022-07-22 09:59:23.617";"2022-07-22";"09:59:23";"F";"229";"97";"170";"125";"0.429";"22.5";"61";"0.794";"73";"305";"0.761"
"2022-07-22 09:59:53.909";"2022-07-22";"09:59:53";"F";"230";"102";"150";"190";"0.320";"25.5";"59";"1.033";"73";"305";"0.761"
"2022-07-22 10:00:24.211";"2022-07-22";"10:00:24";"F";"231";"105";"139";"285";"0.245";"29.3";"57";"1.194";"73";"305";"0.761"
"2022-07-22 10:00:54.503";"2022-07-22";"10:00:54";"F";"232";"110";"133";"420";"0.173";"30.5";"56";"1.293";"73";"305";"0.761"
"2022-07-22 10:01:24.795";"2022-07-22";"10:01:24";"F";"233";"112";"127";"625";"0.118";"31.0";"55";"1.402";"73";"305";"0.761"
"2022-07-22 10:01:55.092";"2022-07-22";"10:01:55";"F";"234";"115";"128";"820";"0.102";"35.1";"55";"1.383";"73";"305";"0.761"
"2022-07-22 10:01:57.584";"2022-07-22";"10:01:57";"SLCE";"";"Light Curve end ";""
"2022-07-22 10:02:16.452";"2022-07-22";"10:02:16";"SLCS";"";"Light Curve start ";"hul5-3"
"2022-07-22 10:02:16.452";"2022-07-22";"10:02:16";"REG1";"";"#1: alpha: - , ETRm: - , Ik: -   ( beta: - 0.007, ETRmPot: 22.701 ) ";""
"2022-07-22 10:02:16.452";"2022-07-22";"10:02:16";"REG2";"";"#1: alpha: 0.220, ETRm: 26.949, Ik: 122.411 ";""
"2022-07-22 10:02:18.187";"2022-07-22";"10:02:18";"FO";"235";"90";"269";"0";"0.665";"0.0";"-";"-";"90";"269";"0.665"
"2022-07-22 10:02:48.492";"2022-07-22";"10:02:48";"F";"236";"111";"241";"66";"0.539";"14.9";"87";"0.116";"90";"269";"0.665"
"2022-07-22 10:03:18.786";"2022-07-22";"10:03:18";"F";"237";"114";"215";"90";"0.470";"17.8";"83";"0.251";"90";"269";"0.665"
"2022-07-22 10:03:49.074";"2022-07-22";"10:03:49";"F";"238";"118";"190";"125";"0.379";"19.9";"79";"0.416";"90";"269";"0.665"
"2022-07-22 10:04:19.377";"2022-07-22";"10:04:19";"F";"239";"126";"173";"190";"0.272";"21.7";"76";"0.555";"90";"269";"0.665"
"2022-07-22 10:04:49.667";"2022-07-22";"10:04:49";"F";"240";"128";"165";"285";"0.224";"26.8";"74";"0.630";"90";"269";"0.665"
"2022-07-22 10:05:19.964";"2022-07-22";"10:05:19";"F";"241";"134";"158";"420";"0.152";"26.8";"73";"0.703";"90";"269";"0.665"
"2022-07-22 10:05:50.264";"2022-07-22";"10:05:50";"F";"242";"140";"154";"625";"0.091";"23.9";"72";"0.747";"90";"269";"0.665"
"2022-07-22 10:06:20.554";"2022-07-22";"10:06:20";"F";"243";"139";"153";"820";"0.092";"31.7";"72";"0.758";"90";"269";"0.665"
"2022-07-22 10:06:23.755";"2022-07-22";"10:06:23";"SLCE";"";"Light Curve end ";""
"2022-07-22 10:07:19.216";"2022-07-22";"10:07:19";"SLCS";"";"Light Curve start ";"hul5-4"
"2022-07-22 10:07:19.216";"2022-07-22";"10:07:19";"REG1";"";"#1: alpha: - , ETRm: - , Ik: -   ( beta: - 0.007, ETRmPot: 28.382 ) ";""
"2022-07-22 10:07:19.216";"2022-07-22";"10:07:19";"REG2";"";"#1: alpha: 0.300, ETRm: 32.169, Ik: 107.117 ";""
"2022-07-22 10:07:20.944";"2022-07-22";"10:07:20";"FO";"244";"65";"243";"0";"0.733";"0.0";"-";"-";"65";"243";"0.733"
"2022-07-22 10:07:51.244";"2022-07-22";"10:07:51";"F";"245";"78";"219";"66";"0.644";"17.9";"63";"0.110";"65";"243";"0.733"
"2022-07-22 10:08:21.541";"2022-07-22";"10:08:21";"F";"246";"75";"191";"90";"0.607";"22.9";"61";"0.272";"65";"243";"0.733"
"2022-07-22 10:08:51.834";"2022-07-22";"10:08:51";"F";"247";"79";"156";"125";"0.494";"25.9";"57";"0.558";"65";"243";"0.733"
"2022-07-22 10:09:22.126";"2022-07-22";"10:09:22";"F";"248";"81";"128";"190";"0.367";"29.3";"52";"0.898";"65";"243";"0.733"
"2022-07-22 10:09:52.430";"2022-07-22";"10:09:52";"F";"249";"84";"113";"285";"0.257";"30.8";"50";"1.150";"65";"243";"0.733"
"2022-07-22 10:10:22.721";"2022-07-22";"10:10:22";"F";"250";"86";"105";"420";"0.181";"31.9";"48";"1.314";"65";"243";"0.733"
"2022-07-22 10:10:53.020";"2022-07-22";"10:10:53";"F";"251";"89";"100";"625";"0.110";"28.9";"47";"1.430";"65";"243";"0.733"
"2022-07-22 10:11:23.312";"2022-07-22";"10:11:23";"F";"252";"90";"101";"820";"0.109";"37.5";"47";"1.406";"65";"243";"0.733"
"2022-07-22 10:11:25.724";"2022-07-22";"10:11:25";"SLCE";"";"Light Curve end ";""
"2022-07-22 10:12:18.563";"2022-07-22";"10:12:18";"SLCS";"";"Light Curve start ";"hm5-1"
"2022-07-22 10:12:18.563";"2022-07-22";"10:12:18";"REG1";"";"#1: alpha: - , ETRm: - , Ik: -   ( beta: - 0.008, ETRmPot: 24.527 ) ";""
"2022-07-22 10:12:18.563";"2022-07-22";"10:12:18";"REG2";"";"#1: alpha: 0.228, ETRm: 29.050, Ik: 127.433 ";""
"2022-07-22 10:12:20.302";"2022-07-22";"10:12:20";"FO";"253";"87";"298";"0";"0.708";"0.0";"-";"-";"87";"298";"0.708"
"2022-07-22 10:12:50.601";"2022-07-22";"10:12:50";"F";"254";"105";"233";"66";"0.549";"15.2";"80";"0.279";"87";"298";"0.708"
"2022-07-22 10:13:20.891";"2022-07-22";"10:13:20";"F";"255";"104";"203";"90";"0.488";"18.4";"77";"0.468";"87";"298";"0.708"
"2022-07-22 10:13:51.188";"2022-07-22";"10:13:51";"F";"256";"110";"182";"125";"0.396";"20.8";"73";"0.637";"87";"298";"0.708"
"2022-07-22 10:14:21.484";"2022-07-22";"10:14:21";"F";"257";"116";"169";"190";"0.314";"25.1";"71";"0.763";"87";"298";"0.708"
"2022-07-22 10:14:51.784";"2022-07-22";"10:14:51";"F";"258";"120";"156";"285";"0.231";"27.7";"69";"0.910";"87";"298";"0.708"
"2022-07-22 10:15:22.073";"2022-07-22";"10:15:22";"F";"259";"124";"147";"420";"0.156";"27.5";"67";"1.027";"87";"298";"0.708"
"2022-07-22 10:15:52.376";"2022-07-22";"10:15:52";"F";"260";"128";"143";"625";"0.105";"27.6";"66";"1.084";"87";"298";"0.708"
"2022-07-22 10:16:22.674";"2022-07-22";"10:16:22";"F";"261";"130";"144";"820";"0.097";"33.4";"66";"1.069";"87";"298";"0.708"
"2022-07-22 10:16:25.056";"2022-07-22";"10:16:25";"SLCE";"";"Light Curve end ";""
"2022-07-22 10:16:38.477";"2022-07-22";"10:16:38";"SLCS";"";"Light Curve start ";"hm5-2"
"2022-07-22 10:16:38.477";"2022-07-22";"10:16:38";"REG1";"";"#1: alpha: - , ETRm: - , Ik: -   ( beta: - 0.015, ETRmPot: 21.201 ) ";""
"2022-07-22 10:16:38.477";"2022-07-22";"10:16:38";"REG2";"";"#1: alpha: 0.235, ETRm: 30.727, Ik: 130.998 ";""
"2022-07-22 10:16:40.163";"2022-07-22";"10:16:40";"FO";"262";"88";"303";"0";"0.710";"0.0";"-";"-";"88";"303";"0.710"
"2022-07-22 10:17:10.460";"2022-07-22";"10:17:10";"F";"263";"99";"244";"66";"0.594";"16.5";"82";"0.242";"88";"303";"0.710"
"2022-07-22 10:17:40.757";"2022-07-22";"10:17:40";"F";"264";"96";"209";"90";"0.541";"20.4";"78";"0.450";"88";"303";"0.710"
"2022-07-22 10:18:11.053";"2022-07-22";"10:18:11";"F";"265";"98";"165";"125";"0.406";"21.3";"71";"0.836";"88";"303";"0.710"
"2022-07-22 10:18:41.353";"2022-07-22";"10:18:41";"F";"266";"102";"147";"190";"0.306";"24.4";"67";"1.061";"88";"303";"0.710"
"2022-07-22 10:19:11.649";"2022-07-22";"10:19:11";"F";"267";"105";"137";"285";"0.234";"28.0";"65";"1.212";"88";"303";"0.710"
"2022-07-22 10:19:41.936";"2022-07-22";"10:19:41";"F";"268";"107";"128";"420";"0.164";"28.9";"63";"1.367";"88";"303";"0.710"
"2022-07-22 10:20:12.237";"2022-07-22";"10:20:12";"F";"269";"110";"122";"625";"0.098";"25.7";"62";"1.484";"88";"303";"0.710"
"2022-07-22 10:20:42.530";"2022-07-22";"10:20:42";"F";"270";"111";"126";"820";"0.119";"41.0";"63";"1.405";"88";"303";"0.710"
"2022-07-22 10:20:45.102";"2022-07-22";"10:20:45";"SLCE";"";"Light Curve end ";""
"2022-07-22 10:21:08.375";"2022-07-22";"10:21:08";"SLCS";"";"Light Curve start ";"hm5-3"
"2022-07-22 10:21:08.375";"2022-07-22";"10:21:08";"REG1";"";"#1: alpha: - , ETRm: - , Ik: -   ( beta: - 0.003, ETRmPot: 28.556 ) ";""
"2022-07-22 10:21:08.375";"2022-07-22";"10:21:08";"REG2";"";"#1: alpha: 0.273, ETRm: 30.029, Ik: 110.155 ";""
"2022-07-22 10:21:10.125";"2022-07-22";"10:21:10";"FO";"271";"82";"300";"0";"0.727";"0.0";"-";"-";"82";"300";"0.727"
"2022-07-22 10:21:40.419";"2022-07-22";"10:21:40";"F";"272";"98";"245";"66";"0.600";"16.6";"77";"0.224";"82";"300";"0.727"
"2022-07-22 10:22:10.718";"2022-07-22";"10:22:10";"F";"273";"95";"212";"90";"0.552";"20.9";"74";"0.415";"82";"300";"0.727"
"2022-07-22 10:22:41.015";"2022-07-22";"10:22:41";"F";"274";"99";"180";"125";"0.450";"23.6";"69";"0.667";"82";"300";"0.727"
"2022-07-22 10:23:11.306";"2022-07-22";"10:23:11";"F";"275";"104";"158";"190";"0.342";"27.3";"66";"0.899";"82";"300";"0.727"
"2022-07-22 10:23:41.608";"2022-07-22";"10:23:41";"F";"276";"109";"144";"285";"0.243";"29.1";"63";"1.083";"82";"300";"0.727"
"2022-07-22 10:24:11.899";"2022-07-22";"10:24:11";"F";"277";"113";"138";"420";"0.181";"31.9";"62";"1.174";"82";"300";"0.727"
"2022-07-22 10:24:42.194";"2022-07-22";"10:24:42";"F";"278";"119";"132";"625";"0.098";"25.7";"61";"1.273";"82";"300";"0.727"
"2022-07-22 10:25:12.491";"2022-07-22";"10:25:12";"F";"279";"119";"132";"820";"0.098";"33.8";"61";"1.273";"82";"300";"0.727"
"2022-07-22 10:25:14.977";"2022-07-22";"10:25:14";"SLCE";"";"Light Curve end ";""
"2022-07-22 10:25:30.448";"2022-07-22";"10:25:30";"SLCS";"";"Light Curve start ";"hm5-4"
"2022-07-22 10:25:30.448";"2022-07-22";"10:25:30";"REG1";"";"#1: alpha: - , ETRm: - , Ik: -   ( beta: - 0.001, ETRmPot: 27.653 ) ";""
"2022-07-22 10:25:30.448";"2022-07-22";"10:25:30";"REG2";"";"#1: alpha: 0.332, ETRm: 28.218, Ik: 84.899 ";""
"2022-07-22 10:25:32.193";"2022-07-22";"10:25:32";"FO";"280";"64";"256";"0";"0.750";"0.0";"-";"-";"64";"256";"0.750"
"2022-07-22 10:26:02.481";"2022-07-22";"10:26:02";"F";"281";"78";"229";"66";"0.659";"18.3";"62";"0.118";"64";"256";"0.750"
"2022-07-22 10:26:32.780";"2022-07-22";"10:26:32";"F";"282";"75";"182";"90";"0.588";"22.2";"58";"0.407";"64";"256";"0.750"
"2022-07-22 10:27:03.073";"2022-07-22";"10:27:03";"F";"283";"79";"152";"125";"0.480";"25.2";"55";"0.684";"64";"256";"0.750"
"2022-07-22 10:27:33.377";"2022-07-22";"10:27:33";"F";"284";"82";"127";"190";"0.354";"28.2";"51";"1.016";"64";"256";"0.750"
"2022-07-22 10:28:03.671";"2022-07-22";"10:28:03";"F";"285";"87";"115";"285";"0.243";"29.1";"49";"1.226";"64";"256";"0.750"
"2022-07-22 10:28:33.964";"2022-07-22";"10:28:33";"F";"286";"90";"107";"420";"0.159";"28.0";"47";"1.393";"64";"256";"0.750"
"2022-07-22 10:29:04.260";"2022-07-22";"10:29:04";"F";"287";"96";"105";"625";"0.086";"22.6";"47";"1.438";"64";"256";"0.750"
"2022-07-22 10:29:34.551";"2022-07-22";"10:29:34";"F";"288";"95";"105";"820";"0.095";"32.7";"47";"1.438";"64";"256";"0.750"
"2022-07-22 10:29:37.489";"2022-07-22";"10:29:37";"SLCE";"";"Light Curve end ";""
"2022-07-22 10:30:00.515";"2022-07-22";"10:30:00";"SLCS";"";"Light Curve start ";"hul6-1"
"2022-07-22 10:30:00.515";"2022-07-22";"10:30:00";"REG1";"";"#1: alpha: - , ETRm: - , Ik: -   ( beta: - 0.010, ETRmPot: 33.496 ) ";""
"2022-07-22 10:30:00.515";"2022-07-22";"10:30:00";"REG2";"";"#1: alpha: 0.278, ETRm: 39.156, Ik: 140.891 ";""
"2022-07-22 10:30:02.255";"2022-07-22";"10:30:02";"FO";"289";"78";"290";"0";"0.731";"0.0";"-";"-";"78";"290";"0.731"
"2022-07-22 10:30:32.546";"2022-07-22";"10:30:32";"F";"290";"92";"273";"66";"0.663";"18.4";"77";"0.062";"78";"290";"0.731"
"2022-07-22 10:31:02.839";"2022-07-22";"10:31:02";"F";"291";"91";"235";"90";"0.613";"23.2";"73";"0.234";"78";"290";"0.731"
"2022-07-22 10:31:33.136";"2022-07-22";"10:31:33";"F";"292";"97";"198";"125";"0.510";"26.8";"69";"0.465";"78";"290";"0.731"
"2022-07-22 10:32:03.437";"2022-07-22";"10:32:03";"F";"293";"103";"175";"190";"0.411";"32.8";"66";"0.657";"78";"290";"0.731"
"2022-07-22 10:32:33.730";"2022-07-22";"10:32:33";"F";"294";"110";"160";"285";"0.313";"37.5";"64";"0.813";"78";"290";"0.731"
"2022-07-22 10:33:04.025";"2022-07-22";"10:33:04";"F";"295";"117";"149";"420";"0.215";"37.9";"62";"0.946";"78";"290";"0.731"
"2022-07-22 10:33:34.317";"2022-07-22";"10:33:34";"F";"296";"124";"143";"625";"0.133";"34.9";"61";"1.028";"78";"290";"0.731"
"2022-07-22 10:34:04.618";"2022-07-22";"10:34:04";"F";"297";"125";"144";"820";"0.132";"45.5";"61";"1.014";"78";"290";"0.731"
"2022-07-22 10:34:07.010";"2022-07-22";"10:34:07";"SLCE";"";"Light Curve end ";""
"2022-07-22 10:34:37.720";"2022-07-22";"10:34:37";"SLCS";"";"Light Curve start ";"hul6-2"
"2022-07-22 10:34:37.720";"2022-07-22";"10:34:37";"REG1";"";"#1: alpha: 0.461, ETRm: 29.527, Ik: 64.020   ( beta: 0.004, ETRmPot: 31.077 ) ";""
"2022-07-22 10:34:37.720";"2022-07-22";"10:34:37";"REG2";"";"#1: alpha: 0.337, ETRm: 28.975, Ik: 86.078 ";""
"2022-07-22 10:34:39.409";"2022-07-22";"10:34:39";"FO";"298";"69";"251";"0";"0.725";"0.0";"-";"-";"69";"251";"0.725"
"2022-07-22 10:35:09.708";"2022-07-22";"10:35:09";"F";"299";"86";"234";"66";"0.632";"17.5";"68";"0.073";"69";"251";"0.725"
"2022-07-22 10:35:40.002";"2022-07-22";"10:35:40";"F";"300";"85";"213";"90";"0.601";"22.7";"66";"0.178";"69";"251";"0.725"
"2022-07-22 10:36:10.294";"2022-07-22";"10:36:10";"F";"301";"87";"178";"125";"0.511";"26.8";"62";"0.410";"69";"251";"0.725"
"2022-07-22 10:36:40.597";"2022-07-22";"10:36:40";"F";"302";"88";"143";"190";"0.385";"30.7";"57";"0.755";"69";"251";"0.725"
"2022-07-22 10:37:10.887";"2022-07-22";"10:37:10";"F";"303";"94";"124";"285";"0.242";"29.0";"54";"1.024";"69";"251";"0.725"
"2022-07-22 10:37:41.184";"2022-07-22";"10:37:41";"F";"304";"98";"117";"420";"0.162";"28.6";"52";"1.145";"69";"251";"0.725"
"2022-07-22 10:38:11.479";"2022-07-22";"10:38:11";"F";"305";"102";"113";"625";"0.097";"25.5";"52";"1.221";"69";"251";"0.725"
"2022-07-22 10:38:41.775";"2022-07-22";"10:38:41";"F";"306";"104";"114";"820";"0.088";"30.3";"52";"1.202";"69";"251";"0.725"
"2022-07-22 10:38:44.211";"2022-07-22";"10:38:44";"SLCE";"";"Light Curve end ";""
"2022-07-22 10:39:01.287";"2022-07-22";"10:39:01";"SLCS";"";"Light Curve start ";"hul6-3"
"2022-07-22 10:39:01.287";"2022-07-22";"10:39:01";"REG1";"";"#1: alpha: - , ETRm: - , Ik: -   ( beta: - 0.016, ETRmPot: 32.011 ) ";""
"2022-07-22 10:39:01.287";"2022-07-22";"10:39:01";"REG2";"";"#1: alpha: 0.226, ETRm: 43.409, Ik: 192.086 ";""
"2022-07-22 10:39:02.975";"2022-07-22";"10:39:02";"FO";"307";"70";"243";"0";"0.712";"0.0";"-";"-";"70";"243";"0.712"
"2022-07-22 10:39:33.273";"2022-07-22";"10:39:33";"F";"308";"87";"223";"66";"0.610";"16.9";"68";"0.090";"70";"243";"0.712"
"2022-07-22 10:40:03.561";"2022-07-22";"10:40:03";"F";"309";"89";"205";"90";"0.566";"21.4";"66";"0.185";"70";"243";"0.712"
"2022-07-22 10:40:33.859";"2022-07-22";"10:40:33";"F";"310";"90";"175";"125";"0.486";"25.5";"63";"0.389";"70";"243";"0.712"
"2022-07-22 10:41:04.153";"2022-07-22";"10:41:04";"F";"311";"96";"157";"190";"0.389";"31.0";"60";"0.548";"70";"243";"0.712"
"2022-07-22 10:41:34.448";"2022-07-22";"10:41:34";"F";"312";"102";"146";"285";"0.301";"36.0";"59";"0.664";"70";"243";"0.712"
"2022-07-22 10:42:04.750";"2022-07-22";"10:42:04";"F";"313";"105";"135";"420";"0.222";"39.2";"57";"0.800";"70";"243";"0.712"
"2022-07-22 10:42:35.046";"2022-07-22";"10:42:35";"F";"314";"108";"129";"625";"0.163";"42.8";"56";"0.884";"70";"243";"0.712"
"2022-07-22 10:43:05.338";"2022-07-22";"10:43:05";"F";"315";"109";"127";"820";"0.142";"48.9";"55";"0.913";"70";"243";"0.712"
"2022-07-22 10:43:08.621";"2022-07-22";"10:43:08";"SLCE";"";"Light Curve end ";""
"2022-07-22 10:43:51.359";"2022-07-22";"10:43:51";"SLCS";"";"Light Curve start ";"hul6-4"
"2022-07-22 10:43:51.359";"2022-07-22";"10:43:51";"REG1";"";"#1: alpha: - , ETRm: - , Ik: -   ( beta: - 0.007, ETRmPot: 32.714 ) ";""
"2022-07-22 10:43:51.359";"2022-07-22";"10:43:51";"REG2";"";"#1: alpha: 0.293, ETRm: 36.421, Ik: 124.190 ";""
"2022-07-22 10:43:53.032";"2022-07-22";"10:43:53";"FO";"316";"71";"282";"0";"0.748";"0.0";"-";"-";"71";"282";"0.748"
"2022-07-22 10:44:23.329";"2022-07-22";"10:44:23";"F";"317";"84";"234";"66";"0.641";"17.8";"68";"0.205";"71";"282";"0.748"
"2022-07-22 10:44:53.623";"2022-07-22";"10:44:53";"F";"318";"80";"212";"90";"0.623";"23.5";"66";"0.330";"71";"282";"0.748"
"2022-07-22 10:45:23.923";"2022-07-22";"10:45:23";"F";"319";"86";"177";"125";"0.514";"27.0";"62";"0.593";"71";"282";"0.748"
"2022-07-22 10:45:54.212";"2022-07-22";"10:45:54";"F";"320";"89";"149";"190";"0.403";"32.2";"58";"0.893";"71";"282";"0.748"
"2022-07-22 10:46:24.511";"2022-07-22";"10:46:24";"F";"321";"93";"136";"285";"0.316";"37.8";"56";"1.074";"71";"282";"0.748"
"2022-07-22 10:46:54.805";"2022-07-22";"10:46:54";"F";"322";"100";"124";"420";"0.194";"34.2";"54";"1.274";"71";"282";"0.748"
"2022-07-22 10:47:25.102";"2022-07-22";"10:47:25";"F";"323";"106";"120";"625";"0.117";"30.7";"53";"1.350";"71";"282";"0.748"
"2022-07-22 10:47:55.400";"2022-07-22";"10:47:55";"F";"324";"105";"120";"820";"0.125";"43.1";"53";"1.350";"71";"282";"0.748"
"2022-07-22 10:47:57.971";"2022-07-22";"10:47:57";"SLCE";"";"Light Curve end ";""
"2022-07-22 10:48:12.483";"2022-07-22";"10:48:12";"SLCS";"";"Light Curve start ";"hm6-1"
"2022-07-22 10:48:12.483";"2022-07-22";"10:48:12";"REG1";"";"#1: alpha: - , ETRm: - , Ik: -   ( beta: - 0.012, ETRmPot: 36.352 ) ";""
"2022-07-22 10:48:12.483";"2022-07-22";"10:48:12";"REG2";"";"#1: alpha: 0.260, ETRm: 43.634, Ik: 168.124 ";""
"2022-07-22 10:48:14.189";"2022-07-22";"10:48:14";"FO";"325";"86";"298";"0";"0.711";"0.0";"-";"-";"86";"298";"0.711"
"2022-07-22 10:48:44.492";"2022-07-22";"10:48:44";"F";"326";"98";"289";"66";"0.661";"18.3";"85";"0.031";"86";"298";"0.711"
"2022-07-22 10:49:14.785";"2022-07-22";"10:49:14";"F";"327";"99";"264";"90";"0.625";"23.6";"83";"0.129";"86";"298";"0.711"
"2022-07-22 10:49:45.081";"2022-07-22";"10:49:45";"F";"328";"101";"208";"125";"0.514";"27.0";"76";"0.433";"86";"298";"0.711"
"2022-07-22 10:50:15.379";"2022-07-22";"10:50:15";"F";"329";"103";"177";"190";"0.418";"33.4";"72";"0.684";"86";"298";"0.711"
"2022-07-22 10:50:45.674";"2022-07-22";"10:50:45";"F";"330";"107";"158";"285";"0.323";"38.7";"68";"0.886";"86";"298";"0.711"
"2022-07-22 10:51:15.963";"2022-07-22";"10:51:15";"F";"331";"112";"146";"420";"0.233";"41.1";"66";"1.041";"86";"298";"0.711"
"2022-07-22 10:51:46.265";"2022-07-22";"10:51:46";"F";"332";"116";"139";"625";"0.165";"43.3";"65";"1.144";"86";"298";"0.711"
"2022-07-22 10:52:16.558";"2022-07-22";"10:52:16";"F";"333";"118";"137";"820";"0.139";"47.9";"64";"1.175";"86";"298";"0.711"
"2022-07-22 10:52:19.760";"2022-07-22";"10:52:19";"SLCE";"";"Light Curve end ";""
"2022-07-22 10:52:36.558";"2022-07-22";"10:52:36";"SLCS";"";"Light Curve start ";"hm6-2"
"2022-07-22 10:52:36.558";"2022-07-22";"10:52:36";"REG1";"";"#1: alpha: - , ETRm: - , Ik: -   ( beta: - 0.001, ETRmPot: 24.374 ) ";""
"2022-07-22 10:52:36.558";"2022-07-22";"10:52:36";"REG2";"";"#1: alpha: 0.337, ETRm: 24.957, Ik: 74.100 ";""
"2022-07-22 10:52:38.252";"2022-07-22";"10:52:38";"FO";"334";"85";"304";"0";"0.720";"0.0";"-";"-";"85";"304";"0.720"
"2022-07-22 10:53:08.549";"2022-07-22";"10:53:08";"F";"335";"100";"285";"66";"0.649";"18.0";"83";"0.067";"85";"304";"0.720"
"2022-07-22 10:53:38.850";"2022-07-22";"10:53:38";"F";"336";"100";"226";"90";"0.558";"21.1";"78";"0.345";"85";"304";"0.720"
"2022-07-22 10:54:09.146";"2022-07-22";"10:54:09";"F";"337";"103";"181";"125";"0.431";"22.6";"71";"0.680";"85";"304";"0.720"
"2022-07-22 10:54:39.433";"2022-07-22";"10:54:39";"F";"338";"107";"154";"190";"0.305";"24.3";"67";"0.974";"85";"304";"0.720"
"2022-07-22 10:55:09.730";"2022-07-22";"10:55:09";"F";"339";"112";"142";"285";"0.211";"25.3";"64";"1.141";"85";"304";"0.720"
"2022-07-22 10:55:40.028";"2022-07-22";"10:55:40";"F";"340";"114";"135";"420";"0.156";"27.5";"63";"1.252";"85";"304";"0.720"
"2022-07-22 10:56:10.329";"2022-07-22";"10:56:10";"F";"341";"119";"128";"625";"0.070";"18.4";"61";"1.375";"85";"304";"0.720"
"2022-07-22 10:56:40.623";"2022-07-22";"10:56:40";"F";"342";"119";"130";"820";"0.085";"29.3";"62";"1.338";"85";"304";"0.720"
"2022-07-22 10:56:43.210";"2022-07-22";"10:56:43";"SLCE";"";"Light Curve end ";""
"2022-07-22 10:57:22.583";"2022-07-22";"10:57:22";"SLCS";"";"Light Curve start ";"hm6-3"
"2022-07-22 10:57:22.583";"2022-07-22";"10:57:22";"REG1";"";"#1: alpha: - , ETRm: - , Ik: -   ( beta: - 0.013, ETRmPot: 26.571 ) ";""
"2022-07-22 10:57:22.583";"2022-07-22";"10:57:22";"REG2";"";"#1: alpha: 0.237, ETRm: 34.572, Ik: 145.954 ";""
"2022-07-22 10:57:24.316";"2022-07-22";"10:57:24";"FO";"343";"83";"282";"0";"0.706";"0.0";"-";"-";"83";"282";"0.706"
"2022-07-22 10:57:54.609";"2022-07-22";"10:57:54";"F";"344";"95";"249";"66";"0.618";"17.1";"80";"0.133";"83";"282";"0.706"
"2022-07-22 10:58:24.901";"2022-07-22";"10:58:24";"F";"345";"94";"208";"90";"0.548";"20.7";"75";"0.356";"83";"282";"0.706"
"2022-07-22 10:58:55.199";"2022-07-22";"10:58:55";"F";"346";"98";"175";"125";"0.440";"23.1";"70";"0.611";"83";"282";"0.706"
"2022-07-22 10:59:25.497";"2022-07-22";"10:59:25";"F";"347";"100";"152";"190";"0.342";"27.3";"66";"0.855";"83";"282";"0.706"
"2022-07-22 10:59:55.795";"2022-07-22";"10:59:55";"F";"348";"102";"138";"285";"0.261";"31.2";"63";"1.043";"83";"282";"0.706"
"2022-07-22 11:00:26.086";"2022-07-22";"11:00:26";"F";"349";"107";"130";"420";"0.177";"31.2";"62";"1.169";"83";"282";"0.706"
"2022-07-22 11:00:56.380";"2022-07-22";"11:00:56";"F";"350";"108";"125";"625";"0.136";"35.7";"61";"1.256";"83";"282";"0.706"
"2022-07-22 11:01:26.682";"2022-07-22";"11:01:26";"F";"351";"109";"123";"820";"0.114";"39.3";"60";"1.293";"83";"282";"0.706"
"2022-07-22 11:01:29.064";"2022-07-22";"11:01:29";"SLCE";"";"Light Curve end ";""
"2022-07-22 11:01:46.640";"2022-07-22";"11:01:46";"SLCS";"";"Light Curve start ";"hm6-4"
"2022-07-22 11:01:46.640";"2022-07-22";"11:01:46";"REG1";"";"#1: alpha: - , ETRm: - , Ik: -   ( beta: - 0.001, ETRmPot: 35.986 ) ";""
"2022-07-22 11:01:46.640";"2022-07-22";"11:01:46";"REG2";"";"#1: alpha: 0.270, ETRm: 36.042, Ik: 133.362 ";""
"2022-07-22 11:01:48.371";"2022-07-22";"11:01:48";"FO";"352";"89";"284";"0";"0.687";"0.0";"-";"-";"89";"284";"0.687"
"2022-07-22 11:02:18.667";"2022-07-22";"11:02:18";"F";"353";"100";"264";"66";"0.621";"17.2";"87";"0.076";"89";"284";"0.687"
"2022-07-22 11:02:48.966";"2022-07-22";"11:02:48";"F";"354";"103";"241";"90";"0.573";"21.7";"84";"0.178";"89";"284";"0.687"
"2022-07-22 11:03:19.265";"2022-07-22";"11:03:19";"F";"355";"105";"205";"125";"0.488";"25.6";"79";"0.385";"89";"284";"0.687"
"2022-07-22 11:03:49.555";"2022-07-22";"11:03:49";"F";"356";"106";"175";"190";"0.394";"31.4";"74";"0.623";"89";"284";"0.687"
"2022-07-22 11:04:19.858";"2022-07-22";"11:04:19";"F";"357";"108";"154";"285";"0.299";"35.8";"70";"0.844";"89";"284";"0.687"
"2022-07-22 11:04:50.145";"2022-07-22";"11:04:50";"F";"358";"113";"142";"420";"0.204";"36.0";"68";"1.000";"89";"284";"0.687"
"2022-07-22 11:05:20.443";"2022-07-22";"11:05:20";"F";"359";"117";"134";"625";"0.127";"33.3";"66";"1.119";"89";"284";"0.687"
"2022-07-22 11:05:50.745";"2022-07-22";"11:05:50";"F";"360";"119";"134";"820";"0.112";"38.6";"66";"1.119";"89";"284";"0.687"
"2022-07-22 11:05:53.891";"2022-07-22";"11:05:53";"SLCE";"";"Light Curve end ";""
"2022-07-22 11:06:12.513";"2022-07-22";"11:06:12";"SLCS";"";"Light Curve start ";"hul1-1"
"2022-07-22 11:06:12.513";"2022-07-22";"11:06:12";"REG1";"";"#1: alpha: - , ETRm: - , Ik: -   ( beta: - 0.002, ETRmPot: 32.540 ) ";""
"2022-07-22 11:06:12.513";"2022-07-22";"11:06:12";"REG2";"";"#1: alpha: 0.247, ETRm: 33.378, Ik: 134.890 ";""
"2022-07-22 11:06:14.241";"2022-07-22";"11:06:14";"FO";"361";"78";"265";"0";"0.706";"0.0";"-";"-";"78";"265";"0.706"
"2022-07-22 11:06:44.536";"2022-07-22";"11:06:44";"F";"362";"86";"204";"66";"0.578";"16.0";"72";"0.299";"78";"265";"0.706"
"2022-07-22 11:07:14.829";"2022-07-22";"11:07:14";"F";"363";"83";"181";"90";"0.541";"20.4";"69";"0.464";"78";"265";"0.706"
"2022-07-22 11:07:45.125";"2022-07-22";"11:07:45";"F";"364";"87";"156";"125";"0.442";"23.2";"65";"0.699";"78";"265";"0.706"
"2022-07-22 11:08:15.416";"2022-07-22";"11:08:15";"F";"365";"89";"138";"190";"0.355";"28.3";"61";"0.920";"78";"265";"0.706"
"2022-07-22 11:08:45.714";"2022-07-22";"11:08:45";"F";"366";"92";"127";"285";"0.276";"33.0";"59";"1.087";"78";"265";"0.706"
"2022-07-22 11:09:16.014";"2022-07-22";"11:09:16";"F";"367";"95";"120";"420";"0.208";"36.7";"58";"1.208";"78";"265";"0.706"
"2022-07-22 11:09:46.308";"2022-07-22";"11:09:46";"F";"368";"103";"114";"625";"0.096";"25.2";"56";"1.325";"78";"265";"0.706"
"2022-07-22 11:10:16.599";"2022-07-22";"11:10:16";"F";"369";"103";"116";"820";"0.112";"38.6";"57";"1.284";"78";"265";"0.706"
"2022-07-22 11:10:18.990";"2022-07-22";"11:10:18";"SLCE";"";"Light Curve end ";""
"2022-07-22 11:10:35.615";"2022-07-22";"11:10:35";"SLCS";"";"Light Curve start ";"hul1-2"
"2022-07-22 11:10:35.615";"2022-07-22";"11:10:35";"REG1";"";"#1: alpha: - , ETRm: - , Ik: -   ( beta: - 0.008, ETRmPot: 23.466 ) ";""
"2022-07-22 11:10:35.615";"2022-07-22";"11:10:35";"REG2";"";"#1: alpha: 0.202, ETRm: 28.048, Ik: 138.558 ";""
"2022-07-22 11:10:37.395";"2022-07-22";"11:10:37";"FO";"370";"71";"248";"0";"0.714";"0.0";"-";"-";"71";"248";"0.714"
"2022-07-22 11:11:07.693";"2022-07-22";"11:11:07";"F";"371";"83";"163";"66";"0.491";"13.6";"62";"0.521";"71";"248";"0.714"
"2022-07-22 11:11:37.995";"2022-07-22";"11:11:37";"F";"372";"84";"149";"90";"0.436";"16.5";"60";"0.664";"71";"248";"0.714"
"2022-07-22 11:12:08.288";"2022-07-22";"11:12:08";"F";"373";"84";"136";"125";"0.382";"20.1";"57";"0.824";"71";"248";"0.714"
"2022-07-22 11:12:38.586";"2022-07-22";"11:12:38";"F";"374";"87";"122";"190";"0.287";"22.9";"55";"1.033";"71";"248";"0.714"
"2022-07-22 11:13:08.873";"2022-07-22";"11:13:08";"F";"375";"90";"116";"285";"0.224";"26.8";"54";"1.138";"71";"248";"0.714"
"2022-07-22 11:13:39.171";"2022-07-22";"11:13:39";"F";"376";"92";"108";"420";"0.148";"26.1";"52";"1.296";"71";"248";"0.714"
"2022-07-22 11:14:09.466";"2022-07-22";"11:14:09";"F";"377";"96";"107";"625";"0.103";"27.0";"52";"1.318";"71";"248";"0.714"
"2022-07-22 11:14:39.761";"2022-07-22";"11:14:39";"F";"378";"98";"108";"820";"0.093";"32.0";"52";"1.296";"71";"248";"0.714"
"2022-07-22 11:14:42.373";"2022-07-22";"11:14:42";"SLCE";"";"Light Curve end ";""
"2022-07-22 11:16:17.887";"2022-07-22";"11:16:17";"SLCS";"";"Light Curve start ";"hul1-3"
"2022-07-22 11:16:17.887";"2022-07-22";"11:16:17";"REG1";"";"#1: alpha: - , ETRm: - , Ik: -   ( beta: - 0.006, ETRmPot: 31.833 ) ";""
"2022-07-22 11:16:17.887";"2022-07-22";"11:16:17";"REG2";"";"#1: alpha: 0.233, ETRm: 34.952, Ik: 149.752 ";""
"2022-07-22 11:16:19.546";"2022-07-22";"11:16:19";"FO";"379";"91";"294";"0";"0.690";"0.0";"-";"-";"91";"294";"0.690"
"2022-07-22 11:16:49.842";"2022-07-22";"11:16:49";"F";"380";"105";"221";"66";"0.525";"14.6";"83";"0.330";"91";"294";"0.690"
"2022-07-22 11:17:20.137";"2022-07-22";"11:17:20";"F";"381";"104";"214";"90";"0.514";"19.4";"82";"0.374";"91";"294";"0.690"
"2022-07-22 11:17:50.439";"2022-07-22";"11:17:50";"F";"382";"106";"195";"125";"0.456";"23.9";"79";"0.508";"91";"294";"0.690"
"2022-07-22 11:18:20.730";"2022-07-22";"11:18:20";"F";"383";"109";"170";"190";"0.359";"28.6";"74";"0.729";"91";"294";"0.690"
"2022-07-22 11:18:51.024";"2022-07-22";"11:18:51";"F";"384";"110";"154";"285";"0.286";"34.2";"71";"0.909";"91";"294";"0.690"
"2022-07-22 11:19:21.328";"2022-07-22";"11:19:21";"F";"385";"114";"142";"420";"0.197";"34.8";"68";"1.070";"91";"294";"0.690"
"2022-07-22 11:19:51.623";"2022-07-22";"11:19:51";"F";"386";"119";"134";"625";"0.112";"29.4";"66";"1.194";"91";"294";"0.690"
"2022-07-22 11:20:21.913";"2022-07-22";"11:20:21";"F";"387";"121";"137";"820";"0.117";"40.3";"67";"1.146";"91";"294";"0.690"
"2022-07-22 11:20:24.844";"2022-07-22";"11:20:24";"SLCE";"";"Light Curve end ";""
"2022-07-22 11:20:44.825";"2022-07-22";"11:20:44";"SLCS";"";"Light Curve start ";"hul1-4"
"2022-07-22 11:20:44.825";"2022-07-22";"11:20:44";"REG1";"";"#1: alpha: - , ETRm: - , Ik: -   ( beta: - 0.003, ETRmPot: 35.929 ) ";""
"2022-07-22 11:20:44.825";"2022-07-22";"11:20:44";"REG2";"";"#1: alpha: 0.230, ETRm: 37.151, Ik: 161.210 ";""
"2022-07-22 11:20:46.509";"2022-07-22";"11:20:46";"FO";"388";"90";"251";"0";"0.641";"0.0";"-";"-";"90";"251";"0.641"
"2022-07-22 11:21:16.802";"2022-07-22";"11:21:16";"F";"389";"97";"220";"66";"0.559";"15.5";"86";"0.141";"90";"251";"0.641"
"2022-07-22 11:21:47.100";"2022-07-22";"11:21:47";"F";"390";"98";"205";"90";"0.522";"19.7";"83";"0.224";"90";"251";"0.641"
"2022-07-22 11:22:17.394";"2022-07-22";"11:22:17";"F";"391";"96";"179";"125";"0.464";"24.4";"79";"0.402";"90";"251";"0.641"
"2022-07-22 11:22:47.696";"2022-07-22";"11:22:47";"F";"392";"100";"157";"190";"0.363";"29.0";"74";"0.599";"90";"251";"0.641"
"2022-07-22 11:23:17.992";"2022-07-22";"11:23:17";"F";"393";"103";"144";"285";"0.285";"34.1";"71";"0.743";"90";"251";"0.641"
"2022-07-22 11:23:48.280";"2022-07-22";"11:23:48";"F";"394";"105";"132";"420";"0.205";"36.2";"68";"0.902";"90";"251";"0.641"
"2022-07-22 11:24:18.576";"2022-07-22";"11:24:18";"F";"395";"108";"126";"625";"0.143";"37.5";"66";"0.992";"90";"251";"0.641"
"2022-07-22 11:24:48.880";"2022-07-22";"11:24:48";"F";"396";"111";"125";"820";"0.112";"38.6";"66";"1.008";"90";"251";"0.641"
"2022-07-22 11:24:51.692";"2022-07-22";"11:24:51";"SLCE";"";"Light Curve end ";""
"2022-07-22 11:25:33.032";"2022-07-22";"11:25:33";"SLCS";"";"Light Curve start ";"hm1-1"
"2022-07-22 11:25:33.032";"2022-07-22";"11:25:33";"REG1";"";"#1: alpha: - , ETRm: - , Ik: -   ( beta: - 0.018, ETRmPot: 25.530 ) ";""
"2022-07-22 11:25:33.032";"2022-07-22";"11:25:33";"REG2";"";"#1: alpha: 0.201, ETRm: 39.183, Ik: 195.086 ";""
"2022-07-22 11:25:34.767";"2022-07-22";"11:25:34";"FO";"397";"85";"249";"0";"0.659";"0.0";"-";"-";"85";"249";"0.659"
"2022-07-22 11:26:05.068";"2022-07-22";"11:26:05";"F";"398";"97";"206";"66";"0.529";"14.7";"79";"0.209";"85";"249";"0.659"
"2022-07-22 11:26:35.361";"2022-07-22";"11:26:35";"F";"399";"94";"197";"90";"0.523";"19.8";"78";"0.264";"85";"249";"0.659"
"2022-07-22 11:27:05.655";"2022-07-22";"11:27:05";"F";"400";"97";"174";"125";"0.443";"23.3";"74";"0.431";"85";"249";"0.659"
"2022-07-22 11:27:35.953";"2022-07-22";"11:27:35";"F";"401";"99";"154";"190";"0.357";"28.5";"70";"0.617";"85";"249";"0.659"
"2022-07-22 11:28:06.245";"2022-07-22";"11:28:06";"F";"402";"105";"141";"285";"0.255";"30.5";"67";"0.766";"85";"249";"0.659"
"2022-07-22 11:28:36.546";"2022-07-22";"11:28:36";"F";"403";"109";"135";"420";"0.193";"34.0";"66";"0.844";"85";"249";"0.659"
"2022-07-22 11:29:06.841";"2022-07-22";"11:29:06";"F";"404";"112";"131";"625";"0.145";"38.1";"65";"0.901";"85";"249";"0.659"
"2022-07-22 11:29:37.132";"2022-07-22";"11:29:37";"F";"405";"115";"133";"820";"0.135";"46.5";"65";"0.872";"85";"249";"0.659"
"2022-07-22 11:29:39.543";"2022-07-22";"11:29:39";"SLCE";"";"Light Curve end ";""
"2022-07-22 11:29:52.091";"2022-07-22";"11:29:52";"SLCS";"";"Light Curve start ";"hm1-2"
"2022-07-22 11:29:52.091";"2022-07-22";"11:29:52";"REG1";"";"#1: alpha: 0.344, ETRm: 39.969, Ik: 116.143   ( beta: 0.004, ETRmPot: 42.428 ) ";""
"2022-07-22 11:29:52.091";"2022-07-22";"11:29:52";"REG2";"";"#1: alpha: 0.264, ETRm: 39.504, Ik: 149.460 ";""
"2022-07-22 11:29:53.834";"2022-07-22";"11:29:53";"FO";"406";"89";"269";"0";"0.669";"0.0";"-";"-";"89";"269";"0.669"
"2022-07-22 11:30:24.124";"2022-07-22";"11:30:24";"F";"407";"98";"249";"66";"0.606";"16.8";"87";"0.080";"89";"269";"0.669"
"2022-07-22 11:30:54.423";"2022-07-22";"11:30:54";"F";"408";"98";"236";"90";"0.585";"22.1";"85";"0.140";"89";"269";"0.669"
"2022-07-22 11:31:24.720";"2022-07-22";"11:31:24";"F";"409";"100";"199";"125";"0.497";"26.1";"80";"0.352";"89";"269";"0.669"
"2022-07-22 11:31:55.019";"2022-07-22";"11:31:55";"F";"410";"103";"176";"190";"0.415";"33.1";"76";"0.528";"89";"269";"0.669"
"2022-07-22 11:32:25.313";"2022-07-22";"11:32:25";"F";"411";"108";"159";"285";"0.321";"38.4";"72";"0.692";"89";"269";"0.669"
"2022-07-22 11:32:55.607";"2022-07-22";"11:32:55";"F";"412";"115";"149";"420";"0.228";"40.2";"70";"0.805";"89";"269";"0.669"
"2022-07-22 11:33:25.899";"2022-07-22";"11:33:25";"F";"413";"122";"142";"625";"0.141";"37.0";"69";"0.894";"89";"269";"0.669"
"2022-07-22 11:33:56.193";"2022-07-22";"11:33:56";"F";"414";"126";"143";"820";"0.119";"41.0";"69";"0.881";"89";"269";"0.669"
"2022-07-22 11:33:58.935";"2022-07-22";"11:33:58";"SLCE";"";"Light Curve end ";""
"2022-07-22 11:34:33.912";"2022-07-22";"11:34:33";"SLCS";"";"Light Curve start ";"hm1-3"
"2022-07-22 11:34:33.912";"2022-07-22";"11:34:33";"REG1";"";"#1: alpha: - , ETRm: - , Ik: -   ( beta: - 0.005, ETRmPot: 24.119 ) ";""
"2022-07-22 11:34:33.912";"2022-07-22";"11:34:33";"REG2";"";"#1: alpha: 0.235, ETRm: 26.793, Ik: 113.955 ";""
"2022-07-22 11:34:35.591";"2022-07-22";"11:34:35";"FO";"415";"71";"230";"0";"0.691";"0.0";"-";"-";"71";"230";"0.691"
"2022-07-22 11:35:05.886";"2022-07-22";"11:35:05";"F";"416";"83";"173";"66";"0.520";"14.4";"64";"0.329";"71";"230";"0.691"
"2022-07-22 11:35:36.185";"2022-07-22";"11:35:36";"F";"417";"77";"154";"90";"0.500";"18.9";"62";"0.494";"71";"230";"0.691"
"2022-07-22 11:36:06.473";"2022-07-22";"11:36:06";"F";"418";"82";"134";"125";"0.388";"20.4";"58";"0.716";"71";"230";"0.691"
"2022-07-22 11:36:36.770";"2022-07-22";"11:36:36";"F";"419";"85";"121";"190";"0.298";"23.8";"56";"0.901";"71";"230";"0.691"
"2022-07-22 11:37:07.071";"2022-07-22";"11:37:07";"F";"420";"90";"114";"285";"0.211";"25.3";"54";"1.018";"71";"230";"0.691"
"2022-07-22 11:37:37.360";"2022-07-22";"11:37:37";"F";"421";"92";"108";"420";"0.148";"26.1";"53";"1.130";"71";"230";"0.691"
"2022-07-22 11:38:07.662";"2022-07-22";"11:38:07";"F";"422";"95";"106";"625";"0.104";"27.3";"52";"1.170";"71";"230";"0.691"
"2022-07-22 11:38:37.959";"2022-07-22";"11:38:37";"F";"423";"98";"107";"820";"0.084";"28.9";"52";"1.150";"71";"230";"0.691"
"2022-07-22 11:38:40.590";"2022-07-22";"11:38:40";"SLCE";"";"Light Curve end ";""
"2022-07-22 11:39:09.291";"2022-07-22";"11:39:09";"SLCS";"";"Light Curve start ";"hm1-4"
"2022-07-22 11:39:09.291";"2022-07-22";"11:39:09";"REG1";"";"#1: alpha: - , ETRm: - , Ik: -   ( beta: - 0.012, ETRmPot: 40.618 ) ";""
"2022-07-22 11:39:09.291";"2022-07-22";"11:39:09";"REG2";"";"#1: alpha: 0.253, ETRm: 48.305, Ik: 190.969 ";""
"2022-07-22 11:39:11.050";"2022-07-22";"11:39:11";"FO";"424";"77";"256";"0";"0.699";"0.0";"-";"-";"77";"256";"0.699"
"2022-07-22 11:39:41.350";"2022-07-22";"11:39:41";"F";"425";"87";"218";"66";"0.601";"16.7";"73";"0.174";"77";"256";"0.699"
"2022-07-22 11:40:11.646";"2022-07-22";"11:40:11";"F";"426";"87";"213";"90";"0.592";"22.4";"73";"0.202";"77";"256";"0.699"
"2022-07-22 11:40:41.936";"2022-07-22";"11:40:41";"F";"427";"88";"190";"125";"0.537";"28.2";"70";"0.347";"77";"256";"0.699"
"2022-07-22 11:41:12.235";"2022-07-22";"11:41:12";"F";"428";"89";"162";"190";"0.451";"36.0";"66";"0.580";"77";"256";"0.699"
"2022-07-22 11:41:42.531";"2022-07-22";"11:41:42";"F";"429";"91";"140";"285";"0.350";"41.9";"62";"0.829";"77";"256";"0.699"
"2022-07-22 11:42:12.824";"2022-07-22";"11:42:12";"F";"430";"93";"127";"420";"0.268";"47.3";"59";"1.016";"77";"256";"0.699"
"2022-07-22 11:42:43.118";"2022-07-22";"11:42:43";"F";"431";"99";"118";"625";"0.161";"42.3";"57";"1.169";"77";"256";"0.699"
"2022-07-22 11:43:13.414";"2022-07-22";"11:43:13";"F";"432";"100";"119";"820";"0.160";"55.1";"57";"1.151";"77";"256";"0.699"
"2022-07-22 11:43:16.376";"2022-07-22";"11:43:16";"SLCE";"";"Light Curve end ";""
